gw,player_id,minutes,goals_scored,assists,clean_sheets,goals_conceded,own_goals,penalties_saved,penalties_missed,yellow_cards,red_cards,saves,bonus,opta_index,total_points,played,in_dreamteam
1,1,0,0,0,0,0,0,0,0,0,0,0,0,0.000000,0,False,False
1,2,0,0,0,0,0,0,0,0,0,0,0,0,0.000000,0,False,False
1,3,0,0,0,0,0,0,0,0,0,0,0,0,0.000000,0,False,False
1,4,0,0,0,0,0,0,0,0,0,0,0,0,0.000000,0,False,False
1,5,0,0,0,0,0,0,0,0,0,0,0,0,0.000000,0,False,False
1,6,0,0,0,0,0,0,0,0,0,0,0,0,0.000000,0,False,False
1,7,0,0,0,0,0,0,0,0,0,0,0,0,0.000000,0,False,False
1,8,0,0,0,0,0,0,0,0,0,0,0,0,0.000000,0,False,False
1,9,0,0,0,0,0,0,0,0,0,0,0,0,0.000000,0,False,False
1,10,0,0,0,0,0,0,0,0,0,0,0,0,0.000000,0,False,False
1,11,0,0,0,0,0,0,0,0,0,0,0,0,0.000000,0,False,False
1,12,0,0,0,0,0,0,0,0,0,0,0,0,0.000000,0,False,False
1,13,0,0,0,0,0,0,0,0,0,0,0,0,0.000000,0,False,False
1,14,0,0,0,0,0,0,0,0,0,0,0,0,0.000000,0,False,False
1,15,0,0,0,0,0,0,0,0,0,0,0,0,0.000000,0,False,False
1,16,0,0,0,0,0,0,0,0,0,0,0,0,0.000000,0,False,False
1,17,0,0,0,0,0,0,0,0,0,0,0,0,0.000000,0,False,False
1,18,0,0,0,0,0,0,0,0,0,0,0,0,0.000000,0,False,False
1,19,0,0,0,0,0,0,0,0,0,0,0,0,0.000000,0,False,False
1,20,0,0,0,0,0,0,0,0,0,0,0,0,0.000000,0,False,False
1,21,0,0,0,0,0,0,0,0,0,0,0,0,0.000000,0,False,False
1,22,0,0,0,0,0,0,0,0,0,0,0,0,0.000000,0,False,False
1,23,0,0,0,0,0,0,0,0,0,0,0,0,0.000000,0,False,False
1,24,0,0,0,0,0,0,0,0,0,0,0,0,0.000000,0,False,False
1,25,0,0,0,0,0,0,0,0,0,0,0,0,0.000000,0,False,False
1,26,0,0,0,0,0,0,0,0,0,0,0,0,0.000000,0,False,False
1,27,0,0,0,0,0,0,0,0,0,0,0,0,0.000000,0,False,False
1,28,90,0,0,0,3,0,0,0,0,0,0,0,0.000000,1,True,False
1,29,90,1,0,0,3,0,0,0,0,0,0,0,0.000000,7,True,False
1,30,0,0,0,0,0,0,0,0,0,0,0,0,0.000000,0,False,False
1,31,70,1,0,0,1,0,0,0,0,0,0,1,0.000000,7,True,False
1,32,90,0,0,0,3,0,0,0,0,0,1,0,0.000000,1,True,False
1,33,0,0,0,0,0,0,0,0,0,0,0,0,0.000000,0,False,False
1,34,0,0,0,0,0,0,0,0,0,0,0,0,0.000000,0,False,False
1,35,0,0,0,0,0,0,0,0,0,0,0,0,0.000000,0,False,False
1,36,15,0,0,0,2,0,0,0,0,0,0,0,0.000000,1,True,False
1,37,90,0,0,0,3,0,0,0,0,0,0,0,0.000000,2,True,False
1,38,26,0,0,0,2,0,0,0,0,0,0,0,0.000000,1,True,False
1,39,90,0,0,0,3,0,0,0,0,0,0,0,0.000000,2,True,False
1,40,0,0,0,0,0,0,0,0,0,0,0,0,0.000000,0,False,False
1,41,0,0,0,0,0,0,0,0,0,0,0,0,0.000000,0,False,False
1,42,0,0,0,0,0,0,0,0,0,0,0,0,0.000000,0,False,False
1,43,0,0,0,0,0,0,0,0,0,0,0,0,0.000000,0,False,False
1,44,90,0,0,0,3,0,0,0,0,0,0,0,0.000000,1,True,False
1,45,90,0,1,0,3,0,0,0,0,0,0,0,0.000000,5,True,False
1,46,90,0,0,0,3,0,0,0,1,0,0,0,0.000000,1,True,False
1,47,0,0,0,0,0,0,0,0,0,0,0,0,0.000000,0,False,False
1,48,0,0,0,0,0,0,0,0,0,0,0,0,0.000000,0,False,False
1,49,90,0,0,0,3,0,0,0,0,0,0,0,0.000000,1,True,False
1,50,0,0,0,0,0,0,0,0,0,0,0,0,0.000000,0,False,False
1,51,81,0,1,0,1,0,0,0,1,0,0,0,0.000000,4,True,False
1,52,0,0,0,0,0,0,0,0,0,0,0,0,0.000000,0,False,False
1,53,0,0,0,0,0,0,0,0,0,0,0,0,0.000000,0,False,False
1,54,90,0,0,0,4,0,0,0,0,0,4,0,0.000000,1,True,False
1,55,0,0,0,0,0,0,0,0,0,0,0,0,0.000000,0,False,False
1,56,0,0,0,0,0,0,0,0,0,0,0,0,0.000000,0,False,False
1,57,0,0,0,0,0,0,0,0,0,0,0,0,0.000000,0,False,False
1,58,0,0,0,0,0,0,0,0,0,0,0,0,0.000000,0,False,False
1,59,90,0,0,0,4,0,0,0,0,0,0,0,0.000000,2,True,False
1,60,0,0,0,0,0,0,0,0,0,0,0,0,0.000000,0,False,False
1,61,0,0,0,0,0,0,0,0,0,0,0,0,0.000000,0,False,False
1,62,0,0,0,0,0,0,0,0,0,0,0,0,0.000000,0,False,False
1,63,56,0,0,0,1,0,0,0,0,0,0,0,0.000000,1,True,False
1,64,78,0,0,0,3,0,0,0,0,0,0,0,0.000000,2,True,False
1,65,78,0,0,0,3,0,0,0,0,0,0,0,0.000000,1,True,False
1,66,71,0,0,0,2,0,0,0,1,0,0,0,0.000000,0,True,False
1,67,36,0,0,0,3,0,0,0,0,0,0,0,0.000000,1,True,False
1,68,0,0,0,0,0,0,0,0,0,0,0,0,0.000000,0,False,False
1,69,21,0,0,0,2,0,0,0,0,0,0,0,0.000000,1,True,False
1,70,90,0,0,0,4,0,0,0,0,0,0,0,0.000000,0,True,False
1,71,90,0,0,0,4,0,0,0,0,0,0,0,0.000000,0,True,False
1,72,56,0,0,0,1,0,0,0,0,0,0,0,0.000000,1,True,False
1,73,14,0,0,0,1,0,0,0,0,0,0,0,0.000000,1,True,False
1,74,90,0,0,0,4,0,0,0,0,0,0,0,0.000000,0,True,False
1,75,90,0,0,0,4,0,0,0,0,0,0,0,0.000000,2,True,False
1,76,0,0,0,0,0,0,0,0,0,0,0,0,0.000000,0,False,False
1,77,14,0,0,0,1,0,0,0,0,0,0,0,0.000000,1,True,False
1,78,0,0,0,0,0,0,0,0,0,0,0,0,0.000000,0,False,False
1,79,90,0,0,0,1,0,0,0,0,0,0,1,0.000000,3,True,False
1,80,21,0,0,0,0,0,0,0,0,0,0,0,0.000000,1,True,False
1,81,90,0,0,0,1,0,0,0,0,0,0,0,0.000000,2,True,False
1,82,0,0,0,0,0,0,0,0,0,0,0,0,0.000000,0,False,False
1,83,0,0,0,0,0,0,0,0,0,0,0,0,0.000000,0,False,False
1,84,90,0,0,0,1,0,0,0,1,0,0,2,0.000000,3,True,False
1,85,35,0,0,0,0,0,0,0,0,0,0,0,0.000000,1,True,False
1,86,74,0,0,0,1,0,0,0,0,0,0,0,0.000000,2,True,False
1,87,60,0,0,0,1,0,0,0,0,0,0,0,0.000000,2,True,False
1,88,90,0,0,0,1,0,0,0,1,0,3,0,0.000000,2,True,False
1,89,0,0,0,0,0,0,0,0,0,0,0,0,0.000000,0,False,False
1,90,35,0,0,0,0,0,0,0,0,0,0,0,0.000000,1,True,False
1,91,0,0,0,0,0,0,0,0,0,0,0,0,0.000000,0,False,False
1,92,90,0,0,0,1,0,0,0,0,0,0,0,0.000000,2,True,False
1,93,21,0,0,0,0,0,0,0,0,0,0,0,0.000000,1,True,False
1,94,0,0,0,0,0,0,0,0,0,0,0,0,0.000000,0,False,False
1,95,0,0,0,0,0,0,0,0,0,0,0,0,0.000000,0,False,False
1,96,0,0,0,0,0,0,0,0,0,0,0,0,0.000000,0,False,False
1,97,0,0,0,0,0,0,0,0,0,0,0,0,0.000000,0,False,False
1,98,0,0,0,0,0,0,0,0,0,0,0,0,0.000000,0,False,False
1,99,0,0,0,0,0,0,0,0,0,0,0,0,0.000000,0,False,False
1,100,90,1,0,0,1,0,0,0,0,0,0,3,0.000000,9,True,True
1,101,0,0,0,0,0,0,0,0,0,0,0,0,0.000000,0,False,False
1,102,90,0,0,0,1,0,0,0,1,0,0,0,0.000000,1,True,False
1,103,74,0,0,0,1,0,0,0,0,0,0,0,0.000000,2,True,False
1,104,60,1,0,0,1,0,0,0,0,0,0,0,0.000000,7,True,False
1,105,0,0,0,0,0,0,0,0,0,0,0,0,0.000000,0,False,False
1,106,0,0,0,0,0,0,0,0,0,0,0,0,0.000000,0,False,False
1,107,0,0,0,0,0,0,0,0,0,0,0,0,0.000000,0,False,False
1,108,0,0,0,0,0,0,0,0,0,0,0,0,0.000000,0,False,False
1,109,90,0,0,1,0,0,0,0,0,0,0,0,0.000000,6,True,False
1,110,0,0,0,0,0,0,0,0,0,0,0,0,0.000000,0,False,False
1,111,29,0,0,0,0,0,0,0,0,0,0,0,0.000000,1,True,False
1,112,66,0,0,1,0,0,0,0,0,0,0,0,0.000000,6,True,False
1,113,0,0,0,0,0,0,0,0,0,0,0,0,0.000000,0,False,False
1,114,0,0,0,0,0,0,0,0,0,0,0,0,0.000000,0,False,False
1,115,0,0,0,0,0,0,0,0,0,0,0,0,0.000000,0,False,False
1,116,79,1,0,1,0,0,0,0,0,0,0,0,0.000000,8,True,False
1,117,90,0,0,1,0,0,0,0,0,0,0,0,0.000000,3,True,False
1,118,15,0,0,0,0,0,0,0,0,0,0,0,0.000000,1,True,False
1,119,0,0,0,0,0,0,0,0,0,0,0,0,0.000000,0,False,False
1,120,16,0,0,0,0,0,0,0,0,0,0,0,0.000000,1,True,False
1,121,0,0,0,0,0,0,0,0,0,0,0,0,0.000000,0,False,False
1,122,90,0,0,1,0,0,0,0,0,0,0,0,0.000000,6,True,False
1,123,0,0,0,0,0,0,0,0,0,0,0,0,0.000000,0,False,False
1,124,90,0,0,1,0,0,0,0,0,0,0,0,0.000000,6,True,False
1,125,0,0,0,0,0,0,0,0,0,0,0,0,0.000000,0,False,False
1,126,0,0,0,0,0,0,0,0,0,0,0,0,0.000000,0,False,False
1,127,90,0,1,1,0,0,0,0,0,0,0,1,0.000000,10,True,True
1,128,86,1,0,1,0,0,0,0,1,0,0,2,0.000000,9,True,False
1,129,78,0,1,1,0,0,0,0,0,0,0,3,0.000000,9,True,False
1,130,0,0,0,0,0,0,0,0,0,0,0,0,0.000000,0,False,False
1,131,90,0,0,1,0,0,0,0,0,0,2,0,0.000000,6,True,False
1,132,16,0,0,0,0,0,0,0,0,0,0,0,0.000000,1,True,False
1,133,8,0,0,0,0,0,0,0,0,0,0,0,0.000000,1,True,False
1,134,79,0,0,1,0,0,0,0,0,0,0,0,0.000000,3,True,False
1,135,78,0,0,0,2,0,0,0,0,0,0,0,0.000000,2,True,False
1,136,0,0,0,0,0,0,0,0,0,0,0,0,0.000000,0,False,False
1,137,0,0,0,0,0,0,0,0,0,0,0,0,0.000000,0,False,False
1,138,77,0,0,0,2,0,0,0,0,0,0,0,0.000000,1,True,False
1,139,90,0,0,0,2,0,0,0,0,0,0,0,0.000000,1,True,False
1,140,0,0,0,0,0,0,0,0,0,0,0,0,0.000000,0,False,False
1,141,0,0,0,0,0,0,0,0,0,0,0,0,0.000000,0,False,False
1,142,70,1,0,0,2,0,0,0,0,0,0,2,0.000000,8,True,False
1,143,0,0,0,0,0,0,0,0,0,0,0,0,0.000000,0,False,False
1,144,90,0,0,0,2,0,0,0,1,0,4,0,0.000000,1,True,False
1,145,90,0,0,0,2,0,0,0,0,0,0,0,0.000000,1,True,False
1,146,90,0,0,0,2,0,0,0,1,0,0,0,0.000000,1,True,False
1,147,19,0,0,0,0,0,0,0,0,0,0,0,0.000000,1,True,False
1,148,0,0,0,0,0,0,0,0,0,0,0,0,0.000000,0,False,False
1,149,0,0,0,0,0,0,0,0,0,0,0,0,0.000000,0,False,False
1,150,90,0,0,0,2,0,0,0,0,0,0,0,0.000000,2,True,False
1,151,0,0,0,0,0,0,0,0,0,0,0,0,0.000000,0,False,False
1,152,0,0,0,0,0,0,0,0,0,0,0,0,0.000000,0,False,False
1,153,19,0,0,0,0,0,0,0,0,0,0,0,0.000000,1,True,False
1,154,90,0,0,0,2,0,0,0,0,0,0,0,0.000000,1,True,False
1,155,90,0,1,0,2,0,0,0,1,0,0,0,0.000000,4,True,False
1,156,31,0,0,0,0,0,0,0,0,0,0,0,0.000000,1,True,False
1,157,0,0,0,0,0,0,0,0,0,0,0,0,0.000000,0,False,False
1,158,66,0,0,0,2,0,0,0,0,0,0,0,0.000000,1,True,False
1,159,0,0,0,0,0,0,0,0,0,0,0,0,0.000000,0,False,False
1,160,90,0,0,0,1,0,0,0,0,0,6,1,0.000000,5,True,False
1,161,0,0,0,0,0,0,0,0,0,0,0,0,0.000000,0,False,False
1,162,90,0,0,0,1,0,0,0,0,0,0,0,0.000000,2,True,False
1,163,90,0,0,0,1,0,0,0,0,0,0,0,0.000000,2,True,False
1,164,80,0,0,0,1,0,0,0,0,0,0,0,0.000000,2,True,False
1,165,90,0,0,0,1,0,0,0,0,0,0,0,0.000000,2,True,False
1,166,0,0,0,0,0,0,0,0,0,0,0,0,0.000000,0,False,False
1,167,0,0,0,0,0,0,0,0,0,0,0,0,0.000000,0,False,False
1,168,0,0,0,0,0,0,0,0,0,0,0,0,0.000000,0,False,False
1,169,0,0,0,0,0,0,0,0,0,0,0,0,0.000000,0,False,False
1,170,90,0,0,0,1,0,0,0,0,0,0,0,0.000000,2,True,False
1,171,74,0,1,0,1,0,0,0,0,0,0,0,0.000000,5,True,False
1,172,90,0,0,0,1,0,0,0,0,0,0,0,0.000000,2,True,False
1,173,0,0,0,0,0,0,0,0,0,0,0,0,0.000000,0,False,False
1,174,6,0,0,0,0,0,0,0,0,0,0,0,0.000000,1,True,False
1,175,0,0,0,0,0,0,0,0,0,0,0,0,0.000000,0,False,False
1,176,90,0,1,0,1,0,0,0,0,0,0,2,0.000000,7,True,False
1,177,0,0,0,0,0,0,0,0,0,0,0,0,0.000000,0,False,False
1,178,0,0,0,0,0,0,0,0,0,0,0,0,0.000000,0,False,False
1,179,74,1,0,0,1,0,0,0,1,0,0,0,0.000000,6,True,False
1,180,22,0,0,0,0,0,0,0,0,0,0,0,0.000000,1,True,False
1,181,22,0,0,0,0,0,0,0,0,0,0,0,0.000000,1,True,False
1,182,6,0,0,0,0,0,0,0,0,0,0,0,0.000000,1,True,False
1,183,90,2,0,0,1,0,0,1,0,0,0,3,0.000000,11,True,True
1,184,0,0,0,0,0,0,0,0,0,0,0,0,0.000000,0,False,False
1,185,0,0,0,0,0,0,0,0,0,0,0,0,0.000000,0,False,False
1,186,1,0,0,0,0,0,0,0,0,0,0,0,0.000000,1,True,False
1,187,4,0,0,0,0,0,0,0,0,0,0,0,0.000000,1,True,False
1,188,0,0,0,0,0,0,0,0,0,0,0,0,0.000000,0,False,False
1,189,0,0,0,0,0,0,0,0,0,0,0,0,0.000000,0,False,False
1,190,90,0,1,1,0,0,0,0,0,0,0,0,0.000000,9,True,True
1,191,45,0,0,0,0,0,0,0,0,0,0,0,0.000000,1,True,False
1,192,0,0,0,0,0,0,0,0,0,0,0,0,0.000000,0,False,False
1,193,90,1,0,1,0,0,0,0,0,0,0,3,0.000000,11,True,True
1,194,0,0,0,0,0,0,0,0,0,0,0,0,0.000000,0,False,False
1,195,90,0,0,1,0,0,0,0,0,0,0,0,0.000000,3,True,False
1,196,0,0,0,0,0,0,0,0,0,0,0,0,0.000000,0,False,False
1,197,75,1,0,1,0,0,0,0,1,0,0,2,0.000000,9,True,False
1,198,0,0,0,0,0,0,0,0,0,0,0,0,0.000000,0,False,False
1,199,90,0,0,1,0,0,0,0,0,0,0,1,0.000000,7,True,False
1,200,45,0,1,0,0,0,0,0,0,0,0,0,0.000000,4,True,False
1,201,90,0,0,1,0,0,0,0,0,0,0,0,0.000000,6,True,False
1,202,0,0,0,0,0,0,0,0,0,0,0,0,0.000000,0,False,False
1,203,90,0,0,1,0,0,0,0,0,0,0,0,0.000000,3,True,False
1,204,0,0,0,0,0,0,0,0,0,0,0,0,0.000000,0,False,False
1,205,90,0,0,1,0,0,0,0,0,0,1,0,0.000000,6,True,False
1,206,19,0,0,0,0,0,0,0,0,0,0,0,0.000000,1,True,False
1,207,0,0,0,0,0,0,0,0,0,0,0,0,0.000000,0,False,False
1,208,90,0,0,1,0,0,0,0,0,0,0,0,0.000000,6,True,False
1,209,0,0,0,0,0,0,0,0,0,0,0,0,0.000000,0,False,False
1,210,76,0,0,0,2,0,0,0,0,0,0,0,0.000000,1,True,False
1,211,90,0,0,0,2,0,0,0,0,0,0,0,0.000000,1,True,False
1,212,0,0,0,0,0,0,0,0,0,0,0,0,0.000000,0,False,False
1,213,0,0,0,0,0,0,0,0,0,0,0,0,0.000000,0,False,False
1,214,35,0,0,0,0,0,0,0,0,0,0,0,0.000000,1,True,False
1,215,0,0,0,0,0,0,0,0,0,0,0,0,0.000000,0,False,False
1,216,90,0,0,0,2,0,0,0,0,0,0,0,0.000000,1,True,False
1,217,17,0,0,0,0,0,0,0,0,0,0,0,0.000000,1,True,False
1,218,90,0,0,0,2,0,0,0,0,0,0,0,0.000000,2,True,False
1,219,0,0,0,0,0,0,0,0,0,0,0,0,0.000000,0,False,False
1,220,18,0,0,0,0,0,0,0,0,0,0,0,0.000000,1,True,False
1,221,90,0,0,0,2,0,0,0,0,0,0,0,0.000000,2,True,False
1,222,0,0,0,0,0,0,0,0,0,0,0,0,0.000000,0,False,False
1,223,0,0,0,0,0,0,0,0,0,0,0,0,0.000000,0,False,False
1,224,0,0,0,0,0,0,0,0,0,0,0,0,0.000000,0,False,False
1,225,0,0,0,0,0,0,0,0,0,0,0,0,0.000000,0,False,False
1,226,0,0,0,0,0,0,0,0,0,0,0,0,0.000000,0,False,False
1,227,0,0,0,0,0,0,0,0,0,0,0,0,0.000000,0,False,False
1,228,90,0,0,0,2,0,0,0,1,0,0,0,0.000000,0,True,False
1,229,59,0,0,0,2,0,0,0,1,0,0,0,0.000000,0,True,False
1,230,0,0,0,0,0,0,0,0,0,0,0,0,0.000000,0,False,False
1,231,0,0,0,0,0,0,0,0,0,0,0,0,0.000000,0,False,False
1,232,90,0,0,0,2,0,0,0,0,0,2,0,0.000000,1,True,False
1,233,0,0,0,0,0,0,0,0,0,0,0,0,0.000000,0,False,False
1,234,0,0,0,0,0,0,0,0,0,0,0,0,0.000000,0,False,False
1,235,76,0,0,0,2,0,0,0,1,0,0,0,0.000000,0,True,False
1,236,90,0,0,0,2,0,0,0,0,0,0,0,0.000000,2,True,False
1,237,90,0,0,0,2,0,0,0,1,0,0,0,0.000000,1,True,False
1,238,19,0,0,0,0,0,0,0,0,0,0,0,0.000000,1,True,False
1,239,23,0,0,0,0,0,0,0,0,0,0,0,0.000000,1,True,False
1,240,0,0,0,0,0,0,0,0,0,0,0,0,0.000000,0,False,False
1,241,11,0,0,0,0,0,0,0,0,0,0,0,0.000000,1,True,False
1,242,90,0,0,0,1,0,0,0,0,0,0,0,0.000000,2,True,False
1,243,90,0,0,0,1,0,0,0,0,0,0,0,0.000000,2,True,False
1,244,90,0,0,0,1,0,0,0,0,0,0,0,0.000000,2,True,False
1,245,0,0,0,0,0,0,0,0,0,0,0,0,0.000000,0,False,False
1,246,90,0,0,0,1,0,0,0,0,0,4,0,0.000000,3,True,False
1,247,73,0,0,0,1,0,0,0,0,0,0,0,0.000000,2,True,False
1,248,22,0,0,0,0,0,0,0,0,0,0,0,0.000000,1,True,False
1,249,11,0,0,0,0,0,0,0,0,0,0,0,0.000000,1,True,False
1,250,0,0,0,0,0,0,0,0,0,0,0,0,0.000000,0,False,False
1,251,90,0,0,0,1,0,0,0,0,0,0,0,0.000000,2,True,False
1,252,90,0,0,0,1,0,0,0,0,0,0,0,0.000000,2,True,False
1,253,0,0,0,0,0,0,0,0,0,0,0,0,0.000000,0,False,False
1,254,84,0,0,0,1,0,0,0,0,0,0,0,0.000000,2,True,False
1,255,0,0,0,0,0,0,0,0,0,0,0,0,0.000000,0,False,False
1,256,73,0,0,0,1,0,0,0,0,0,0,0,0.000000,2,True,False
1,257,0,0,0,0,0,0,0,0,0,0,0,0,0.000000,0,False,False
1,258,84,0,0,0,1,0,0,1,0,0,0,0,0.000000,0,True,False
1,259,90,0,0,0,1,0,0,0,1,0,0,0,0.000000,1,True,False
1,260,0,0,0,0,0,0,0,0,0,0,0,0,0.000000,0,False,False
1,261,0,0,0,0,0,0,0,0,0,0,0,0,0.000000,0,False,False
1,262,0,0,0,0,0,0,0,0,0,0,0,0,0.000000,0,False,False
1,263,0,0,0,0,0,0,0,0,0,0,0,0,0.000000,0,False,False
1,264,0,0,0,0,0,0,0,0,0,0,0,0,0.000000,0,False,False
1,265,0,0,0,0,0,0,0,0,0,0,0,0,0.000000,0,False,False
1,266,0,0,0,0,0,0,0,0,0,0,0,0,0.000000,0,False,False
1,267,0,0,0,0,0,0,0,0,0,0,0,0,0.000000,0,False,False
1,268,0,0,0,0,0,0,0,0,0,0,0,0,0.000000,0,False,False
1,269,0,0,0,0,0,0,0,0,0,0,0,0,0.000000,0,False,False
1,270,0,0,0,0,0,0,0,0,0,0,0,0,0.000000,0,False,False
1,271,0,0,0,0,0,0,0,0,0,0,0,0,0.000000,0,False,False
1,272,0,0,0,0,0,0,0,0,0,0,0,0,0.000000,0,False,False
1,273,0,0,0,0,0,0,0,0,0,0,0,0,0.000000,0,False,False
1,274,0,0,0,0,0,0,0,0,0,0,0,0,0.000000,0,False,False
1,275,0,0,0,0,0,0,0,0,0,0,0,0,0.000000,0,False,False
1,276,0,0,0,0,0,0,0,0,0,0,0,0,0.000000,0,False,False
1,277,0,0,0,0,0,0,0,0,0,0,0,0,0.000000,0,False,False
1,278,0,0,0,0,0,0,0,0,0,0,0,0,0.000000,0,False,False
1,279,0,0,0,0,0,0,0,0,0,0,0,0,0.000000,0,False,False
1,280,0,0,0,0,0,0,0,0,0,0,0,0,0.000000,0,False,False
1,281,0,0,0,0,0,0,0,0,0,0,0,0,0.000000,0,False,False
1,282,0,0,0,0,0,0,0,0,0,0,0,0,0.000000,0,False,False
1,283,0,0,0,0,0,0,0,0,0,0,0,0,0.000000,0,False,False
1,284,0,0,0,0,0,0,0,0,0,0,0,0,0.000000,0,False,False
1,285,0,0,0,0,0,0,0,0,0,0,0,0,0.000000,0,False,False
1,286,0,0,0,0,0,0,0,0,0,0,0,0,0.000000,0,False,False
1,287,0,0,0,0,0,0,0,0,0,0,0,0,0.000000,0,False,False
1,288,0,0,0,0,0,0,0,0,0,0,0,0,0.000000,0,False,False
1,289,0,0,0,0,0,0,0,0,0,0,0,0,0.000000,0,False,False
1,290,90,0,0,0,2,0,0,0,0,0,4,0,0.000000,2,True,False
1,291,0,0,0,0,0,0,0,0,0,0,0,0,0.000000,0,False,False
1,292,0,0,0,0,0,0,0,0,0,0,0,0,0.000000,0,False,False
1,293,0,0,0,0,0,0,0,0,0,0,0,0,0.000000,0,False,False
1,294,0,0,0,0,0,0,0,0,0,0,0,0,0.000000,0,False,False
1,295,90,0,0,0,2,0,0,0,1,0,0,0,0.000000,0,True,False
1,296,0,0,0,0,0,0,0,0,0,0,0,0,0.000000,0,False,False
1,297,90,0,0,0,2,0,0,0,0,0,0,0,0.000000,1,True,False
1,298,0,0,0,0,0,0,0,0,0,0,0,0,0.000000,0,False,False
1,299,43,0,0,0,0,0,0,0,1,0,0,0,0.000000,0,True,False
1,300,48,0,0,0,2,0,0,0,0,0,0,0,0.000000,1,True,False
1,301,90,0,0,0,2,0,0,0,0,0,0,0,0.000000,2,True,False
1,302,0,0,0,0,0,0,0,0,0,0,0,0,0.000000,0,False,False
1,303,26,0,0,0,1,0,0,0,0,0,0,0,0.000000,1,True,False
1,304,68,0,0,0,1,0,0,0,0,0,0,0,0.000000,2,True,False
1,305,0,0,0,0,0,0,0,0,0,0,0,0,0.000000,0,False,False
1,306,26,0,0,0,1,0,0,0,0,0,0,0,0.000000,1,True,False
1,307,0,0,0,0,0,0,0,0,0,0,0,0,0.000000,0,False,False
1,308,0,0,0,0,0,0,0,0,0,0,0,0,0.000000,0,False,False
1,309,68,0,0,0,1,0,0,0,0,0,0,0,0.000000,2,True,False
1,310,0,0,0,0,0,0,0,0,0,0,0,0,0.000000,0,False,False
1,311,9,0,0,0,0,0,0,0,0,0,0,0,0.000000,1,True,False
1,312,85,0,0,0,2,0,0,0,0,0,0,0,0.000000,2,True,False
1,313,90,0,0,0,2,0,0,0,0,0,0,0,0.000000,2,True,False
1,314,90,0,0,0,2,0,0,0,0,0,0,0,0.000000,2,True,False
1,315,90,0,0,0,2,0,0,0,0,0,0,0,0.000000,1,True,False
1,316,0,0,0,0,0,0,0,0,0,0,0,0,0.000000,0,False,False
1,317,11,0,0,0,0,0,0,0,0,0,0,0,0.000000,1,True,False
1,318,86,0,0,1,0,0,0,0,0,0,0,0,0.000000,6,True,False
1,319,90,0,1,1,0,0,0,0,0,0,0,1,0.000000,10,True,True
1,320,90,0,0,1,0,0,0,0,0,0,0,0,0.000000,6,True,False
1,321,90,0,0,1,0,0,0,0,0,0,0,0,0.000000,6,True,False
1,322,90,0,0,1,0,0,0,0,0,0,1,0,0.000000,6,True,False
1,323,86,0,1,1,0,0,0,0,0,0,0,0,0.000000,6,True,False
1,324,90,3,0,1,0,0,0,0,0,0,0,3,0.000000,21,True,True
1,325,90,0,2,1,0,0,0,0,0,0,0,2,0.000000,11,True,True
1,326,24,0,0,0,0,0,0,0,0,0,0,0,0.000000,1,True,False
1,327,0,0,0,0,0,0,0,0,0,0,0,0,0.000000,0,False,False
1,328,0,0,0,0,0,0,0,0,0,0,0,0,0.000000,0,False,False
1,329,6,0,0,0,0,0,0,0,0,0,0,0,0.000000,1,True,False
1,330,81,0,0,1,0,0,0,0,0,0,0,0,0.000000,6,True,False
1,331,68,0,0,1,0,0,0,0,0,0,0,0,0.000000,3,True,False
1,332,6,0,0,0,0,0,0,0,0,0,0,0,0.000000,1,True,False
1,333,0,0,0,0,0,0,0,0,0,0,0,0,0.000000,0,False,False
1,334,0,0,0,0,0,0,0,0,0,0,0,0,0.000000,0,False,False
1,335,24,0,0,0,0,0,0,0,0,0,0,0,0.000000,1,True,False
1,336,68,1,0,1,0,0,0,0,0,0,0,0,0.000000,8,True,False
1,337,0,0,0,0,0,0,0,0,0,0,0,0,0.000000,0,False,False
1,338,0,0,0,0,0,0,0,0,0,0,0,0,0.000000,0,False,False
1,339,90,0,0,0,2,0,0,0,0,0,0,0,0.000000,1,True,False
1,340,0,0,0,0,0,0,0,0,0,0,0,0,0.000000,0,False,False
1,341,45,0,0,0,0,0,0,0,0,0,0,0,0.000000,1,True,False
1,342,0,0,0,0,0,0,0,0,0,0,0,0,0.000000,0,False,False
1,343,27,0,0,0,0,0,0,0,0,0,0,0,0.000000,1,True,False
1,344,90,0,0,0,2,0,0,0,0,0,0,0,0.000000,1,True,False
1,345,39,0,0,0,0,0,0,0,0,0,0,0,0.000000,1,True,False
1,346,68,0,0,0,2,0,0,0,0,0,0,0,0.000000,1,True,False
1,347,0,0,0,0,0,0,0,0,0,0,0,0,0.000000,0,False,False
1,348,45,1,0,0,2,0,0,0,1,0,0,0,0.000000,5,True,False
1,349,0,0,0,0,0,0,0,0,0,0,0,0,0.000000,0,False,False
1,350,0,0,0,0,0,0,0,0,0,0,0,0,0.000000,0,False,False
1,351,68,0,0,0,2,0,0,0,0,0,0,0,0.000000,2,True,False
1,352,0,0,0,0,0,0,0,0,0,0,0,0,0.000000,0,False,False
1,353,90,0,0,0,2,0,0,0,0,0,2,0,0.000000,1,True,False
1,354,0,0,0,0,0,0,0,0,0,0,0,0,0.000000,0,False,False
1,355,90,0,0,0,2,0,0,0,0,0,0,0,0.000000,2,True,False
1,356,0,0,0,0,0,0,0,0,0,0,0,0,0.000000,0,False,False
1,357,56,0,0,0,2,0,0,0,0,0,0,0,0.000000,1,True,False
1,358,57,0,0,0,2,0,0,0,0,0,0,0,0.000000,1,True,False
1,359,38,0,0,0,0,0,0,0,1,0,0,0,0.000000,0,True,False
1,360,90,0,1,0,2,0,0,0,0,0,0,0,0.000000,5,True,False
1,361,27,0,0,0,0,0,0,0,0,0,0,0,0.000000,1,True,False
1,362,0,0,0,0,0,0,0,0,0,0,0,0,0.000000,0,False,False
1,363,90,0,0,0,2,0,0,0,0,0,0,0,0.000000,2,True,False
1,364,32,0,0,0,0,0,0,0,0,0,0,0,0.000000,1,True,False
1,365,0,0,0,0,0,0,0,0,0,0,0,0,0.000000,0,False,False
1,366,90,0,0,1,0,0,0,0,0,0,0,0,0.000000,6,True,False
1,367,0,0,0,0,0,0,0,0,0,0,0,0,0.000000,0,False,False
1,368,0,0,0,0,0,0,0,0,0,0,0,0,0.000000,0,False,False
1,369,90,0,0,1,0,0,0,0,0,0,0,1,0.000000,4,True,False
1,370,0,0,0,0,0,0,0,0,0,0,0,0,0.000000,0,False,False
1,371,85,0,0,1,0,0,0,0,0,0,0,0,0.000000,3,True,False
1,372,10,0,0,0,0,0,0,0,0,0,0,0,0.000000,1,True,False
1,373,85,1,0,1,0,0,0,0,0,0,0,2,0.000000,10,True,True
1,374,0,0,0,0,0,0,0,0,0,0,0,0,0.000000,0,False,False
1,375,0,0,0,0,0,0,0,0,0,0,0,0,0.000000,0,False,False
1,376,90,0,0,1,0,0,0,0,0,0,0,0,0.000000,3,True,False
1,377,32,0,0,0,0,0,0,0,0,0,0,0,0.000000,1,True,False
1,378,63,0,0,1,0,0,0,0,0,0,0,0,0.000000,3,True,False
1,379,0,0,0,0,0,0,0,0,0,0,0,0,0.000000,0,False,False
1,380,63,0,0,1,0,0,0,0,0,0,0,0,0.000000,6,True,False
1,381,0,0,0,0,0,0,0,0,0,0,0,0,0.000000,0,False,False
1,382,69,0,0,1,0,0,0,0,0,0,0,0,0.000000,2,True,False
1,383,90,0,0,1,0,0,1,0,0,0,4,3,0.000000,15,True,True
1,384,27,2,0,0,0,0,0,0,1,0,0,3,0.000000,13,True,True
1,385,90,0,0,1,0,0,0,0,0,0,0,0,0.000000,6,True,False
1,386,90,0,0,1,0,0,0,0,0,0,0,0,0.000000,6,True,False
1,387,26,0,0,0,0,0,0,0,0,0,0,0,0.000000,1,True,False
1,388,0,0,0,0,0,0,0,0,0,0,0,0,0.000000,0,False,False
1,389,0,0,0,0,0,0,0,0,0,0,0,0,0.000000,0,False,False
1,390,0,0,0,0,0,0,0,0,0,0,0,0,0.000000,0,False,False
1,391,11,0,0,0,0,0,0,0,0,0,0,0,0.000000,1,True,False
1,392,90,0,0,0,3,0,1,0,0,0,3,0,0.000000,7,True,False
1,393,0,0,0,0,0,0,0,0,0,0,0,0,0.000000,0,False,False
1,394,90,0,0,0,3,0,0,0,1,0,0,0,0.000000,0,True,False
1,395,36,0,0,0,1,0,0,0,0,0,0,0,0.000000,1,True,False
1,396,0,0,0,0,0,0,0,0,0,0,0,0,0.000000,0,False,False
1,397,90,0,0,0,3,0,0,0,0,0,0,0,0.000000,1,True,False
1,398,0,0,0,0,0,0,0,0,0,0,0,0,0.000000,0,False,False
1,399,0,0,0,0,0,0,0,0,0,0,0,0,0.000000,0,False,False
1,400,90,0,0,0,3,0,0,0,0,0,0,0,0.000000,1,True,False
1,401,79,0,0,0,3,0,0,0,0,0,0,0,0.000000,2,True,False
1,402,71,0,0,0,2,0,0,0,0,0,0,0,0.000000,2,True,False
1,403,25,0,0,0,1,0,0,0,0,0,0,0,0.000000,1,True,False
1,404,0,0,0,0,0,0,0,0,0,0,0,0,0.000000,0,False,False
1,405,90,0,0,0,3,0,0,0,0,0,0,0,0.000000,2,True,False
1,406,0,0,0,0,0,0,0,0,0,0,0,0,0.000000,0,False,False
1,407,0,0,0,0,0,0,0,0,0,0,0,0,0.000000,0,False,False
1,408,90,0,0,0,3,0,0,0,0,0,0,0,0.000000,1,True,False
1,409,60,0,1,0,2,0,0,0,0,0,0,0,0.000000,4,True,False
1,410,17,0,0,0,0,0,0,0,0,0,0,0,0.000000,1,True,False
1,411,60,0,0,0,2,0,0,0,0,0,0,0,0.000000,2,True,False
1,412,0,0,0,0,0,0,0,0,0,0,0,0,0.000000,0,False,False
1,413,17,0,0,0,0,0,0,0,0,0,0,0,0.000000,1,True,False
1,414,79,1,0,0,3,0,0,0,0,0,0,0,0.000000,6,True,False
1,415,0,0,0,0,0,0,0,0,0,0,0,0,0.000000,0,False,False
1,416,0,0,0,0,0,0,0,0,0,0,0,0,0.000000,0,False,False
1,417,4,0,0,0,0,0,0,0,0,0,0,0,0.000000,1,True,False
1,418,36,0,0,0,3,0,0,0,0,0,0,0,0.000000,1,True,False
1,419,36,0,0,0,1,0,0,0,0,0,0,0,0.000000,1,True,False
1,420,75,0,0,1,0,0,0,0,0,0,0,0,0.000000,3,True,False
1,421,0,0,0,0,0,0,0,0,0,0,0,0,0.000000,0,False,False
1,422,0,0,0,0,0,0,0,0,0,0,0,0,0.000000,0,False,False
1,423,4,0,0,0,0,0,0,0,0,0,0,0,0.000000,1,True,False
1,424,0,0,0,0,0,0,0,0,0,0,0,0,0.000000,0,False,False
1,425,19,0,0,0,0,0,0,0,0,0,0,0,0.000000,1,True,False
10,1,67,0,0,1,0,0,0,0,0,0,0,0,0.000000,6,True,False
10,2,90,0,0,0,1,0,0,0,0,0,0,0,0.000000,2,True,False
10,3,0,0,0,0,0,0,0,0,0,0,0,0,0.000000,0,False,False
10,4,0,0,0,0,0,0,0,0,0,0,0,0,0.000000,0,False,False
10,5,90,0,1,0,1,0,0,0,0,0,0,1,0.000000,6,True,False
10,6,0,0,0,0,0,0,0,0,0,0,0,0,0.000000,0,False,False
10,7,15,0,0,0,1,0,0,0,0,0,0,0,0.000000,1,True,False
10,8,74,0,1,1,0,0,0,0,0,0,0,0,0.000000,5,True,False
10,9,0,0,0,0,0,0,0,0,0,0,0,0,0.000000,0,False,False
10,10,90,0,0,0,1,0,0,0,0,0,0,0,0.000000,2,True,False
10,11,0,0,0,0,0,0,0,0,0,0,0,0,0.000000,0,False,False
10,12,34,0,0,0,1,1,0,0,0,0,0,0,0.000000,-1,True,False
10,13,22,0,0,0,1,0,0,0,0,0,0,0,0.000000,1,True,False
10,14,90,0,0,0,1,0,0,0,0,0,0,2,0.000000,4,True,False
10,15,74,1,0,1,0,0,0,0,0,0,0,0,0.000000,8,True,False
10,16,55,0,1,0,0,0,0,0,0,0,0,0,0.000000,4,True,False
10,17,90,2,0,0,1,0,0,0,0,0,0,3,0.000000,15,True,True
10,18,67,0,0,1,0,0,0,0,0,0,0,0,0.000000,3,True,False
10,19,22,0,0,0,1,0,0,0,0,0,0,0,0.000000,1,True,False
10,20,0,0,0,0,0,0,0,0,0,0,0,0,0.000000,0,False,False
10,21,90,0,0,0,1,0,0,0,0,0,0,0,0.000000,2,True,False
10,22,0,0,0,0,0,0,0,0,0,0,0,0,0.000000,0,False,False
10,23,0,0,0,0,0,0,0,0,0,0,0,0,0.000000,0,False,False
10,24,0,0,0,0,0,0,0,0,0,0,0,0,0.000000,0,False,False
10,25,0,0,0,0,0,0,0,0,0,0,0,0,0.000000,0,False,False
10,26,0,0,0,0,0,0,0,0,0,0,0,0,0.000000,0,False,False
10,27,32,0,0,0,0,0,0,0,0,0,0,0,0.000000,1,True,False
10,28,90,0,0,0,3,0,0,0,0,0,0,0,0.000000,1,True,False
10,29,90,0,1,0,3,0,0,0,0,0,0,0,0.000000,4,True,False
10,30,0,0,0,0,0,0,0,0,0,0,0,0,0.000000,0,False,False
10,31,15,0,0,0,0,0,0,0,0,0,0,0,0.000000,1,True,False
10,32,0,0,0,0,0,0,0,0,0,0,0,0,0.000000,0,False,False
10,33,90,0,0,0,3,0,0,0,0,0,4,0,0.000000,2,True,False
10,34,0,0,0,0,0,0,0,0,0,0,0,0,0.000000,0,False,False
10,35,0,0,0,0,0,0,0,0,0,0,0,0,0.000000,0,False,False
10,36,32,0,0,0,0,0,0,0,0,0,0,0,0.000000,1,True,False
10,37,90,0,0,0,3,0,0,0,0,0,0,0,0.000000,2,True,False
10,38,57,0,0,0,3,0,0,0,0,0,0,0,0.000000,1,True,False
10,39,0,0,0,0,0,0,0,0,0,0,0,0,0.000000,0,False,False
10,40,0,0,0,0,0,0,0,0,0,0,0,0,0.000000,0,False,False
10,41,0,0,0,0,0,0,0,0,0,0,0,0,0.000000,0,False,False
10,42,0,0,0,0,0,0,0,0,0,0,0,0,0.000000,0,False,False
10,43,0,0,0,0,0,0,0,0,0,0,0,0,0.000000,0,False,False
10,44,0,0,0,0,0,0,0,0,0,0,0,0,0.000000,0,False,False
10,45,90,0,0,0,3,0,0,0,0,0,0,0,0.000000,2,True,False
10,46,0,0,0,0,0,0,0,0,0,0,0,0,0.000000,0,False,False
10,47,0,0,0,0,0,0,0,0,0,0,0,0,0.000000,0,False,False
10,48,90,0,0,0,3,0,0,0,0,0,0,0,0.000000,1,True,False
10,49,0,0,0,0,0,0,0,0,0,0,0,0,0.000000,0,False,False
10,50,85,0,0,0,3,0,0,0,0,0,0,0,0.000000,2,True,False
10,51,57,0,0,0,3,0,0,0,0,0,0,0,0.000000,1,True,False
10,52,74,0,0,0,3,0,0,0,0,0,0,0,0.000000,2,True,False
10,53,4,0,0,0,0,0,0,0,0,0,0,0,0.000000,1,True,False
10,54,90,0,0,0,1,0,0,0,0,0,1,0,0.000000,2,True,False
10,55,90,0,0,0,1,0,0,0,0,0,0,0,0.000000,2,True,False
10,56,0,0,0,0,0,0,0,0,0,0,0,0,0.000000,0,False,False
10,57,0,0,0,0,0,0,0,0,0,0,0,0,0.000000,0,False,False
10,58,87,0,0,0,1,0,0,0,0,0,0,0,0.000000,2,True,False
10,59,90,0,0,0,1,0,0,0,0,0,0,0,0.000000,2,True,False
10,60,0,0,0,0,0,0,0,0,0,0,0,0,0.000000,0,False,False
10,61,0,0,0,0,0,0,0,0,0,0,0,0,0.000000,0,False,False
10,62,20,1,0,0,0,0,0,0,0,0,0,0,0.000000,6,True,False
10,63,90,0,0,0,1,0,0,0,0,0,0,0,0.000000,2,True,False
10,64,90,0,0,0,1,0,0,0,0,0,0,2,0.000000,4,True,False
10,65,77,0,0,0,1,0,0,0,0,0,0,0,0.000000,2,True,False
10,66,90,0,0,0,1,0,0,0,0,0,0,0,0.000000,2,True,False
10,67,0,0,0,0,0,0,0,0,0,0,0,0,0.000000,0,False,False
10,68,0,0,0,0,0,0,0,0,0,0,0,0,0.000000,0,False,False
10,69,2,0,0,0,0,0,0,0,1,0,0,0,0.000000,0,True,False
10,70,0,0,0,0,0,0,0,0,0,0,0,0,0.000000,0,False,False
10,71,12,0,0,0,0,0,0,0,1,0,0,0,0.000000,0,True,False
10,72,69,0,0,0,1,0,0,0,0,0,0,0,0.000000,2,True,False
10,73,0,0,0,0,0,0,0,0,0,0,0,0,0.000000,0,False,False
10,74,90,0,1,0,1,0,0,0,1,0,0,0,0.000000,4,True,False
10,75,77,0,0,0,1,0,0,0,0,0,0,0,0.000000,2,True,False
10,76,0,0,0,0,0,0,0,0,0,0,0,0,0.000000,0,False,False
10,77,12,0,0,0,0,0,0,0,0,0,0,0,0.000000,1,True,False
10,78,0,0,0,0,0,0,0,0,0,0,0,0,0.000000,0,False,False
10,79,0,0,0,0,0,0,0,0,0,0,0,0,0.000000,0,False,False
10,80,90,0,0,1,0,0,0,0,0,0,0,0,0.000000,6,True,False
10,81,0,0,0,0,0,0,0,0,0,0,0,0,0.000000,0,False,False
10,82,0,0,0,0,0,0,0,0,0,0,0,0,0.000000,0,False,False
10,83,0,0,0,0,0,0,0,0,0,0,0,0,0.000000,0,False,False
10,84,78,0,0,1,0,0,0,0,0,0,0,2,0.000000,8,True,False
10,85,11,0,0,0,0,0,0,0,0,0,0,0,0.000000,1,True,False
10,86,4,0,0,0,0,0,0,0,0,0,0,0,0.000000,1,True,False
10,87,11,0,0,0,0,0,0,0,0,0,0,0,0.000000,1,True,False
10,88,90,0,0,1,0,0,0,0,0,0,4,0,0.000000,7,True,True
10,89,0,0,0,0,0,0,0,0,0,0,0,0,0.000000,0,False,False
10,90,21,0,0,0,0,0,0,0,0,0,0,0,0.000000,1,True,False
10,91,21,0,0,0,0,0,0,0,0,0,0,0,0.000000,1,True,False
10,92,90,2,0,1,0,0,0,0,0,0,0,3,0.000000,16,True,True
10,93,0,0,0,0,0,0,0,0,0,0,0,0,0.000000,0,False,False
10,94,0,0,0,0,0,0,0,0,0,0,0,0,0.000000,0,False,False
10,95,0,0,0,0,0,0,0,0,0,0,0,0,0.000000,0,False,False
10,96,0,0,0,0,0,0,0,0,0,0,0,0,0.000000,0,False,False
10,97,90,0,0,1,0,0,0,0,0,0,0,1,0.000000,7,True,False
10,98,0,0,0,0,0,0,0,0,0,0,0,0,0.000000,0,False,False
10,99,0,0,0,0,0,0,0,0,0,0,0,0,0.000000,0,False,False
10,100,68,0,0,1,0,0,0,0,0,0,0,0,0.000000,2,True,False
10,101,0,0,0,0,0,0,0,0,0,0,0,0,0.000000,0,False,False
10,102,90,0,1,1,0,0,0,0,0,0,0,0,0.000000,9,True,False
10,103,78,0,0,1,0,0,0,0,1,0,0,0,0.000000,5,True,False
10,104,0,0,0,0,0,0,0,0,0,0,0,0,0.000000,0,False,False
10,105,0,0,0,0,0,0,0,0,0,0,0,0,0.000000,0,False,False
10,106,90,0,1,1,0,0,0,0,0,0,0,0,0.000000,9,True,True
10,107,0,0,0,0,0,0,0,0,0,0,0,0,0.000000,0,False,False
10,108,0,0,0,0,0,0,0,0,0,0,0,0,0.000000,0,False,False
10,109,0,0,0,0,0,0,0,0,0,0,0,0,0.000000,0,False,False
10,110,78,0,1,1,0,0,0,0,1,0,0,1,0.000000,6,True,False
10,111,0,0,0,0,0,0,0,0,0,0,0,0,0.000000,0,False,False
10,112,90,0,0,1,0,0,0,0,0,0,0,0,0.000000,6,True,False
10,113,0,0,0,0,0,0,0,0,0,0,0,0,0.000000,0,False,False
10,114,0,0,0,0,0,0,0,0,0,0,0,0,0.000000,0,False,False
10,115,90,0,0,1,0,0,0,0,0,0,2,0,0.000000,6,True,False
10,116,66,1,0,1,0,0,0,0,0,0,0,2,0.000000,10,True,True
10,117,90,0,0,1,0,0,0,0,0,0,0,0,0.000000,3,True,False
10,118,23,0,0,0,0,0,0,0,0,0,0,0,0.000000,1,True,False
10,119,0,0,0,0,0,0,0,0,0,0,0,0,0.000000,0,False,False
10,120,60,0,0,1,0,0,0,0,0,0,0,0,0.000000,3,True,False
10,121,0,0,0,0,0,0,0,0,0,0,0,0,0.000000,0,False,False
10,122,90,1,0,1,0,0,0,0,0,0,0,3,0.000000,15,True,True
10,123,78,0,0,1,0,0,0,0,0,0,0,0,0.000000,3,True,False
10,124,90,0,0,1,0,0,0,0,0,0,0,0,0.000000,6,True,False
10,125,0,0,0,0,0,0,0,0,0,0,0,0,0.000000,0,False,False
10,126,0,0,0,0,0,0,0,0,0,0,0,0,0.000000,0,False,False
10,127,11,0,0,0,0,0,0,0,0,0,0,0,0.000000,1,True,False
10,128,11,0,0,0,0,0,0,0,0,0,0,0,0.000000,1,True,False
10,129,30,0,0,0,0,0,0,0,1,0,0,0,0.000000,0,True,False
10,130,0,0,0,0,0,0,0,0,0,0,0,0,0.000000,0,False,False
10,131,0,0,0,0,0,0,0,0,0,0,0,0,0.000000,0,False,False
10,132,0,0,0,0,0,0,0,0,0,0,0,0,0.000000,0,False,False
10,133,59,0,0,0,0,0,0,0,0,0,0,0,0.000000,1,True,False
10,134,29,0,0,0,0,0,0,0,0,0,0,0,0.000000,1,True,False
10,135,1,0,0,0,0,0,0,0,0,0,0,0,0.000000,1,True,False
10,136,90,0,0,0,2,0,0,0,1,0,0,0,0.000000,1,True,False
10,137,0,0,0,0,0,0,0,0,0,0,0,0,0.000000,0,False,False
10,138,90,0,0,0,2,0,0,0,1,0,0,0,0.000000,0,True,False
10,139,33,0,0,0,1,0,0,0,0,0,0,0,0.000000,1,True,False
10,140,56,0,0,0,1,0,0,0,0,0,0,0,0.000000,1,True,False
10,141,90,1,0,0,2,0,0,0,0,0,0,1,0.000000,7,True,True
10,142,90,0,1,0,2,0,0,0,0,0,0,0,0.000000,5,True,False
10,143,0,0,0,0,0,0,0,0,0,0,0,0,0.000000,0,False,False
10,144,90,0,0,0,2,0,0,0,0,0,1,0,0.000000,1,True,False
10,145,0,0,0,0,0,0,0,0,0,0,0,0,0.000000,0,False,False
10,146,88,0,0,0,2,0,0,0,0,0,0,0,0.000000,2,True,False
10,147,88,0,0,0,2,0,0,0,0,0,0,0,0.000000,2,True,False
10,148,0,0,0,0,0,0,0,0,0,0,0,0,0.000000,0,False,False
10,149,0,0,0,0,0,0,0,0,0,0,0,0,0.000000,0,False,False
10,150,0,0,0,0,0,0,0,0,0,0,0,0,0.000000,0,False,False
10,151,0,0,0,0,0,0,0,0,0,0,0,0,0.000000,0,False,False
10,152,0,0,0,0,0,0,0,0,0,0,0,0,0.000000,0,False,False
10,153,0,0,0,0,0,0,0,0,0,0,0,0,0.000000,0,False,False
10,154,90,0,0,0,2,0,0,0,0,0,0,0,0.000000,1,True,False
10,155,0,0,0,0,0,0,0,0,0,0,0,0,0.000000,0,False,False
10,156,1,0,0,0,0,0,0,0,0,0,0,0,0.000000,1,True,False
10,157,45,0,0,0,1,0,0,0,1,0,0,0,0.000000,0,True,False
10,158,88,0,0,0,2,0,0,0,0,0,0,0,0.000000,1,True,False
10,159,45,0,0,0,1,0,0,0,0,0,0,0,0.000000,1,True,False
10,160,90,0,0,0,2,0,0,0,0,0,7,0,0.000000,3,True,False
10,161,0,0,0,0,0,0,0,0,0,0,0,0,0.000000,0,False,False
10,162,0,0,0,0,0,0,0,0,0,0,0,0,0.000000,0,False,False
10,163,90,0,0,0,2,0,0,0,0,0,0,0,0.000000,1,True,False
10,164,0,0,0,0,0,0,0,0,0,0,0,0,0.000000,0,False,False
10,165,90,0,0,0,2,0,0,0,0,0,0,0,0.000000,1,True,False
10,166,90,0,0,0,2,0,0,0,0,0,0,0,0.000000,1,True,False
10,167,0,0,0,0,0,0,0,0,0,0,0,0,0.000000,0,False,False
10,168,24,0,0,0,1,0,0,0,0,0,0,0,0.000000,1,True,False
10,169,90,0,0,0,1,0,0,0,0,0,0,0,0.000000,2,True,False
10,170,83,0,0,0,2,0,0,0,0,0,0,0,0.000000,2,True,False
10,171,90,0,0,0,2,0,0,0,0,0,0,0,0.000000,2,True,False
10,172,0,0,0,0,0,0,0,0,0,0,0,0,0.000000,0,False,False
10,173,24,0,0,0,1,0,0,0,0,0,0,0,0.000000,1,True,False
10,174,0,0,0,0,0,0,0,0,0,0,0,0,0.000000,0,False,False
10,175,29,0,0,0,1,0,0,0,0,0,0,0,0.000000,1,True,False
10,176,90,0,0,0,2,0,0,0,0,0,0,0,0.000000,2,True,False
10,177,0,0,0,0,0,0,0,0,0,0,0,0,0.000000,0,False,False
10,178,0,0,0,0,0,0,0,0,0,0,0,0,0.000000,0,False,False
10,179,60,0,0,0,1,0,0,0,0,0,0,0,0.000000,2,True,False
10,180,65,0,0,0,1,0,0,0,0,0,0,0,0.000000,2,True,False
10,181,60,0,0,0,1,0,0,0,0,0,0,0,0.000000,2,True,False
10,182,29,0,0,0,1,0,0,0,0,0,0,0,0.000000,1,True,False
10,183,0,0,0,0,0,0,0,0,0,0,0,0,0.000000,0,False,False
10,184,6,0,0,0,0,0,0,0,0,0,0,0,0.000000,1,True,False
10,185,65,0,0,0,1,0,0,0,0,0,0,0,0.000000,2,True,False
10,186,0,0,0,0,0,0,0,0,0,0,0,0,0.000000,0,False,False
10,187,0,0,0,0,0,0,0,0,0,0,0,0,0.000000,0,False,False
10,188,78,0,0,0,2,0,0,0,0,0,0,0,0.000000,1,True,False
10,189,0,0,0,0,0,0,0,0,0,0,0,0,0.000000,0,False,False
10,190,90,0,0,0,2,0,0,0,0,0,0,0,0.000000,1,True,False
10,191,90,0,0,0,2,0,0,0,0,0,0,0,0.000000,2,True,False
10,192,90,0,0,0,2,0,0,0,0,0,0,0,0.000000,1,True,False
10,193,90,0,0,0,2,0,0,0,0,0,0,0,0.000000,2,True,False
10,194,0,0,0,0,0,0,0,0,0,0,0,0,0.000000,0,False,False
10,195,32,0,0,0,0,0,0,0,0,0,0,0,0.000000,1,True,False
10,196,88,0,1,0,2,0,0,0,0,0,0,0,0.000000,5,True,False
10,197,74,1,0,0,2,0,0,0,1,0,0,0,0.000000,6,True,False
10,198,90,0,0,0,2,0,0,0,0,0,0,0,0.000000,2,True,False
10,199,0,0,0,0,0,0,0,0,0,0,0,0,0.000000,0,False,False
10,200,15,0,0,0,0,0,0,0,0,0,0,0,0.000000,1,True,False
10,201,90,0,0,0,2,0,0,0,0,0,0,0,0.000000,1,True,False
10,202,11,0,0,0,0,0,0,0,0,0,0,0,0.000000,1,True,False
10,203,15,0,0,0,0,0,0,0,0,0,0,0,0.000000,1,True,False
10,204,0,0,0,0,0,0,0,0,0,0,0,0,0.000000,0,False,False
10,205,0,0,0,0,0,0,0,0,0,0,0,0,0.000000,0,False,False
10,206,0,0,0,0,0,0,0,0,0,0,0,0,0.000000,0,False,False
10,207,1,0,0,0,0,0,0,0,0,0,0,0,0.000000,1,True,False
10,208,90,0,0,0,2,0,0,0,0,0,0,0,0.000000,1,True,False
10,209,0,0,0,0,0,0,0,0,0,0,0,0,0.000000,0,False,False
10,210,0,0,0,0,0,0,0,0,0,0,0,0,0.000000,0,False,False
10,211,90,0,0,0,2,0,0,0,0,0,0,0,0.000000,1,True,False
10,212,0,0,0,0,0,0,0,0,0,0,0,0,0.000000,0,False,False
10,213,90,0,0,0,2,0,0,0,0,0,0,0,0.000000,1,True,False
10,214,0,0,0,0,0,0,0,0,0,0,0,0,0.000000,0,False,False
10,215,0,0,0,0,0,0,0,0,0,0,0,0,0.000000,0,False,False
10,216,45,0,0,0,0,0,0,0,0,0,0,0,0.000000,1,True,False
10,217,0,0,0,0,0,0,0,0,0,0,0,0,0.000000,0,False,False
10,218,45,0,0,0,0,0,0,0,0,0,0,0,0.000000,1,True,False
10,219,0,0,0,0,0,0,0,0,0,0,0,0,0.000000,0,False,False
10,220,0,0,0,0,0,0,0,0,0,0,0,0,0.000000,0,False,False
10,221,90,0,0,0,2,0,0,0,0,0,0,0,0.000000,2,True,False
10,222,0,0,0,0,0,0,0,0,0,0,0,0,0.000000,0,False,False
10,223,45,0,0,0,2,0,0,0,0,0,0,0,0.000000,1,True,False
10,224,0,0,0,0,0,0,0,0,0,0,0,0,0.000000,0,False,False
10,225,89,0,0,0,2,0,0,0,0,0,0,0,0.000000,2,True,False
10,226,0,0,0,0,0,0,0,0,0,0,0,0,0.000000,0,False,False
10,227,0,0,0,0,0,0,0,0,0,0,0,0,0.000000,0,False,False
10,228,90,0,0,0,2,0,0,0,0,0,0,0,0.000000,1,True,False
10,229,45,0,0,0,0,0,0,0,0,0,0,0,0.000000,1,True,False
10,230,45,0,0,0,2,0,0,0,0,0,0,0,0.000000,1,True,False
10,231,0,0,0,0,0,0,0,0,0,0,0,0,0.000000,0,False,False
10,232,90,0,0,0,2,0,0,0,0,0,8,0,0.000000,3,True,False
10,233,0,0,0,0,0,0,0,0,0,0,0,0,0.000000,0,False,False
10,234,45,0,0,0,2,0,0,0,0,0,0,0,0.000000,0,True,False
10,235,0,0,0,0,0,0,0,0,0,0,0,0,0.000000,0,False,False
10,236,90,0,0,0,2,0,0,0,0,0,0,0,0.000000,2,True,False
10,237,90,0,0,0,2,0,0,0,0,0,0,0,0.000000,2,True,False
10,238,1,0,0,0,0,0,0,0,0,0,0,0,0.000000,1,True,False
10,239,0,0,0,0,0,0,0,0,0,0,0,0,0.000000,0,False,False
10,240,90,0,0,0,1,0,0,0,0,0,0,0,0.000000,2,True,False
10,241,0,0,0,0,0,0,0,0,0,0,0,0,0.000000,0,False,False
10,242,90,0,0,0,1,0,0,0,1,0,0,1,0.000000,2,True,False
10,243,0,0,0,0,0,0,0,0,0,0,0,0,0.000000,0,False,False
10,244,90,0,0,0,1,0,0,0,0,0,0,0,0.000000,2,True,False
10,245,0,0,0,0,0,0,0,0,0,0,0,0,0.000000,0,False,False
10,246,90,0,0,0,1,0,0,0,0,0,7,0,0.000000,4,True,False
10,247,0,0,0,0,0,0,0,0,0,0,0,0,0.000000,0,False,False
10,248,1,0,0,0,0,0,0,0,0,0,0,0,0.000000,1,True,False
10,249,12,0,0,0,1,0,0,0,0,0,0,0,0.000000,1,True,False
10,250,90,0,0,0,1,0,0,0,0,0,0,0,0.000000,2,True,False
10,251,77,0,0,1,0,0,0,0,0,0,0,0,0.000000,3,True,False
10,252,90,0,0,0,1,0,0,0,1,0,0,0,0.000000,1,True,False
10,253,12,0,0,0,1,0,0,0,0,0,0,0,0.000000,1,True,False
10,254,0,0,0,0,0,0,0,0,0,0,0,0,0.000000,0,False,False
10,255,0,0,0,0,0,0,0,0,0,0,0,0,0.000000,0,False,False
10,256,90,0,0,0,1,0,0,0,0,0,0,0,0.000000,2,True,False
10,257,0,0,0,0,0,0,0,0,0,0,0,0,0.000000,0,False,False
10,258,77,1,0,1,0,0,0,0,0,0,0,0,0.000000,6,True,False
10,259,90,0,0,0,1,0,0,0,0,0,0,0,0.000000,2,True,False
10,260,90,0,0,0,1,0,0,0,0,0,0,0,0.000000,2,True,False
10,261,0,0,0,0,0,0,0,0,0,0,0,0,0.000000,0,False,False
10,262,90,0,0,0,1,0,0,0,0,0,0,1,0.000000,3,True,False
10,263,90,1,0,0,1,0,0,0,0,0,0,0,0.000000,8,True,False
10,264,90,0,0,0,1,0,0,0,0,0,0,0,0.000000,2,True,False
10,265,3,0,0,0,0,0,0,0,0,0,0,0,0.000000,1,True,False
10,266,0,0,0,0,0,0,0,0,0,0,0,0,0.000000,0,False,False
10,267,0,0,0,0,0,0,0,0,0,0,0,0,0.000000,0,False,False
10,268,11,0,0,0,0,0,0,0,0,0,0,0,0.000000,1,True,False
10,269,0,0,0,0,0,0,0,0,0,0,0,0,0.000000,0,False,False
10,270,87,1,0,0,1,0,0,0,0,0,0,0,0.000000,6,True,False
10,271,0,0,0,0,0,0,0,0,0,0,0,0,0.000000,0,False,False
10,272,90,0,0,0,1,0,0,0,0,0,5,2,0.000000,5,True,False
10,273,0,0,0,0,0,0,0,0,0,0,0,0,0.000000,0,False,False
10,274,0,0,0,0,0,0,0,0,0,0,0,0,0.000000,0,False,False
10,275,0,0,0,0,0,0,0,0,0,0,0,0,0.000000,0,False,False
10,276,90,0,0,0,1,0,0,0,0,0,0,0,0.000000,2,True,False
10,277,0,0,0,0,0,0,0,0,0,0,0,0,0.000000,0,False,False
10,278,0,0,0,0,0,0,0,0,0,0,0,0,0.000000,0,False,False
10,279,0,0,0,0,0,0,0,0,0,0,0,0,0.000000,0,False,False
10,280,0,0,0,0,0,0,0,0,0,0,0,0,0.000000,0,False,False
10,281,0,0,0,0,0,0,0,0,0,0,0,0,0.000000,0,False,False
10,282,87,0,0,0,1,0,0,0,0,0,0,0,0.000000,2,True,False
10,283,90,0,0,0,1,0,0,0,1,0,0,3,0.000000,4,True,False
10,284,0,0,0,0,0,0,0,0,0,0,0,0,0.000000,0,False,False
10,285,90,0,0,0,1,0,0,0,0,0,0,0,0.000000,2,True,False
10,286,0,0,0,0,0,0,0,0,0,0,0,0,0.000000,0,False,False
10,287,2,0,0,0,0,0,0,0,0,0,0,0,0.000000,1,True,False
10,288,78,0,2,0,1,0,0,0,0,0,0,0,0.000000,8,True,False
10,289,0,0,0,0,0,0,0,0,0,0,0,0,0.000000,0,False,False
10,290,90,0,0,1,0,0,0,0,0,0,1,0,0.000000,6,True,False
10,291,0,0,0,0,0,0,0,0,0,0,0,0,0.000000,0,False,False
10,292,0,0,0,0,0,0,0,0,0,0,0,0,0.000000,0,False,False
10,293,66,0,0,1,0,0,0,0,0,0,0,0,0.000000,6,True,False
10,294,72,0,2,1,0,0,0,0,0,0,0,2,0.000000,14,True,True
10,295,90,0,0,1,0,0,0,0,0,0,0,0,0.000000,6,True,False
10,296,17,0,0,0,0,0,0,0,0,0,0,0,0.000000,1,True,False
10,297,0,0,0,0,0,0,0,0,0,0,0,0,0.000000,0,False,False
10,298,0,0,0,0,0,0,0,0,0,0,0,0,0.000000,0,False,False
10,299,65,1,0,1,0,0,0,0,0,0,0,0,0.000000,8,True,False
10,300,24,0,0,0,0,0,0,0,0,0,0,0,0.000000,1,True,False
10,301,90,0,0,1,0,0,0,0,0,0,0,1,0.000000,4,True,False
10,302,0,0,0,0,0,0,0,0,0,0,0,0,0.000000,0,False,False
10,303,0,0,0,0,0,0,0,0,0,0,0,0,0.000000,0,False,False
10,304,90,0,0,1,0,0,0,0,0,0,0,0,0.000000,3,True,False
10,305,0,0,0,0,0,0,0,0,0,0,0,0,0.000000,0,False,False
10,306,0,0,0,0,0,0,0,0,0,0,0,0,0.000000,0,False,False
10,307,23,0,0,0,0,0,0,0,1,0,0,0,0.000000,0,True,False
10,308,0,0,0,0,0,0,0,0,0,0,0,0,0.000000,0,False,False
10,309,90,0,0,1,0,0,0,0,0,0,0,3,0.000000,9,True,False
10,310,0,0,0,0,0,0,0,0,0,0,0,0,0.000000,0,False,False
10,311,0,0,0,0,0,0,0,0,0,0,0,0,0.000000,0,False,False
10,312,90,1,0,1,0,0,0,0,0,0,0,0,0.000000,6,True,False
10,313,0,0,0,0,0,0,0,0,0,0,0,0,0.000000,0,False,False
10,314,90,0,0,1,0,0,0,0,0,0,0,0,0.000000,2,True,False
10,315,82,0,0,1,0,0,0,0,0,0,0,0,0.000000,6,True,False
10,316,0,0,0,0,0,0,0,0,0,0,0,0,0.000000,0,False,False
10,317,90,1,0,0,1,0,0,0,1,0,0,3,0.000000,10,True,True
10,318,90,0,0,0,1,0,0,0,0,0,0,0,0.000000,2,True,False
10,319,90,0,0,0,1,0,0,0,0,0,0,0,0.000000,2,True,False
10,320,90,0,0,0,1,0,0,0,0,0,0,0,0.000000,2,True,False
10,321,0,0,0,0,0,0,0,0,0,0,0,0,0.000000,0,False,False
10,322,90,0,0,0,1,0,0,0,0,0,2,0,0.000000,2,True,False
10,323,90,0,0,0,1,0,0,0,0,0,0,0,0.000000,2,True,False
10,324,84,0,1,0,1,0,0,0,0,0,0,0,0.000000,5,True,False
10,325,90,0,0,0,1,0,0,0,0,0,0,0,0.000000,2,True,False
10,326,24,0,0,0,0,0,0,0,0,0,0,0,0.000000,1,True,False
10,327,0,0,0,0,0,0,0,0,0,0,0,0,0.000000,0,False,False
10,328,90,0,0,0,1,0,0,0,0,0,0,2,0.000000,4,True,False
10,329,0,0,0,0,0,0,0,0,0,0,0,0,0.000000,0,False,False
10,330,0,0,0,0,0,0,0,0,0,0,0,0,0.000000,0,False,False
10,331,24,0,0,0,0,0,0,0,0,0,0,0,0.000000,1,True,False
10,332,0,0,0,0,0,0,0,0,0,0,0,0,0.000000,0,False,False
10,333,0,0,0,0,0,0,0,0,0,0,0,0,0.000000,0,False,False
10,334,0,0,0,0,0,0,0,0,0,0,0,0,0.000000,0,False,False
10,335,65,0,0,0,1,0,0,0,0,0,0,0,0.000000,2,True,False
10,336,65,0,0,0,1,0,0,0,0,0,0,0,0.000000,2,True,False
10,337,0,0,0,0,0,0,0,0,0,0,0,0,0.000000,0,False,False
10,338,0,0,0,0,0,0,0,0,0,0,0,0,0.000000,0,False,False
10,339,0,0,0,0,0,0,0,0,0,0,0,0,0.000000,0,False,False
10,340,0,0,0,0,0,0,0,0,0,0,0,0,0.000000,0,False,False
10,341,90,0,0,0,1,0,0,0,0,0,0,0,0.000000,2,True,False
10,342,90,0,1,0,1,0,0,0,0,0,0,3,0.000000,8,True,False
10,343,2,0,0,0,0,0,0,0,0,0,0,0,0.000000,1,True,False
10,344,90,1,0,0,1,0,0,0,0,0,0,3,0.000000,11,True,True
10,345,22,0,0,0,1,0,0,0,1,0,0,0,0.000000,0,True,False
10,346,90,0,0,0,1,0,0,0,0,0,0,0,0.000000,2,True,False
10,347,67,0,0,1,0,0,0,0,0,0,0,0,0.000000,3,True,False
10,348,0,0,0,0,0,0,0,0,0,0,0,0,0.000000,0,False,False
10,349,90,0,0,0,1,0,0,0,0,0,0,0,0.000000,2,True,False
10,350,1,0,0,0,0,0,0,0,0,0,0,0,0.000000,1,True,False
10,351,0,0,0,0,0,0,0,0,0,0,0,0,0.000000,0,False,False
10,352,90,0,0,0,1,0,0,0,0,0,0,0,0.000000,2,True,False
10,353,0,0,0,0,0,0,0,0,0,0,0,0,0.000000,0,False,False
10,354,67,0,0,1,0,0,0,0,0,0,0,0,0.000000,3,True,False
10,355,0,0,0,0,0,0,0,0,0,0,0,0,0.000000,0,False,False
10,356,90,0,0,0,1,0,0,0,1,0,0,0,0.000000,1,True,False
10,357,0,0,0,0,0,0,0,0,0,0,0,0,0.000000,0,False,False
10,358,22,0,0,0,1,0,0,0,0,0,0,0,0.000000,1,True,False
10,359,90,1,0,0,1,0,0,0,0,0,0,2,0.000000,9,True,True
10,360,87,0,2,0,1,0,0,0,1,0,0,0,0.000000,7,True,False
10,361,90,0,0,0,1,0,0,0,1,0,0,0,0.000000,1,True,False
10,362,0,0,0,0,0,0,0,0,0,0,0,0,0.000000,0,False,False
10,363,0,0,0,0,0,0,0,0,0,0,0,0,0.000000,0,False,False
10,364,21,0,0,0,0,0,0,0,0,0,0,0,0.000000,1,True,False
10,365,90,0,0,0,2,0,0,0,0,0,0,0,0.000000,1,True,False
10,366,0,0,0,0,0,0,0,0,0,0,0,0,0.000000,0,False,False
10,367,0,0,0,0,0,0,0,0,0,0,0,0,0.000000,0,False,False
10,368,0,0,0,0,0,0,0,0,0,0,0,0,0.000000,0,False,False
10,369,57,0,0,0,2,0,0,0,0,0,0,0,0.000000,1,True,False
10,370,15,0,0,0,0,0,0,0,0,0,0,0,0.000000,1,True,False
10,371,74,0,0,0,2,0,0,0,0,0,0,0,0.000000,2,True,False
10,372,90,0,0,0,1,0,0,0,0,0,0,0,0.000000,2,True,False
10,373,90,0,0,0,2,0,0,0,0,0,0,0,0.000000,2,True,False
10,374,0,0,0,0,0,0,0,0,0,0,0,0,0.000000,0,False,False
10,375,0,0,0,0,0,0,0,0,0,0,0,0,0.000000,0,False,False
10,376,57,0,0,0,2,0,0,0,0,0,0,0,0.000000,1,True,False
10,377,15,0,0,0,0,0,0,0,0,0,0,0,0.000000,1,True,False
10,378,74,0,0,0,2,0,0,0,0,0,0,0,0.000000,2,True,False
10,379,90,0,0,0,2,0,0,0,0,0,0,0,0.000000,1,True,False
10,380,68,0,0,0,2,0,0,0,0,0,0,0,0.000000,1,True,False
10,381,0,0,0,0,0,0,0,0,0,0,0,0,0.000000,0,False,False
10,382,90,0,0,0,2,0,0,0,0,0,0,0,0.000000,2,True,False
10,383,90,0,0,0,2,0,0,0,0,0,0,0,0.000000,1,True,False
10,384,1,0,0,0,0,0,0,0,0,0,0,0,0.000000,1,True,False
10,385,0,0,0,0,0,0,0,0,0,0,0,0,0.000000,0,False,False
10,386,90,0,0,0,2,0,0,0,0,0,0,0,0.000000,1,True,False
10,387,0,0,0,0,0,0,0,0,0,0,0,0,0.000000,0,False,False
10,388,32,0,0,0,0,0,0,0,0,0,0,0,0.000000,1,True,False
10,389,0,0,0,0,0,0,0,0,0,0,0,0,0.000000,0,False,False
10,390,0,0,0,0,0,0,0,0,0,0,0,0,0.000000,0,False,False
10,391,0,0,0,0,0,0,0,0,0,0,0,0,0.000000,0,False,False
10,392,90,0,0,0,1,0,0,0,0,0,4,0,0.000000,3,True,False
10,393,0,0,0,0,0,0,0,0,0,0,0,0,0.000000,0,False,False
10,394,1,0,0,0,0,0,0,0,0,0,0,0,0.000000,1,True,False
10,395,0,0,0,0,0,0,0,0,0,0,0,0,0.000000,0,False,False
10,396,90,0,0,0,1,0,0,0,0,0,0,0,0.000000,2,True,False
10,397,90,0,0,0,1,0,0,0,0,0,0,0,0.000000,2,True,False
10,398,0,0,0,0,0,0,0,0,0,0,0,0,0.000000,0,False,False
10,399,0,0,0,0,0,0,0,0,0,0,0,0,0.000000,0,False,False
10,400,0,0,0,0,0,0,0,0,0,0,0,0,0.000000,0,False,False
10,401,15,0,0,0,0,0,0,0,0,0,0,0,0.000000,1,True,False
10,402,74,0,0,0,1,0,0,0,0,0,0,0,0.000000,2,True,False
10,403,0,0,0,0,0,0,0,0,0,0,0,0,0.000000,0,False,False
10,404,0,0,0,0,0,0,0,0,0,0,0,0,0.000000,0,False,False
10,405,90,1,0,0,1,0,0,0,0,0,0,1,0.000000,8,True,False
10,406,0,0,0,0,0,0,0,0,0,0,0,0,0.000000,0,False,False
10,407,66,0,1,0,1,0,0,0,0,0,0,0,0.000000,5,True,False
10,408,23,0,0,0,0,0,0,0,0,0,0,0,0.000000,1,True,False
10,409,0,0,0,0,0,0,0,0,0,0,0,0,0.000000,0,False,False
10,410,90,0,0,0,1,0,0,0,0,0,0,0,0.000000,2,True,False
10,411,23,0,0,0,0,0,0,0,0,0,0,0,0.000000,1,True,False
10,412,0,0,0,0,0,0,0,0,0,0,0,0,0.000000,0,False,False
10,413,0,0,0,0,0,0,0,0,0,0,0,0,0.000000,0,False,False
10,414,0,0,0,0,0,0,0,0,0,0,0,0,0.000000,0,False,False
10,415,90,0,0,0,1,0,0,0,1,0,0,0,0.000000,1,True,False
10,416,0,0,0,0,0,0,0,0,0,0,0,0,0.000000,0,False,False
10,417,68,0,0,1,0,0,0,0,0,0,0,0,0.000000,3,True,False
10,418,0,0,0,0,0,0,0,0,0,0,0,0,0.000000,0,False,False
10,419,66,0,0,0,1,0,0,0,1,0,0,0,0.000000,1,True,False
10,420,74,0,0,0,2,0,0,0,0,0,0,0,0.000000,2,True,False
10,421,0,0,0,0,0,0,0,0,0,0,0,0,0.000000,0,False,False
10,422,0,0,0,0,0,0,0,0,0,0,0,0,0.000000,0,False,False
10,423,0,0,0,0,0,0,0,0,0,0,0,0,0.000000,0,False,False
10,424,0,0,0,0,0,0,0,0,0,0,0,0,0.000000,0,False,False
10,425,0,0,0,0,0,0,0,0,0,0,0,0,0.000000,0,False,False
10,426,0,0,0,0,0,0,0,0,0,0,0,0,0.000000,0,False,False
10,427,0,0,0,0,0,0,0,0,0,0,0,0,0.000000,0,False,False
10,428,7,0,0,0,0,0,0,0,0,0,0,0,0.000000,1,True,False
10,429,32,0,0,0,0,0,0,0,0,0,0,0,0.000000,1,True,False
10,430,0,0,0,0,0,0,0,0,0,0,0,0,0.000000,0,False,False
10,431,57,0,0,0,3,0,0,0,1,0,0,0,0.000000,-1,True,False
10,432,0,0,0,0,0,0,0,0,0,0,0,0,0.000000,0,False,False
10,433,0,0,0,0,0,0,0,0,0,0,0,0,0.000000,0,False,False
10,434,15,0,0,0,1,0,0,0,0,0,0,0,0.000000,1,True,False
10,435,85,0,0,1,0,0,0,0,0,0,0,0,0.000000,2,True,False
10,436,0,0,0,0,0,0,0,0,0,0,0,0,0.000000,0,False,False
10,437,0,0,0,0,0,0,0,0,0,0,0,0,0.000000,0,False,False
10,438,0,0,0,0,0,0,0,0,0,0,0,0,0.000000,0,False,False
10,439,0,0,0,0,0,0,0,0,0,0,0,0,0.000000,0,False,False
10,440,90,0,0,1,0,0,0,0,1,0,0,0,0.000000,2,True,False
10,441,0,0,0,0,0,0,0,0,0,0,0,0,0.000000,0,False,False
10,442,5,0,0,0,0,0,0,0,0,0,0,0,0.000000,1,True,False
11,1,0,0,0,0,0,0,0,0,0,0,0,0,0.000000,0,False,False
11,2,90,0,0,0,2,0,0,0,0,0,0,0,0.000000,1,True,False
11,3,0,0,0,0,0,0,0,0,0,0,0,0,0.000000,0,False,False
11,4,0,0,0,0,0,0,0,0,0,0,0,0,0.000000,0,False,False
11,5,90,0,0,0,2,0,0,0,0,0,0,0,0.000000,1,True,False
11,6,0,0,0,0,0,0,0,0,0,0,0,0,0.000000,0,False,False
11,7,12,0,0,0,0,0,0,0,0,0,0,0,0.000000,1,True,False
11,8,77,2,0,0,2,0,0,0,0,0,0,3,0.000000,13,True,True
11,9,0,0,0,0,0,0,0,0,0,0,0,0,0.000000,0,False,False
11,10,90,0,0,0,2,0,0,0,0,0,0,0,0.000000,1,True,False
11,11,0,0,0,0,0,0,0,0,0,0,0,0,0.000000,0,False,False
11,12,90,0,0,0,2,0,0,0,1,0,0,0,0.000000,1,True,False
11,13,58,0,0,0,1,0,0,0,0,0,0,0,0.000000,1,True,False
11,14,0,0,0,0,0,0,0,0,0,0,0,0,0.000000,0,False,False
11,15,88,0,0,0,2,0,0,0,0,0,0,0,0.000000,2,True,False
11,16,0,0,0,0,0,0,0,0,0,0,0,0,0.000000,0,False,False
11,17,90,0,2,0,2,0,0,0,0,0,0,1,0.000000,9,True,False
11,18,0,0,0,0,0,0,0,0,0,0,0,0,0.000000,0,False,False
11,19,90,0,0,0,2,0,0,0,0,0,0,0,0.000000,2,True,False
11,20,31,0,0,0,1,0,0,0,0,0,0,0,0.000000,1,True,False
11,21,90,0,0,0,2,0,0,0,0,0,0,0,0.000000,1,True,False
11,22,1,0,0,0,0,0,0,0,0,0,0,0,0.000000,1,True,False
11,23,58,0,0,0,1,0,0,0,0,0,0,0,0.000000,1,True,False
11,24,0,0,0,0,0,0,0,0,0,0,0,0,0.000000,0,False,False
11,25,0,0,0,0,0,0,0,0,0,0,0,0,0.000000,0,False,False
11,26,5,0,0,0,0,0,0,0,0,0,0,0,0.000000,1,True,False
11,27,84,1,0,0,2,0,0,0,0,0,0,1,0.000000,8,True,False
11,28,90,0,0,0,2,0,0,0,1,0,0,0,0.000000,0,True,False
11,29,71,0,1,0,2,0,0,0,1,0,0,0,0.000000,3,True,False
11,30,18,0,0,0,0,0,0,0,0,0,0,0,0.000000,1,True,False
11,31,30,0,0,0,0,0,0,0,0,0,0,0,0.000000,1,True,False
11,32,0,0,0,0,0,0,0,0,0,0,0,0,0.000000,0,False,False
11,33,90,0,0,0,2,0,0,0,0,0,2,0,0.000000,1,True,False
11,34,0,0,0,0,0,0,0,0,0,0,0,0,0.000000,0,False,False
11,35,0,0,0,0,0,0,0,0,0,0,0,0,0.000000,0,False,False
11,36,31,0,0,0,0,0,0,0,0,0,0,0,0.000000,1,True,False
11,37,90,0,0,0,2,0,0,0,0,0,0,0,0.000000,2,True,False
11,38,59,0,0,0,2,0,0,0,0,0,0,0,0.000000,1,True,False
11,39,0,0,0,0,0,0,0,0,0,0,0,0,0.000000,0,False,False
11,40,0,0,0,0,0,0,0,0,0,0,0,0,0.000000,0,False,False
11,41,0,0,0,0,0,0,0,0,0,0,0,0,0.000000,0,False,False
11,42,0,0,0,0,0,0,0,0,0,0,0,0,0.000000,0,False,False
11,43,0,0,0,0,0,0,0,0,0,0,0,0,0.000000,0,False,False
11,44,0,0,0,0,0,0,0,0,0,0,0,0,0.000000,0,False,False
11,45,31,0,0,0,0,0,0,0,0,0,0,0,0.000000,1,True,False
11,46,0,0,0,0,0,0,0,0,0,0,0,0,0.000000,0,False,False
11,47,0,0,0,0,0,0,0,0,0,0,0,0,0.000000,0,False,False
11,48,90,0,0,0,2,0,0,0,0,0,0,0,0.000000,1,True,False
11,49,0,0,0,0,0,0,0,0,0,0,0,0,0.000000,0,False,False
11,50,90,0,0,0,2,0,0,0,0,0,0,0,0.000000,2,True,False
11,51,58,0,0,0,2,0,0,0,0,0,0,0,0.000000,1,True,False
11,52,90,0,0,0,2,0,0,0,0,0,0,0,0.000000,2,True,False
11,53,0,0,0,0,0,0,0,0,0,0,0,0,0.000000,0,False,False
11,54,90,0,0,0,1,0,0,0,0,0,3,0,0.000000,3,True,False
11,55,90,1,1,0,1,0,0,0,0,0,0,3,0.000000,14,True,True
11,56,0,0,0,0,0,0,0,0,0,0,0,0,0.000000,0,False,False
11,57,0,0,0,0,0,0,0,0,0,0,0,0,0.000000,0,False,False
11,58,90,0,0,0,1,0,0,0,0,0,0,0,0.000000,2,True,False
11,59,88,0,0,0,1,0,0,0,0,0,0,0,0.000000,2,True,False
11,60,0,0,0,0,0,0,0,0,0,0,0,0,0.000000,0,False,False
11,61,0,0,0,0,0,0,0,0,0,0,0,0,0.000000,0,False,False
11,62,34,0,0,0,0,0,0,0,0,0,0,0,0.000000,1,True,False
11,63,90,1,0,0,1,0,0,0,0,0,0,0,0.000000,7,True,False
11,64,90,0,0,0,1,0,0,0,0,0,0,2,0.000000,4,True,False
11,65,83,0,1,0,1,0,0,0,0,0,0,0,0.000000,5,True,False
11,66,90,0,0,0,1,0,0,0,0,0,0,0,0.000000,2,True,False
11,67,0,0,0,0,0,0,0,0,0,0,0,0,0.000000,0,False,False
11,68,0,0,0,0,0,0,0,0,0,0,0,0,0.000000,0,False,False
11,69,0,0,0,0,0,0,0,0,0,0,0,0,0.000000,0,False,False
11,70,0,0,0,0,0,0,0,0,0,0,0,0,0.000000,0,False,False
11,71,6,0,0,0,0,0,0,0,1,0,0,0,0.000000,0,True,False
11,72,55,0,0,0,1,0,0,0,0,0,0,0,0.000000,1,True,False
11,73,0,0,0,0,0,0,0,0,0,0,0,0,0.000000,0,False,False
11,74,90,0,0,0,1,0,0,0,0,0,0,0,0.000000,2,True,False
11,75,55,0,0,0,1,0,0,0,0,0,0,0,0.000000,1,True,False
11,76,0,0,0,0,0,0,0,0,0,0,0,0,0.000000,0,False,False
11,77,34,0,0,0,0,0,0,0,0,0,0,0,0.000000,1,True,False
11,78,0,0,0,0,0,0,0,0,0,0,0,0,0.000000,0,False,False
11,79,0,0,0,0,0,0,0,0,0,0,0,0,0.000000,0,False,False
11,80,79,0,0,0,2,1,0,0,0,0,0,0,0.000000,-1,True,False
11,81,0,0,0,0,0,0,0,0,0,0,0,0,0.000000,0,False,False
11,82,0,0,0,0,0,0,0,0,0,0,0,0,0.000000,0,False,False
11,83,0,0,0,0,0,0,0,0,0,0,0,0,0.000000,0,False,False
11,84,65,0,0,0,2,0,0,0,0,0,0,0,0.000000,1,True,False
11,85,10,0,0,0,0,0,0,0,0,0,0,0,0.000000,1,True,False
11,86,10,0,0,0,0,0,0,0,0,0,0,0,0.000000,1,True,False
11,87,24,0,0,0,0,0,0,0,0,0,0,0,0.000000,1,True,False
11,88,90,0,0,0,2,0,0,0,0,0,6,0,0.000000,3,True,False
11,89,0,0,0,0,0,0,0,0,0,0,0,0,0.000000,0,False,False
11,90,64,1,0,0,2,0,0,0,0,0,0,0,0.000000,7,True,False
11,91,25,0,0,0,0,0,0,0,0,0,0,0,0.000000,1,True,False
11,92,90,0,0,0,2,0,0,0,0,0,0,0,0.000000,2,True,False
11,93,0,0,0,0,0,0,0,0,0,0,0,0,0.000000,0,False,False
11,94,0,0,0,0,0,0,0,0,0,0,0,0,0.000000,0,False,False
11,95,0,0,0,0,0,0,0,0,0,0,0,0,0.000000,0,False,False
11,96,0,0,0,0,0,0,0,0,0,0,0,0,0.000000,0,False,False
11,97,90,0,0,0,2,0,0,0,0,0,0,0,0.000000,1,True,False
11,98,0,0,0,0,0,0,0,0,0,0,0,0,0.000000,0,False,False
11,99,0,0,0,0,0,0,0,0,0,0,0,0,0.000000,0,False,False
11,100,79,0,0,0,2,0,0,0,0,0,0,0,0.000000,2,True,False
11,101,0,0,0,0,0,0,0,0,0,0,0,0,0.000000,0,False,False
11,102,90,1,0,0,2,0,0,0,0,0,0,1,0.000000,8,True,False
11,103,90,0,0,0,2,0,0,0,0,0,0,0,0.000000,1,True,False
11,104,0,0,0,0,0,0,0,0,0,0,0,0,0.000000,0,False,False
11,105,0,0,0,0,0,0,0,0,0,0,0,0,0.000000,0,False,False
11,106,0,0,0,0,0,0,0,0,0,0,0,0,0.000000,0,False,False
11,107,0,0,0,0,0,0,0,0,0,0,0,0,0.000000,0,False,False
11,108,0,0,0,0,0,0,0,0,0,0,0,0,0.000000,0,False,False
11,109,90,0,0,1,0,0,0,0,0,0,0,3,0.000000,9,True,True
11,110,90,0,0,1,0,0,0,0,0,0,0,0,0.000000,3,True,False
11,111,0,0,0,0,0,0,0,0,0,0,0,0,0.000000,0,False,False
11,112,63,0,0,1,0,0,0,0,0,0,0,0,0.000000,6,True,False
11,113,0,0,0,0,0,0,0,0,0,0,0,0,0.000000,0,False,False
11,114,0,0,0,0,0,0,0,0,0,0,0,0,0.000000,0,False,False
11,115,90,0,0,1,0,0,0,0,0,0,3,0,0.000000,7,True,True
11,116,63,0,0,1,0,0,0,0,0,0,0,0,0.000000,3,True,False
11,117,26,0,0,0,0,0,0,0,0,0,0,0,0.000000,1,True,False
11,118,7,0,0,0,0,0,0,0,0,0,0,0,0.000000,1,True,False
11,119,0,0,0,0,0,0,0,0,0,0,0,0,0.000000,0,False,False
11,120,45,0,0,0,0,0,0,0,0,0,0,0,0.000000,1,True,False
11,121,0,0,0,0,0,0,0,0,0,0,0,0,0.000000,0,False,False
11,122,90,0,0,1,0,0,0,0,0,0,0,0,0.000000,6,True,False
11,123,90,0,0,1,0,0,0,0,0,0,0,0,0.000000,3,True,False
11,124,90,0,0,1,0,0,0,0,0,0,0,2,0.000000,8,True,True
11,125,0,0,0,0,0,0,0,0,0,0,0,0,0.000000,0,False,False
11,126,0,0,0,0,0,0,0,0,0,0,0,0,0.000000,0,False,False
11,127,26,0,0,0,0,0,0,0,0,0,0,0,0.000000,1,True,False
11,128,0,0,0,0,0,0,0,0,0,0,0,0,0.000000,0,False,False
11,129,82,0,0,1,0,0,0,0,0,0,0,0,0.000000,3,True,False
11,130,0,0,0,0,0,0,0,0,0,0,0,0,0.000000,0,False,False
11,131,0,0,0,0,0,0,0,0,0,0,0,0,0.000000,0,False,False
11,132,13,0,0,0,0,0,0,0,0,0,0,0,0.000000,1,True,False
11,133,76,0,0,1,0,0,0,0,1,0,0,0,0.000000,1,True,False
11,134,45,0,0,0,0,0,0,0,0,0,0,0,0.000000,1,True,False
11,135,14,0,1,0,0,0,0,0,0,0,0,0,0.000000,4,True,False
11,136,75,0,0,0,3,0,0,0,0,0,0,0,0.000000,2,True,False
11,137,0,0,0,0,0,0,0,0,0,0,0,0,0.000000,0,False,False
11,138,83,0,0,0,3,0,0,0,0,0,0,0,0.000000,1,True,False
11,139,0,0,0,0,0,0,0,0,0,0,0,0,0.000000,0,False,False
11,140,90,0,0,0,3,0,0,0,0,0,0,0,0.000000,1,True,False
11,141,90,1,0,0,3,0,0,0,0,0,0,0,0.000000,6,True,False
11,142,64,0,0,0,1,0,0,0,0,0,0,0,0.000000,2,True,False
11,143,0,0,0,0,0,0,0,0,0,0,0,0,0.000000,0,False,False
11,144,90,0,0,0,3,0,0,0,0,0,5,0,0.000000,2,True,False
11,145,6,0,0,0,0,0,0,0,0,0,0,0,0.000000,1,True,False
11,146,75,0,0,0,3,0,0,0,0,0,0,0,0.000000,2,True,False
11,147,90,0,0,0,3,0,0,0,0,0,0,0,0.000000,2,True,False
11,148,0,0,0,0,0,0,0,0,0,0,0,0,0.000000,0,False,False
11,149,0,0,0,0,0,0,0,0,0,0,0,0,0.000000,0,False,False
11,150,75,0,0,0,3,0,0,0,1,0,0,0,0.000000,1,True,False
11,151,0,0,0,0,0,0,0,0,0,0,0,0,0.000000,0,False,False
11,152,0,0,0,0,0,0,0,0,0,0,0,0,0.000000,0,False,False
11,153,0,0,0,0,0,0,0,0,0,0,0,0,0.000000,0,False,False
11,154,90,0,0,0,3,0,0,0,0,0,0,0,0.000000,1,True,False
11,155,0,0,0,0,0,0,0,0,0,0,0,0,0.000000,0,False,False
11,156,14,0,0,0,0,0,0,0,0,0,0,0,0.000000,1,True,False
11,157,14,0,0,0,0,0,0,0,0,0,0,0,0.000000,1,True,False
11,158,90,0,0,0,3,0,0,0,0,0,0,0,0.000000,1,True,False
11,159,25,0,0,0,2,0,0,0,0,0,0,0,0.000000,1,True,False
11,160,0,0,0,0,0,0,0,0,0,0,0,0,0.000000,0,False,False
11,161,0,0,0,0,0,0,0,0,0,0,0,0,0.000000,0,False,False
11,162,0,0,0,0,0,0,0,0,0,0,0,0,0.000000,0,False,False
11,163,0,0,0,0,0,0,0,0,0,0,0,0,0.000000,0,False,False
11,164,0,0,0,0,0,0,0,0,0,0,0,0,0.000000,0,False,False
11,165,0,0,0,0,0,0,0,0,0,0,0,0,0.000000,0,False,False
11,166,0,0,0,0,0,0,0,0,0,0,0,0,0.000000,0,False,False
11,167,0,0,0,0,0,0,0,0,0,0,0,0,0.000000,0,False,False
11,168,0,0,0,0,0,0,0,0,0,0,0,0,0.000000,0,False,False
11,169,90,0,0,0,2,0,0,0,0,0,0,0,0.000000,1,True,False
11,170,0,0,0,0,0,0,0,0,0,0,0,0,0.000000,0,False,False
11,171,0,0,0,0,0,0,0,0,0,0,0,0,0.000000,0,False,False
11,172,0,0,0,0,0,0,0,0,0,0,0,0,0.000000,0,False,False
11,173,0,0,0,0,0,0,0,0,0,0,0,0,0.000000,0,False,False
11,174,0,0,0,0,0,0,0,0,0,0,0,0,0.000000,0,False,False
11,175,0,0,0,0,0,0,0,0,0,0,0,0,0.000000,0,False,False
11,176,0,0,0,0,0,0,0,0,0,0,0,0,0.000000,0,False,False
11,177,0,0,0,0,0,0,0,0,0,0,0,0,0.000000,0,False,False
11,178,0,0,0,0,0,0,0,0,0,0,0,0,0.000000,0,False,False
11,179,0,0,0,0,0,0,0,0,0,0,0,0,0.000000,0,False,False
11,180,0,0,0,0,0,0,0,0,0,0,0,0,0.000000,0,False,False
11,181,0,0,0,0,0,0,0,0,0,0,0,0,0.000000,0,False,False
11,182,0,0,0,0,0,0,0,0,0,0,0,0,0.000000,0,False,False
11,183,0,0,0,0,0,0,0,0,0,0,0,0,0.000000,0,False,False
11,184,0,0,0,0,0,0,0,0,0,0,0,0,0.000000,0,False,False
11,185,0,0,0,0,0,0,0,0,0,0,0,0,0.000000,0,False,False
11,186,44,0,0,0,1,0,0,0,1,0,0,0,0.000000,0,True,False
11,187,5,0,0,0,1,0,0,0,0,0,0,0,0.000000,1,True,False
11,188,45,0,0,0,0,0,0,0,0,0,0,0,0.000000,1,True,False
11,189,0,0,0,0,0,0,0,0,0,0,0,0,0.000000,0,False,False
11,190,90,0,0,0,1,0,0,0,0,0,0,0,0.000000,2,True,False
11,191,69,1,0,1,0,0,0,0,0,0,0,0,0.000000,6,True,False
11,192,90,0,0,0,1,0,0,0,0,0,3,0,0.000000,3,True,False
11,193,84,0,1,1,0,0,0,0,0,0,0,0,0.000000,6,True,False
11,194,0,0,0,0,0,0,0,0,0,0,0,0,0.000000,0,False,False
11,195,58,0,0,0,2,0,0,0,0,0,0,0,0.000000,1,True,False
11,196,69,0,1,1,0,0,0,0,0,0,0,0,0.000000,6,True,False
11,197,69,1,0,1,0,0,0,0,0,0,0,3,0.000000,11,True,True
11,198,90,0,0,0,1,0,0,0,0,0,0,0,0.000000,2,True,False
11,199,0,0,0,0,0,0,0,0,0,0,0,0,0.000000,0,False,False
11,200,20,0,0,0,1,0,0,0,0,0,0,0,0.000000,1,True,False
11,201,90,0,0,0,1,0,0,0,0,0,0,0,0.000000,2,True,False
11,202,20,0,0,0,1,0,0,0,0,0,0,0,0.000000,1,True,False
11,203,0,0,0,0,0,0,0,0,0,0,0,0,0.000000,0,False,False
11,204,0,0,0,0,0,0,0,0,0,0,0,0,0.000000,0,False,False
11,205,0,0,0,0,0,0,0,0,0,0,0,0,0.000000,0,False,False
11,206,0,0,0,0,0,0,0,0,0,0,0,0,0.000000,0,False,False
11,207,0,0,0,0,0,0,0,0,0,0,0,0,0.000000,0,False,False
11,208,90,0,0,0,1,0,0,0,0,0,0,2,0.000000,4,True,False
11,209,0,0,0,0,0,0,0,0,0,0,0,0,0.000000,0,False,False
11,210,0,0,0,0,0,0,0,0,0,0,0,0,0.000000,0,False,False
11,211,0,0,0,0,0,0,0,0,0,0,0,0,0.000000,0,False,False
11,212,90,0,0,0,2,0,0,0,0,0,0,0,0.000000,1,True,False
11,213,90,0,0,0,2,0,0,0,0,0,0,0,0.000000,1,True,False
11,214,0,0,0,0,0,0,0,0,0,0,0,0,0.000000,0,False,False
11,215,0,0,0,0,0,0,0,0,0,0,0,0,0.000000,0,False,False
11,216,90,0,0,0,2,0,0,0,0,0,0,0,0.000000,1,True,False
11,217,0,0,0,0,0,0,0,0,0,0,0,0,0.000000,0,False,False
11,218,90,2,0,0,2,0,0,0,0,0,0,2,0.000000,12,True,True
11,219,0,0,0,0,0,0,0,0,0,0,0,0,0.000000,0,False,False
11,220,64,0,1,0,2,0,0,0,0,0,0,0,0.000000,5,True,False
11,221,72,0,1,0,2,0,0,0,1,0,0,0,0.000000,4,True,False
11,222,2,0,0,0,0,0,0,0,1,0,0,0,0.000000,0,True,False
11,223,3,0,0,0,0,0,0,0,0,0,0,0,0.000000,1,True,False
11,224,0,0,0,0,0,0,0,0,0,0,0,0,0.000000,0,False,False
11,225,90,0,0,0,2,0,0,0,0,0,0,0,0.000000,2,True,False
11,226,0,0,0,0,0,0,0,0,0,0,0,0,0.000000,0,False,False
11,227,0,0,0,0,0,0,0,0,0,0,0,0,0.000000,0,False,False
11,228,90,0,0,0,2,0,0,0,0,0,0,0,0.000000,1,True,False
11,229,86,0,0,0,2,0,0,0,0,0,0,0,0.000000,2,True,False
11,230,17,0,0,0,0,0,0,0,0,0,0,0,0.000000,1,True,False
11,231,0,0,0,0,0,0,0,0,0,0,0,0,0.000000,0,False,False
11,232,90,0,0,0,2,0,0,0,0,0,0,0,0.000000,1,True,False
11,233,0,0,0,0,0,0,0,0,0,0,0,0,0.000000,0,False,False
11,234,0,0,0,0,0,0,0,0,0,0,0,0,0.000000,0,False,False
11,235,0,0,0,0,0,0,0,0,0,0,0,0,0.000000,0,False,False
11,236,25,0,0,0,0,0,0,0,0,0,0,0,0.000000,1,True,False
11,237,87,0,0,0,2,0,0,0,0,0,0,0,0.000000,2,True,False
11,238,0,0,0,0,0,0,0,0,0,0,0,0,0.000000,0,False,False
11,239,0,0,0,0,0,0,0,0,0,0,0,0,0.000000,0,False,False
11,240,0,0,0,0,0,0,0,0,0,0,0,0,0.000000,0,False,False
11,241,0,0,0,0,0,0,0,0,0,0,0,0,0.000000,0,False,False
11,242,90,0,0,0,2,0,0,0,0,0,0,0,0.000000,1,True,False
11,243,90,0,0,0,2,0,0,0,0,0,0,0,0.000000,1,True,False
11,244,86,0,0,0,2,0,0,0,0,0,0,0,0.000000,1,True,False
11,245,0,0,0,0,0,0,0,0,0,0,0,0,0.000000,0,False,False
11,246,90,0,0,0,2,0,0,0,1,0,4,0,0.000000,1,True,False
11,247,0,0,0,0,0,0,0,0,0,0,0,0,0.000000,0,False,False
11,248,13,0,0,0,0,0,0,0,0,0,0,0,0.000000,1,True,False
11,249,25,1,0,0,0,0,0,0,0,0,0,0,0.000000,5,True,False
11,250,64,0,0,0,2,0,0,0,0,0,0,0,0.000000,2,True,False
11,251,64,0,0,0,2,0,0,0,0,0,0,0,0.000000,2,True,False
11,252,90,0,0,0,2,0,0,0,0,0,0,0,0.000000,2,True,False
11,253,25,0,0,0,0,0,0,0,0,0,0,0,0.000000,1,True,False
11,254,0,0,0,0,0,0,0,0,0,0,0,0,0.000000,0,False,False
11,255,0,0,0,0,0,0,0,0,0,0,0,0,0.000000,0,False,False
11,256,76,0,0,0,2,0,0,0,1,0,0,0,0.000000,1,True,False
11,257,0,0,0,0,0,0,0,0,0,0,0,0,0.000000,0,False,False
11,258,64,0,0,0,2,0,0,0,0,0,0,0,0.000000,2,True,False
11,259,90,0,0,0,2,0,0,0,0,0,0,0,0.000000,1,True,False
11,260,79,1,1,0,1,0,0,0,0,0,0,3,0.000000,13,True,True
11,261,0,0,0,0,0,0,0,0,0,0,0,0,0.000000,0,False,False
11,262,90,0,0,0,1,0,0,0,1,0,0,0,0.000000,1,True,False
11,263,90,0,0,0,1,0,0,0,0,0,0,0,0.000000,2,True,False
11,264,90,0,0,0,1,0,0,0,0,0,0,0,0.000000,2,True,False
11,265,14,0,0,0,0,0,0,0,1,0,0,0,0.000000,0,True,False
11,266,0,0,0,0,0,0,0,0,0,0,0,0,0.000000,0,False,False
11,267,2,0,0,0,0,0,0,0,0,0,0,0,0.000000,1,True,False
11,268,45,0,0,0,0,0,0,0,0,0,0,0,0.000000,1,True,False
11,269,0,0,0,0,0,0,0,0,0,0,0,0,0.000000,0,False,False
11,270,87,0,0,0,1,0,0,0,0,0,0,0,0.000000,2,True,False
11,271,0,0,0,0,0,0,0,0,0,0,0,0,0.000000,0,False,False
11,272,90,0,0,0,1,0,0,0,0,0,4,0,0.000000,3,True,False
11,273,0,0,0,0,0,0,0,0,0,0,0,0,0.000000,0,False,False
11,274,0,0,0,0,0,0,0,0,0,0,0,0,0.000000,0,False,False
11,275,0,0,0,0,0,0,0,0,0,0,0,0,0.000000,0,False,False
11,276,45,1,0,0,1,0,0,0,0,0,0,0,0.000000,6,True,False
11,277,0,0,0,0,0,0,0,0,0,0,0,0,0.000000,0,False,False
11,278,0,0,0,0,0,0,0,0,0,0,0,0,0.000000,0,False,False
11,279,10,0,0,0,0,0,0,0,0,0,0,0,0.000000,1,True,False
11,280,0,0,0,0,0,0,0,0,0,0,0,0,0.000000,0,False,False
11,281,0,0,0,0,0,0,0,0,0,0,0,0,0.000000,0,False,False
11,282,90,0,0,0,1,0,0,0,0,0,0,0,0.000000,2,True,False
11,283,90,0,0,0,1,0,0,0,0,0,0,0,0.000000,2,True,False
11,284,0,0,0,0,0,0,0,0,0,0,0,0,0.000000,0,False,False
11,285,75,0,1,0,1,0,0,0,0,0,0,2,0.000000,7,True,False
11,286,0,0,0,0,0,0,0,0,0,0,0,0,0.000000,0,False,False
11,287,2,0,0,0,0,0,0,0,0,0,0,0,0.000000,1,True,False
11,288,87,0,0,0,1,0,0,0,0,0,0,0,0.000000,2,True,False
11,289,0,0,0,0,0,0,0,0,0,0,0,0,0.000000,0,False,False
11,290,90,0,0,0,2,0,0,0,0,0,3,0,0.000000,2,True,False
11,291,0,0,0,0,0,0,0,0,0,0,0,0,0.000000,0,False,False
11,292,0,0,0,0,0,0,0,0,0,0,0,0,0.000000,0,False,False
11,293,90,0,0,0,2,0,0,0,0,1,0,0,0.000000,-2,True,False
11,294,69,0,0,0,1,0,0,0,0,0,0,0,0.000000,2,True,False
11,295,90,0,0,0,2,0,0,0,0,0,0,0,0.000000,1,True,False
11,296,0,0,0,0,0,0,0,0,0,0,0,0,0.000000,0,False,False
11,297,0,0,0,0,0,0,0,0,0,0,0,0,0.000000,0,False,False
11,298,0,0,0,0,0,0,0,0,0,0,0,0,0.000000,0,False,False
11,299,58,0,0,0,0,0,0,0,1,0,0,0,0.000000,0,True,False
11,300,0,0,0,0,0,0,0,0,0,0,0,0,0.000000,0,False,False
11,301,90,0,0,0,2,0,0,0,0,0,0,0,0.000000,2,True,False
11,302,0,0,0,0,0,0,0,0,0,0,0,0,0.000000,0,False,False
11,303,31,0,0,0,2,0,0,0,0,0,0,0,0.000000,1,True,False
11,304,90,0,0,0,2,0,0,0,0,0,0,0,0.000000,2,True,False
11,305,20,0,0,0,1,0,0,0,0,0,0,0,0.000000,1,True,False
11,306,0,0,0,0,0,0,0,0,0,0,0,0,0.000000,0,False,False
11,307,0,0,0,0,0,0,0,0,0,0,0,0,0.000000,0,False,False
11,308,20,0,0,0,1,0,0,0,0,0,0,0,0.000000,1,True,False
11,309,90,0,0,0,2,0,0,0,0,0,0,0,0.000000,1,True,False
11,310,0,0,0,0,0,0,0,0,0,0,0,0,0.000000,0,False,False
11,311,0,0,0,0,0,0,0,0,0,0,0,0,0.000000,0,False,False
11,312,71,1,0,0,1,0,0,0,0,0,0,1,0.000000,7,True,False
11,313,0,0,0,0,0,0,0,0,0,0,0,0,0.000000,0,False,False
11,314,69,0,1,0,1,0,0,0,0,0,0,0,0.000000,5,True,False
11,315,90,0,0,0,2,0,0,0,0,0,0,0,0.000000,1,True,False
11,316,0,0,0,0,0,0,0,0,0,0,0,0,0.000000,0,False,False
11,317,90,0,0,1,0,0,0,0,0,0,0,0,0.000000,6,True,False
11,318,90,0,0,1,0,0,0,0,0,0,0,1,0.000000,7,True,False
11,319,90,0,0,1,0,0,0,0,1,0,0,0,0.000000,5,True,False
11,320,72,0,0,1,0,0,0,0,0,0,0,0,0.000000,6,True,False
11,321,17,0,0,0,0,0,0,0,0,0,0,0,0.000000,1,True,False
11,322,90,0,0,1,0,0,0,0,0,0,1,0,0.000000,6,True,False
11,323,90,0,0,1,0,0,0,0,0,0,0,0,0.000000,3,True,False
11,324,83,0,0,1,0,0,0,0,0,0,0,0,0.000000,3,True,False
11,325,90,0,0,1,0,0,0,0,0,0,0,0,0.000000,3,True,False
11,326,67,0,0,1,0,0,0,0,0,0,0,0,0.000000,2,True,False
11,327,0,0,0,0,0,0,0,0,0,0,0,0,0.000000,0,False,False
11,328,90,0,0,1,0,0,0,0,0,0,0,0,0.000000,6,True,False
11,329,0,0,0,0,0,0,0,0,0,0,0,0,0.000000,0,False,False
11,330,0,0,0,0,0,0,0,0,0,0,0,0,0.000000,0,False,False
11,331,22,0,0,0,0,0,0,0,0,0,0,0,0.000000,1,True,False
11,332,0,0,0,0,0,0,0,0,0,0,0,0,0.000000,0,False,False
11,333,0,0,0,0,0,0,0,0,0,0,0,0,0.000000,0,False,False
11,334,0,0,0,0,0,0,0,0,0,0,0,0,0.000000,0,False,False
11,335,0,0,0,0,0,0,0,0,0,0,0,0,0.000000,0,False,False
11,336,90,0,0,1,0,0,0,0,0,0,0,0,0.000000,3,True,False
11,337,0,0,0,0,0,0,0,0,0,0,0,0,0.000000,0,False,False
11,338,0,0,0,0,0,0,0,0,0,0,0,0,0.000000,0,False,False
11,339,0,0,0,0,0,0,0,0,0,0,0,0,0.000000,0,False,False
11,340,0,0,0,0,0,0,0,0,0,0,0,0,0.000000,0,False,False
11,341,0,0,0,0,0,0,0,0,0,0,0,0,0.000000,0,False,False
11,342,90,0,0,0,2,0,0,0,0,0,0,1,0.000000,3,True,False
11,343,0,0,0,0,0,0,0,0,0,0,0,0,0.000000,0,False,False
11,344,0,0,0,0,0,0,0,0,0,0,0,0,0.000000,0,False,False
11,345,0,0,0,0,0,0,0,0,0,0,0,0,0.000000,0,False,False
11,346,0,0,0,0,0,0,0,0,0,0,0,0,0.000000,0,False,False
11,347,0,0,0,0,0,0,0,0,0,0,0,0,0.000000,0,False,False
11,348,0,0,0,0,0,0,0,0,0,0,0,0,0.000000,0,False,False
11,349,0,0,0,0,0,0,0,0,0,0,0,0,0.000000,0,False,False
11,350,0,0,0,0,0,0,0,0,0,0,0,0,0.000000,0,False,False
11,351,0,0,0,0,0,0,0,0,0,0,0,0,0.000000,0,False,False
11,352,0,0,0,0,0,0,0,0,0,0,0,0,0.000000,0,False,False
11,353,0,0,0,0,0,0,0,0,0,0,0,0,0.000000,0,False,False
11,354,0,0,0,0,0,0,0,0,0,0,0,0,0.000000,0,False,False
11,355,0,0,0,0,0,0,0,0,0,0,0,0,0.000000,0,False,False
11,356,0,0,0,0,0,0,0,0,0,0,0,0,0.000000,0,False,False
11,357,0,0,0,0,0,0,0,0,0,0,0,0,0.000000,0,False,False
11,358,0,0,0,0,0,0,0,0,0,0,0,0,0.000000,0,False,False
11,359,0,0,0,0,0,0,0,0,0,0,0,0,0.000000,0,False,False
11,360,0,0,0,0,0,0,0,0,0,0,0,0,0.000000,0,False,False
11,361,0,0,0,0,0,0,0,0,0,0,0,0,0.000000,0,False,False
11,362,0,0,0,0,0,0,0,0,0,0,0,0,0.000000,0,False,False
11,363,0,0,0,0,0,0,0,0,0,0,0,0,0.000000,0,False,False
11,364,0,0,0,0,0,0,0,0,0,0,0,0,0.000000,0,False,False
11,365,0,0,0,0,0,0,0,0,0,0,0,0,0.000000,0,False,False
11,366,90,0,0,0,1,0,0,0,0,0,0,0,0.000000,2,True,False
11,367,0,0,0,0,0,0,0,0,0,0,0,0,0.000000,0,False,False
11,368,0,0,0,0,0,0,0,0,0,0,0,0,0.000000,0,False,False
11,369,17,1,0,0,1,0,0,0,0,0,0,0,0.000000,6,True,False
11,370,72,0,0,1,0,0,0,0,1,0,0,0,0.000000,2,True,False
11,371,72,0,1,1,0,0,0,0,0,0,0,0,0.000000,6,True,False
11,372,90,0,0,0,2,0,0,0,1,0,0,0,0.000000,1,True,False
11,373,90,1,0,0,1,0,0,0,0,0,0,2,0.000000,9,True,True
11,374,0,0,0,0,0,0,0,0,0,0,0,0,0.000000,0,False,False
11,375,0,0,0,0,0,0,0,0,0,0,0,0,0.000000,0,False,False
11,376,0,0,0,0,0,0,0,0,0,0,0,0,0.000000,0,False,False
11,377,31,0,0,0,1,0,0,0,0,0,0,0,0.000000,1,True,False
11,378,90,0,0,0,1,0,0,0,0,0,0,1,0.000000,3,True,False
11,379,59,0,0,0,0,0,0,0,0,0,0,0,0.000000,1,True,False
11,380,90,0,0,0,1,0,0,0,0,0,0,0,0.000000,2,True,False
11,381,0,0,0,0,0,0,0,0,0,0,0,0,0.000000,0,False,False
11,382,80,0,1,1,0,0,0,0,0,0,0,0,0.000000,5,True,False
11,383,90,0,0,0,1,0,0,0,0,0,3,0,0.000000,3,True,False
11,384,0,0,0,0,0,0,0,0,0,0,0,0,0.000000,0,False,False
11,385,30,0,0,0,1,0,0,0,0,0,0,0,0.000000,1,True,False
11,386,90,0,1,0,1,0,0,0,0,0,0,3,0.000000,8,True,False
11,387,0,0,0,0,0,0,0,0,0,0,0,0,0.000000,0,False,False
11,388,59,1,0,0,0,0,0,0,0,0,0,0,0.000000,6,True,False
11,389,0,0,0,0,0,0,0,0,0,0,0,0,0.000000,0,False,False
11,390,0,0,0,0,0,0,0,0,0,0,0,0,0.000000,0,False,False
11,391,9,0,0,0,1,0,0,0,0,0,0,0,0.000000,1,True,False
11,392,90,0,0,0,2,0,0,0,0,0,4,0,0.000000,2,True,False
11,393,0,0,0,0,0,0,0,0,0,0,0,0,0.000000,0,False,False
11,394,0,0,0,0,0,0,0,0,0,0,0,0,0.000000,0,False,False
11,395,90,0,0,0,2,0,0,0,0,0,0,0,0.000000,1,True,False
11,396,19,0,0,0,0,0,0,0,0,0,0,0,0.000000,1,True,False
11,397,90,0,0,0,2,0,0,0,0,0,0,0,0.000000,1,True,False
11,398,0,0,0,0,0,0,0,0,0,0,0,0,0.000000,0,False,False
11,399,0,0,0,0,0,0,0,0,0,0,0,0,0.000000,0,False,False
11,400,0,0,0,0,0,0,0,0,0,0,0,0,0.000000,0,False,False
11,401,9,0,0,0,0,0,0,0,0,0,0,0,0.000000,1,True,False
11,402,19,0,0,0,0,0,0,0,0,0,0,0,0.000000,1,True,False
11,403,0,0,0,0,0,0,0,0,0,0,0,0,0.000000,0,False,False
11,404,0,0,0,0,0,0,0,0,0,0,0,0,0.000000,0,False,False
11,405,80,0,0,0,2,0,0,0,1,0,0,0,0.000000,1,True,False
11,406,0,0,0,0,0,0,0,0,0,0,0,0,0.000000,0,False,False
11,407,0,0,0,0,0,0,0,0,0,0,0,0,0.000000,0,False,False
11,408,45,0,0,0,1,0,0,0,0,0,0,0,0.000000,1,True,False
11,409,45,0,1,0,1,0,0,0,0,0,0,0,0.000000,4,True,False
11,410,90,0,1,0,2,0,0,0,0,0,0,0,0.000000,5,True,False
11,411,9,0,0,0,0,0,0,0,0,0,0,0,0.000000,1,True,False
11,412,0,0,0,0,0,0,0,0,0,0,0,0,0.000000,0,False,False
11,413,0,0,0,0,0,0,0,0,0,0,0,0,0.000000,0,False,False
11,414,80,0,0,0,2,0,0,0,0,0,0,0,0.000000,2,True,False
11,415,70,0,0,0,2,0,0,0,0,0,0,0,0.000000,1,True,False
11,416,0,0,0,0,0,0,0,0,0,0,0,0,0.000000,0,False,False
11,417,0,0,0,0,0,0,0,0,0,0,0,0,0.000000,0,False,False
11,418,0,0,0,0,0,0,0,0,0,0,0,0,0.000000,0,False,False
11,419,70,1,0,0,2,0,0,0,0,0,0,3,0.000000,9,True,True
11,420,90,0,0,0,1,0,0,0,0,0,0,0,0.000000,2,True,False
11,421,0,0,0,0,0,0,0,0,0,0,0,0,0.000000,0,False,False
11,422,25,0,1,0,0,0,0,0,1,0,0,0,0.000000,3,True,False
11,423,0,0,0,0,0,0,0,0,0,0,0,0,0.000000,0,False,False
11,424,0,0,0,0,0,0,0,0,0,0,0,0,0.000000,0,False,False
11,425,0,0,0,0,0,0,0,0,0,0,0,0,0.000000,0,False,False
11,426,0,0,0,0,0,0,0,0,0,0,0,0,0.000000,0,False,False
11,427,0,0,0,0,0,0,0,0,0,0,0,0,0.000000,0,False,False
11,428,18,0,0,0,1,0,0,0,0,0,0,0,0.000000,1,True,False
11,429,17,0,0,0,1,0,0,0,0,0,0,0,0.000000,1,True,False
11,430,0,0,0,0,0,0,0,0,0,0,0,0,0.000000,0,False,False
11,431,0,0,0,0,0,0,0,0,0,0,0,0,0.000000,0,False,False
11,432,0,0,0,0,0,0,0,0,0,0,0,0,0.000000,0,False,False
11,433,3,0,0,0,0,0,0,0,0,0,0,0,0.000000,1,True,False
11,434,31,0,0,0,1,0,0,0,0,0,0,0,0.000000,1,True,False
11,435,90,0,0,0,2,0,0,0,0,0,0,0,0.000000,2,True,False
11,436,1,0,0,0,0,0,0,0,0,0,0,0,0.000000,1,True,False
11,437,0,0,0,0,0,0,0,0,0,0,0,0,0.000000,0,False,False
11,438,0,0,0,0,0,0,0,0,0,0,0,0,0.000000,0,False,False
11,439,0,0,0,0,0,0,0,0,0,0,0,0,0.000000,0,False,False
11,440,90,0,2,0,2,0,0,0,0,0,0,2,0.000000,10,True,True
11,441,20,0,0,0,1,0,0,0,0,0,0,0,0.000000,1,True,False
11,442,6,0,0,0,0,0,0,0,0,0,0,0,0.000000,1,True,False
12,1,0,0,0,0,0,0,0,0,0,0,0,0,0.000000,0,False,False
12,2,68,0,0,1,0,0,0,0,0,0,0,0,0.000000,6,True,False
12,3,21,0,0,0,0,0,0,0,0,0,0,0,0.000000,1,True,False
12,4,0,0,0,0,0,0,0,0,0,0,0,0,0.000000,0,False,False
12,5,90,0,0,1,0,0,0,0,0,0,0,0,0.000000,6,True,False
12,6,0,0,0,0,0,0,0,0,0,0,0,0,0.000000,0,False,False
12,7,21,1,0,0,0,0,0,0,0,0,0,0,0.000000,5,True,False
12,8,68,0,0,1,0,0,0,0,0,0,0,0,0.000000,2,True,False
12,9,0,0,0,0,0,0,0,0,0,0,0,0,0.000000,0,False,False
12,10,90,0,0,1,0,0,0,0,0,0,2,0,0.000000,6,True,False
12,11,0,0,0,0,0,0,0,0,0,0,0,0,0.000000,0,False,False
12,12,90,0,1,1,0,0,0,0,0,0,0,3,0.000000,9,True,False
12,13,22,0,0,0,0,0,0,0,0,0,0,0,0.000000,1,True,False
12,14,0,0,0,0,0,0,0,0,0,0,0,0,0.000000,0,False,False
12,15,90,0,0,1,0,0,0,0,0,0,0,0,0.000000,3,True,False
12,16,81,1,0,1,0,0,0,0,0,0,0,2,0.000000,10,True,False
12,17,68,0,0,1,0,0,0,0,0,0,0,0,0.000000,3,True,False
12,18,0,0,0,0,0,0,0,0,0,0,0,0,0.000000,0,False,False
12,19,90,0,0,1,0,0,0,0,0,0,0,0,0.000000,3,True,False
12,20,21,0,0,0,0,0,0,0,0,0,0,0,0.000000,1,True,False
12,21,90,0,0,1,0,0,0,0,0,0,0,1,0.000000,7,True,False
12,22,0,0,0,0,0,0,0,0,0,0,0,0,0.000000,0,False,False
12,23,8,0,0,0,0,0,0,0,0,0,0,0,0.000000,1,True,False
12,24,0,0,0,0,0,0,0,0,0,0,0,0,0.000000,0,False,False
12,25,0,0,0,0,0,0,0,0,0,0,0,0,0.000000,0,False,False
12,26,45,0,0,0,0,0,0,0,0,0,0,0,0.000000,1,True,False
12,27,0,0,0,0,0,0,0,0,0,0,0,0,0.000000,0,False,False
12,28,90,0,0,0,1,0,0,0,0,0,0,0,0.000000,2,True,False
12,29,90,0,0,0,1,0,0,0,0,0,0,0,0.000000,2,True,False
12,30,0,0,0,0,0,0,0,0,0,0,0,0,0.000000,0,False,False
12,31,61,0,0,0,1,0,0,0,0,0,0,0,0.000000,2,True,False
12,32,90,0,0,0,1,0,0,0,0,0,2,0,0.000000,2,True,False
12,33,0,0,0,0,0,0,0,0,0,0,0,0,0.000000,0,False,False
12,34,0,0,0,0,0,0,0,0,0,0,0,0,0.000000,0,False,False
12,35,28,0,2,0,0,0,0,0,1,0,0,1,0.000000,7,True,False
12,36,0,0,0,0,0,0,0,0,0,0,0,0,0.000000,0,False,False
12,37,90,0,0,0,1,0,0,0,0,0,0,0,0.000000,2,True,False
12,38,28,0,0,0,0,0,0,0,0,0,0,0,0.000000,1,True,False
12,39,61,0,0,0,1,0,0,0,0,0,0,0,0.000000,2,True,False
12,40,0,0,0,0,0,0,0,0,0,0,0,0,0.000000,0,False,False
12,41,0,0,0,0,0,0,0,0,0,0,0,0,0.000000,0,False,False
12,42,0,0,0,0,0,0,0,0,0,0,0,0,0.000000,0,False,False
12,43,0,0,0,0,0,0,0,0,0,0,0,0,0.000000,0,False,False
12,44,28,0,0,0,0,0,0,0,0,0,0,0,0.000000,1,True,False
12,45,45,1,0,0,1,0,0,0,0,0,0,2,0.000000,7,True,True
12,46,12,0,0,0,0,0,0,0,0,0,0,0,0.000000,1,True,False
12,47,0,0,0,0,0,0,0,0,0,0,0,0,0.000000,0,False,False
12,48,90,0,0,0,1,0,0,0,0,0,0,0,0.000000,2,True,False
12,49,0,0,0,0,0,0,0,0,0,0,0,0,0.000000,0,False,False
12,50,61,0,0,0,1,0,0,0,0,0,0,0,0.000000,2,True,False
12,51,0,0,0,0,0,0,0,0,0,0,0,0,0.000000,0,False,False
12,52,77,0,0,0,1,0,0,0,0,0,0,0,0.000000,2,True,False
12,53,0,0,0,0,0,0,0,0,0,0,0,0,0.000000,0,False,False
12,54,90,0,0,0,2,0,0,0,0,0,3,0,0.000000,2,True,False
12,55,90,0,0,0,2,0,0,0,1,0,0,0,0.000000,0,True,False
12,56,0,0,0,0,0,0,0,0,0,0,0,0,0.000000,0,False,False
12,57,0,0,0,0,0,0,0,0,0,0,0,0,0.000000,0,False,False
12,58,90,0,0,0,2,0,0,0,1,0,0,0,0.000000,0,True,False
12,59,90,0,0,0,2,0,0,0,0,0,0,0,0.000000,2,True,False
12,60,0,0,0,0,0,0,0,0,0,0,0,0,0.000000,0,False,False
12,61,0,0,0,0,0,0,0,0,0,0,0,0,0.000000,0,False,False
12,62,73,0,0,0,2,0,0,0,0,0,0,0,0.000000,2,True,False
12,63,83,0,0,0,2,0,0,0,0,0,0,1,0.000000,3,True,False
12,64,0,0,0,0,0,0,0,0,0,0,0,0,0.000000,0,False,False
12,65,0,0,0,0,0,0,0,0,0,0,0,0,0.000000,0,False,False
12,66,90,0,0,0,2,0,0,0,0,0,0,0,0.000000,1,True,False
12,67,16,0,0,0,0,0,0,0,0,0,0,0,0.000000,1,True,False
12,68,0,0,0,0,0,0,0,0,0,0,0,0,0.000000,0,False,False
12,69,0,0,0,0,0,0,0,0,0,0,0,0,0.000000,0,False,False
12,70,0,0,0,0,0,0,0,0,0,0,0,0,0.000000,0,False,False
12,71,83,0,0,0,2,0,0,0,0,0,0,0,0.000000,1,True,False
12,72,67,0,0,0,1,0,0,0,0,0,0,0,0.000000,2,True,False
12,73,6,0,0,0,0,0,0,0,0,0,0,0,0.000000,1,True,False
12,74,90,0,0,0,2,0,0,0,0,0,0,0,0.000000,1,True,False
12,75,0,0,0,0,0,0,0,0,0,0,0,0,0.000000,0,False,False
12,76,6,0,0,0,0,0,0,0,0,0,0,0,0.000000,1,True,False
12,77,83,0,0,0,2,0,0,0,1,0,0,0,0.000000,1,True,False
12,78,0,0,0,0,0,0,0,0,0,0,0,0,0.000000,0,False,False
12,79,86,0,0,0,2,0,0,0,1,0,0,0,0.000000,0,True,False
12,80,0,0,0,0,0,0,0,0,0,0,0,0,0.000000,0,False,False
12,81,90,0,0,0,2,0,0,0,0,0,0,0,0.000000,2,True,False
12,82,72,0,0,0,1,0,0,0,0,0,0,0,0.000000,2,True,False
12,83,0,0,0,0,0,0,0,0,0,0,0,0,0.000000,0,False,False
12,84,17,0,0,0,1,0,0,0,0,0,0,0,0.000000,1,True,False
12,85,18,0,0,0,1,0,0,0,0,0,0,0,0.000000,1,True,False
12,86,0,0,0,0,0,0,0,0,0,0,0,0,0.000000,0,False,False
12,87,0,0,0,0,0,0,0,0,0,0,0,0,0.000000,0,False,False
12,88,90,0,0,0,2,0,0,0,0,0,1,0,0.000000,1,True,False
12,89,0,0,0,0,0,0,0,0,0,0,0,0,0.000000,0,False,False
12,90,21,0,0,0,1,0,0,0,0,0,0,0,0.000000,1,True,False
12,91,0,0,0,0,0,0,0,0,0,0,0,0,0.000000,0,False,False
12,92,90,1,0,0,2,0,0,0,0,0,0,3,0.000000,10,True,True
12,93,0,0,0,0,0,0,0,0,0,0,0,0,0.000000,0,False,False
12,94,0,0,0,0,0,0,0,0,0,0,0,0,0.000000,0,False,False
12,95,0,0,0,0,0,0,0,0,0,0,0,0,0.000000,0,False,False
12,96,0,0,0,0,0,0,0,0,0,0,0,0,0.000000,0,False,False
12,97,90,0,0,0,2,0,0,0,1,0,0,0,0.000000,0,True,False
12,98,0,0,0,0,0,0,0,0,0,0,0,0,0.000000,0,False,False
12,99,0,0,0,0,0,0,0,0,0,0,0,0,0.000000,0,False,False
12,100,90,0,0,0,2,0,0,0,0,0,0,0,0.000000,2,True,False
12,101,0,0,0,0,0,0,0,0,0,0,0,0,0.000000,0,False,False
12,102,71,0,0,0,1,0,0,0,0,0,0,0,0.000000,2,True,False
12,103,0,0,0,0,0,0,0,0,0,0,0,0,0.000000,0,False,False
12,104,3,0,1,0,0,0,0,0,0,0,0,0,0.000000,4,True,False
12,105,0,0,0,0,0,0,0,0,0,0,0,0,0.000000,0,False,False
12,106,90,0,0,0,2,0,0,0,0,0,0,0,0.000000,1,True,False
12,107,0,0,0,0,0,0,0,0,0,0,0,0,0.000000,0,False,False
12,108,0,0,0,0,0,0,0,0,0,0,0,0,0.000000,0,False,False
12,109,0,0,0,0,0,0,0,0,0,0,0,0,0.000000,0,False,False
12,110,20,0,0,0,1,0,0,0,0,0,0,0,0.000000,1,True,False
12,111,69,0,0,0,1,0,0,0,0,0,0,0,0.000000,2,True,False
12,112,8,0,0,0,0,0,0,0,0,0,0,0,0.000000,1,True,False
12,113,0,0,0,0,0,0,0,0,0,0,0,0,0.000000,0,False,False
12,114,0,0,0,0,0,0,0,0,0,0,0,0,0.000000,0,False,False
12,115,90,0,0,0,2,0,0,0,0,0,3,0,0.000000,2,True,False
12,116,20,0,0,0,1,0,0,0,0,0,0,0,0.000000,1,True,False
12,117,0,0,0,0,0,0,0,0,0,0,0,0,0.000000,0,False,False
12,118,30,0,0,0,1,0,0,0,0,0,0,0,0.000000,1,True,False
12,119,0,0,0,0,0,0,0,0,0,0,0,0,0.000000,0,False,False
12,120,69,0,0,0,1,0,0,0,0,0,0,0,0.000000,2,True,False
12,121,0,0,0,0,0,0,0,0,0,0,0,0,0.000000,0,False,False
12,122,90,0,0,0,2,0,0,0,0,0,0,0,0.000000,1,True,False
12,123,90,0,0,0,2,0,0,0,0,0,0,0,0.000000,2,True,False
12,124,90,0,0,0,2,0,0,0,0,0,0,0,0.000000,1,True,False
12,125,0,0,0,0,0,0,0,0,0,0,0,0,0.000000,0,False,False
12,126,0,0,0,0,0,0,0,0,0,0,0,0,0.000000,0,False,False
12,127,81,0,0,0,2,0,0,0,0,0,0,0,0.000000,1,True,False
12,128,59,0,0,0,1,0,0,0,0,0,0,0,0.000000,1,True,False
12,129,30,0,0,0,1,0,0,0,1,0,0,0,0.000000,0,True,False
12,130,0,0,0,0,0,0,0,0,0,0,0,0,0.000000,0,False,False
12,131,0,0,0,0,0,0,0,0,0,0,0,0,0.000000,0,False,False
12,132,0,0,0,0,0,0,0,0,0,0,0,0,0.000000,0,False,False
12,133,59,0,0,0,1,0,0,0,0,0,0,0,0.000000,1,True,False
12,134,90,0,0,0,2,0,0,0,0,0,0,0,0.000000,2,True,False
12,135,45,0,0,0,1,0,0,0,1,0,0,0,0.000000,0,True,False
12,136,45,0,0,0,2,0,0,0,0,0,0,0,0.000000,1,True,False
12,137,0,0,0,0,0,0,0,0,0,0,0,0,0.000000,0,False,False
12,138,43,0,0,0,2,0,0,0,0,0,0,0,0.000000,0,True,False
12,139,90,0,0,0,3,0,0,0,0,0,0,0,0.000000,1,True,False
12,140,0,0,0,0,0,0,0,0,0,0,0,0,0.000000,0,False,False
12,141,90,0,0,0,3,0,0,0,0,0,0,0,0.000000,2,True,False
12,142,45,0,0,0,1,0,0,0,0,0,0,0,0.000000,1,True,False
12,143,0,0,0,0,0,0,0,0,0,0,0,0,0.000000,0,False,False
12,144,90,0,0,0,3,0,1,0,0,0,7,0,0.000000,8,True,False
12,145,46,0,0,0,1,0,0,0,0,0,0,0,0.000000,1,True,False
12,146,90,0,0,0,3,0,0,0,0,0,0,0,0.000000,2,True,False
12,147,45,0,0,0,2,0,0,0,0,0,0,0,0.000000,1,True,False
12,148,0,0,0,0,0,0,0,0,0,0,0,0,0.000000,0,False,False
12,149,0,0,0,0,0,0,0,0,0,0,0,0,0.000000,0,False,False
12,150,45,0,0,0,2,0,0,0,0,0,0,0,0.000000,1,True,False
12,151,0,0,0,0,0,0,0,0,0,0,0,0,0.000000,0,False,False
12,152,0,0,0,0,0,0,0,0,0,0,0,0,0.000000,0,False,False
12,153,0,0,0,0,0,0,0,0,0,0,0,0,0.000000,0,False,False
12,154,90,0,0,0,3,0,0,0,0,0,0,0,0.000000,1,True,False
12,155,28,0,0,0,0,0,0,0,0,0,0,0,0.000000,1,True,False
12,156,0,0,0,0,0,0,0,0,0,0,0,0,0.000000,0,False,False
12,157,61,0,0,0,3,0,0,0,0,0,0,0,0.000000,2,True,False
12,158,90,0,0,0,3,0,0,0,0,0,0,0,0.000000,1,True,False
12,159,45,0,0,0,1,0,0,0,0,0,0,0,0.000000,1,True,False
12,160,90,0,0,1,0,0,0,0,0,0,2,0,0.000000,6,True,False
12,161,0,0,0,0,0,0,0,0,0,0,0,0,0.000000,0,False,False
12,162,90,0,0,1,0,0,0,0,0,0,0,0,0.000000,6,True,False
12,163,0,0,0,0,0,0,0,0,0,0,0,0,0.000000,0,False,False
12,164,0,0,0,0,0,0,0,0,0,0,0,0,0.000000,0,False,False
12,165,1,0,0,0,0,0,0,0,0,0,0,0,0.000000,1,True,False
12,166,90,0,0,1,0,0,0,0,0,0,0,0,0.000000,6,True,False
12,167,0,0,0,0,0,0,0,0,0,0,0,0,0.000000,0,False,False
12,168,90,0,0,1,0,0,0,0,0,0,0,0,0.000000,6,True,False
12,169,85,0,0,0,2,0,0,0,0,0,0,0,0.000000,1,True,False
12,170,90,0,0,1,0,0,0,0,0,0,0,0,0.000000,3,True,False
12,171,58,0,0,0,0,0,0,0,1,0,0,0,0.000000,0,True,False
12,172,0,0,0,0,0,0,0,0,0,0,0,0,0.000000,0,False,False
12,173,31,0,0,0,0,0,0,0,0,0,0,0,0.000000,1,True,False
12,174,1,0,0,0,0,0,0,0,0,0,0,0,0.000000,1,True,False
12,175,58,0,0,0,0,0,0,0,0,0,0,0,0.000000,1,True,False
12,176,90,0,1,1,0,0,0,0,0,0,0,0,0.000000,6,True,False
12,177,0,0,0,0,0,0,0,0,0,0,0,0,0.000000,0,False,False
12,178,0,0,0,0,0,0,0,0,0,0,0,0,0.000000,0,False,False
12,179,31,0,1,0,0,0,0,0,0,0,0,2,0.000000,6,True,False
12,180,90,1,0,1,0,0,0,0,0,0,0,3,0.000000,11,True,True
12,181,0,0,0,0,0,0,0,0,0,0,0,0,0.000000,0,False,False
12,182,1,0,0,0,0,0,0,0,0,0,0,0,0.000000,1,True,False
12,183,89,1,0,1,0,0,0,0,0,0,0,0,0.000000,6,True,False
12,184,0,0,0,0,0,0,0,0,0,0,0,0,0.000000,0,False,False
12,185,0,0,0,0,0,0,0,0,0,0,0,0,0.000000,0,False,False
12,186,74,0,0,0,1,0,0,0,0,0,0,0,0.000000,2,True,False
12,187,15,0,0,0,1,0,0,0,0,0,0,0,0.000000,1,True,False
12,188,45,0,0,0,1,0,0,0,0,0,0,0,0.000000,1,True,False
12,189,0,0,0,0,0,0,0,0,0,0,0,0,0.000000,0,False,False
12,190,90,0,0,0,2,0,0,0,0,0,0,0,0.000000,1,True,False
12,191,0,0,0,0,0,0,0,0,0,0,0,0,0.000000,0,False,False
12,192,90,0,0,0,2,0,0,0,0,0,2,0,0.000000,1,True,False
12,193,90,0,0,0,2,0,0,0,0,0,0,0,0.000000,2,True,False
12,194,0,0,0,0,0,0,0,0,0,0,0,0,0.000000,0,False,False
12,195,90,1,0,0,1,0,0,0,0,0,0,3,0.000000,10,True,False
12,196,90,0,0,0,2,0,0,0,0,0,0,0,0.000000,2,True,False
12,197,90,1,1,0,2,0,0,0,0,0,0,0,0.000000,10,True,True
12,198,90,0,0,0,2,0,0,0,1,0,0,3,0.000000,4,True,False
12,199,45,0,0,0,1,0,0,0,0,0,0,0,0.000000,1,True,False
12,200,23,0,0,0,1,0,0,0,0,0,0,0,0.000000,1,True,False
12,201,59,0,0,0,1,0,0,0,0,0,0,0,0.000000,1,True,False
12,202,66,1,0,0,1,0,0,0,1,0,0,1,0.000000,7,True,False
12,203,0,0,0,0,0,0,0,0,0,0,0,0,0.000000,0,False,False
12,204,0,0,0,0,0,0,0,0,0,0,0,0,0.000000,0,False,False
12,205,0,0,0,0,0,0,0,0,0,0,0,0,0.000000,0,False,False
12,206,0,0,0,0,0,0,0,0,0,0,0,0,0.000000,0,False,False
12,207,0,0,0,0,0,0,0,0,0,0,0,0,0.000000,0,False,False
12,208,30,0,0,0,1,0,0,0,0,0,0,0,0.000000,1,True,False
12,209,0,0,0,0,0,0,0,0,0,0,0,0,0.000000,0,False,False
12,210,90,0,0,1,0,0,0,0,0,0,0,0,0.000000,6,True,False
12,211,25,0,0,0,0,0,0,0,0,0,0,0,0.000000,1,True,False
12,212,24,0,0,0,0,0,0,0,0,0,0,0,0.000000,1,True,False
12,213,90,0,0,1,0,0,0,0,0,0,0,0,0.000000,6,True,False
12,214,64,0,0,1,0,0,0,0,0,0,0,0,0.000000,6,True,False
12,215,0,0,0,0,0,0,0,0,0,0,0,0,0.000000,0,False,False
12,216,0,0,0,0,0,0,0,0,0,0,0,0,0.000000,0,False,False
12,217,90,0,0,1,0,0,0,0,0,0,0,0,0.000000,6,True,False
12,218,25,0,0,0,0,0,0,1,0,0,0,0,0.000000,-1,True,False
12,219,0,0,0,0,0,0,0,0,0,0,0,0,0.000000,0,False,False
12,220,90,0,0,1,0,0,0,0,0,0,0,0,0.000000,3,True,False
12,221,90,0,1,1,0,0,0,0,0,0,0,3,0.000000,9,True,False
12,222,9,0,0,0,0,0,0,0,0,0,0,0,0.000000,1,True,False
12,223,0,0,0,0,0,0,0,0,0,0,0,0,0.000000,0,False,False
12,224,53,0,1,0,0,0,0,0,0,0,0,0,0.000000,4,True,False
12,225,36,0,0,0,0,0,0,0,0,0,0,0,0.000000,1,True,False
12,226,0,0,0,0,0,0,0,0,0,0,0,0,0.000000,0,False,False
12,227,0,0,0,0,0,0,0,0,0,0,0,0,0.000000,0,False,False
12,228,0,0,0,0,0,0,0,0,0,0,0,0,0.000000,0,False,False
12,229,64,1,0,1,0,0,0,0,0,0,0,1,0.000000,9,True,False
12,230,0,0,0,0,0,0,0,0,0,0,0,0,0.000000,0,False,False
12,231,0,0,0,0,0,0,0,0,0,0,0,0,0.000000,0,False,False
12,232,90,0,0,1,0,0,0,0,0,0,1,0,0.000000,6,True,False
12,233,0,0,0,0,0,0,0,0,0,0,0,0,0.000000,0,False,False
12,234,0,0,0,0,0,0,0,0,0,0,0,0,0.000000,0,False,False
12,235,65,1,0,1,0,0,0,0,0,0,0,0,0.000000,12,True,True
12,236,90,0,0,1,0,0,0,0,0,0,0,0,0.000000,3,True,False
12,237,80,1,0,1,0,0,0,0,0,0,0,2,0.000000,10,True,False
12,238,0,0,0,0,0,0,0,0,0,0,0,0,0.000000,0,False,False
12,239,0,0,0,0,0,0,0,0,0,0,0,0,0.000000,0,False,False
12,240,90,0,0,0,2,0,0,0,0,0,0,0,0.000000,1,True,False
12,241,0,0,0,0,0,0,0,0,0,0,0,0,0.000000,0,False,False
12,242,90,0,0,0,2,0,0,0,1,0,0,0,0.000000,0,True,False
12,243,0,0,0,0,0,0,0,0,0,0,0,0,0.000000,0,False,False
12,244,90,0,1,0,2,0,0,0,0,0,0,1,0.000000,5,True,False
12,245,0,0,0,0,0,0,0,0,0,0,0,0,0.000000,0,False,False
12,246,90,0,0,0,2,0,0,0,0,0,1,0,0.000000,1,True,False
12,247,26,0,1,0,1,0,0,0,0,0,0,0,0.000000,4,True,False
12,248,0,0,0,0,0,0,0,0,0,0,0,0,0.000000,0,False,False
12,249,13,0,0,0,1,0,0,0,0,0,0,0,0.000000,1,True,False
12,250,90,0,0,0,2,0,0,0,0,0,0,0,0.000000,2,True,False
12,251,62,0,0,0,1,0,0,0,0,0,0,0,0.000000,2,True,False
12,252,76,0,0,0,1,0,0,0,0,0,0,0,0.000000,2,True,False
12,253,63,1,0,0,1,0,0,0,0,0,0,2,0.000000,9,True,False
12,254,27,1,0,0,1,0,0,0,0,0,0,0,0.000000,6,True,False
12,255,13,0,0,0,1,0,0,0,0,0,0,0,0.000000,1,True,False
12,256,55,0,0,0,2,0,0,0,0,1,0,0,0.000000,-2,True,False
12,257,0,0,0,0,0,0,0,0,0,0,0,0,0.000000,0,False,False
12,258,76,0,0,0,1,0,0,0,0,0,0,0,0.000000,2,True,False
12,259,90,0,0,0,2,0,0,0,0,0,0,0,0.000000,1,True,False
12,260,90,0,0,1,0,0,0,0,0,0,0,0,0.000000,3,True,False
12,261,0,0,0,0,0,0,0,0,0,0,0,0,0.000000,0,False,False
12,262,90,0,0,1,0,0,0,0,0,0,0,0,0.000000,3,True,False
12,263,90,0,0,1,0,0,0,0,0,0,0,0,0.000000,6,True,False
12,264,0,0,0,0,0,0,0,0,0,0,0,0,0.000000,0,False,False
12,265,90,0,0,1,0,0,0,0,0,0,0,0,0.000000,6,True,False
12,266,0,0,0,0,0,0,0,0,0,0,0,0,0.000000,0,False,False
12,267,8,0,0,0,0,0,0,0,0,0,0,0,0.000000,1,True,False
12,268,16,0,0,0,0,0,0,0,0,0,0,0,0.000000,1,True,False
12,269,7,0,0,0,0,0,0,0,0,0,0,0,0.000000,1,True,False
12,270,82,1,0,1,0,0,0,0,0,0,0,0,0.000000,6,True,False
12,271,0,0,0,0,0,0,0,0,0,0,0,0,0.000000,0,False,False
12,272,0,0,0,0,0,0,0,0,0,0,0,0,0.000000,0,False,False
12,273,90,0,0,1,0,0,0,0,0,0,2,3,0.000000,9,True,True
12,274,0,0,0,0,0,0,0,0,0,0,0,0,0.000000,0,False,False
12,275,0,0,0,0,0,0,0,0,0,0,0,0,0.000000,0,False,False
12,276,82,0,0,1,0,0,0,0,0,0,0,0,0.000000,3,True,False
12,277,0,0,0,0,0,0,0,0,0,0,0,0,0.000000,0,False,False
12,278,25,0,0,0,0,0,0,0,0,0,0,0,0.000000,1,True,False
12,279,0,0,0,0,0,0,0,0,0,0,0,0,0.000000,0,False,False
12,280,0,0,0,0,0,0,0,0,0,0,0,0,0.000000,0,False,False
12,281,0,0,0,0,0,0,0,0,0,0,0,0,0.000000,0,False,False
12,282,73,0,0,1,0,0,0,0,0,0,0,0,0.000000,3,True,False
12,283,90,0,0,1,0,0,0,0,0,0,0,1,0.000000,7,True,False
12,284,0,0,0,0,0,0,0,0,0,0,0,0,0.000000,0,False,False
12,285,73,0,1,1,0,0,0,0,0,0,0,2,0.000000,11,True,True
12,286,0,0,0,0,0,0,0,0,0,0,0,0,0.000000,0,False,False
12,287,16,0,0,0,0,0,0,0,0,0,0,0,0.000000,1,True,False
12,288,64,0,0,1,0,0,0,0,0,0,0,0,0.000000,3,True,False
12,289,0,0,0,0,0,0,0,0,0,0,0,0,0.000000,0,False,False
12,290,90,0,0,0,2,0,0,0,0,0,2,0,0.000000,1,True,False
12,291,0,0,0,0,0,0,0,0,0,0,0,0,0.000000,0,False,False
12,292,0,0,0,0,0,0,0,0,0,0,0,0,0.000000,0,False,False
12,293,0,0,0,0,0,0,0,0,0,0,0,0,0.000000,0,False,False
12,294,90,0,0,0,2,0,0,0,0,0,0,0,0.000000,1,True,False
12,295,90,0,0,0,2,0,0,0,0,0,0,0,0.000000,1,True,False
12,296,3,0,0,0,1,0,0,0,0,0,0,0,0.000000,1,True,False
12,297,0,0,0,0,0,0,0,0,0,0,0,0,0.000000,0,False,False
12,298,0,0,0,0,0,0,0,0,0,0,0,0,0.000000,0,False,False
12,299,47,0,0,0,0,0,0,0,0,0,0,0,0.000000,1,True,False
12,300,42,0,0,0,2,0,0,0,0,0,0,0,0.000000,1,True,False
12,301,86,0,0,0,1,0,0,0,0,0,0,0,0.000000,2,True,False
12,302,0,0,0,0,0,0,0,0,0,0,0,0,0.000000,0,False,False
12,303,0,0,0,0,0,0,0,0,0,0,0,0,0.000000,0,False,False
12,304,90,0,0,0,2,0,0,0,0,0,0,0,0.000000,2,True,False
12,305,0,0,0,0,0,0,0,0,0,0,0,0,0.000000,0,False,False
12,306,0,0,0,0,0,0,0,0,0,0,0,0,0.000000,0,False,False
12,307,21,0,0,0,1,0,0,0,0,0,0,0,0.000000,1,True,False
12,308,68,0,0,0,1,0,0,0,0,0,0,0,0.000000,2,True,False
12,309,90,0,1,0,2,0,0,0,0,0,0,0,0.000000,4,True,False
12,310,0,0,0,0,0,0,0,0,0,0,0,0,0.000000,0,False,False
12,311,0,0,0,0,0,0,0,0,0,0,0,0,0.000000,0,False,False
12,312,90,0,0,0,2,0,0,0,0,0,0,0,0.000000,2,True,False
12,313,21,0,0,0,1,0,0,0,0,0,0,0,0.000000,1,True,False
12,314,68,1,0,0,1,0,0,0,0,0,0,0,0.000000,6,True,False
12,315,86,0,0,0,1,0,0,0,1,0,0,0,0.000000,1,True,False
12,316,0,0,0,0,0,0,0,0,0,0,0,0,0.000000,0,False,False
12,317,73,0,0,1,0,0,0,0,0,0,0,0,0.000000,6,True,False
12,318,90,0,1,1,0,0,0,0,0,0,0,0,0.000000,9,True,True
12,319,90,0,0,1,0,0,0,0,0,0,0,0,0.000000,6,True,False
12,320,90,0,1,1,0,0,0,0,0,0,0,0,0.000000,9,True,True
12,321,90,0,0,1,0,0,0,0,0,0,0,1,0.000000,7,True,False
12,322,90,0,0,1,0,0,0,0,0,0,3,0,0.000000,7,True,False
12,323,90,0,1,1,0,0,0,0,1,0,0,0,0.000000,5,True,False
12,324,73,1,0,1,0,0,0,0,0,0,0,3,0.000000,11,True,True
12,325,65,0,1,1,0,0,0,0,0,0,0,0,0.000000,6,True,False
12,326,24,0,0,0,0,0,0,0,0,0,0,0,0.000000,1,True,False
12,327,0,0,0,0,0,0,0,0,0,0,0,0,0.000000,0,False,False
12,328,0,0,0,0,0,0,0,0,0,0,0,0,0.000000,0,False,False
12,329,0,0,0,0,0,0,0,0,0,0,0,0,0.000000,0,False,False
12,330,0,0,0,0,0,0,0,0,0,0,0,0,0.000000,0,False,False
12,331,80,0,0,1,0,0,0,0,0,0,0,0,0.000000,3,True,False
12,332,0,0,0,0,0,0,0,0,0,0,0,0,0.000000,0,False,False
12,333,16,0,0,0,0,0,0,0,0,0,0,0,0.000000,1,True,False
12,334,9,0,0,0,0,0,0,0,0,0,0,0,0.000000,1,True,False
12,335,24,1,0,0,0,0,0,0,0,0,0,0,0.000000,6,True,False
12,336,65,2,0,1,0,0,0,0,0,0,0,2,0.000000,15,True,True
12,337,0,0,0,0,0,0,0,0,0,0,0,0,0.000000,0,False,False
12,338,0,0,0,0,0,0,0,0,0,0,0,0,0.000000,0,False,False
12,339,72,0,0,0,1,0,0,0,0,0,0,0,0.000000,2,True,False
12,340,0,0,0,0,0,0,0,0,0,0,0,0,0.000000,0,False,False
12,341,90,0,0,0,1,0,0,0,0,0,0,0,0.000000,2,True,False
12,342,0,0,0,0,0,0,0,0,0,0,0,0,0.000000,0,False,False
12,343,27,0,0,0,0,0,0,0,1,0,0,0,0.000000,0,True,False
12,344,0,0,0,0,0,0,0,0,0,0,0,0,0.000000,0,False,False
12,345,28,0,0,0,0,0,0,0,0,0,0,0,0.000000,1,True,False
12,346,62,0,0,0,1,0,0,0,0,0,0,0,0.000000,2,True,False
12,347,45,0,0,0,0,0,0,0,1,0,0,0,0.000000,0,True,False
12,348,90,0,0,0,1,0,0,0,0,0,0,0,0.000000,2,True,False
12,349,17,0,0,0,0,0,0,0,0,0,0,0,0.000000,1,True,False
12,350,0,0,0,0,0,0,0,0,0,0,0,0,0.000000,0,False,False
12,351,0,0,0,0,0,0,0,0,0,0,0,0,0.000000,0,False,False
12,352,90,0,0,0,1,0,0,0,0,0,4,0,0.000000,3,True,False
12,353,0,0,0,0,0,0,0,0,0,0,0,0,0.000000,0,False,False
12,354,0,0,0,0,0,0,0,0,0,0,0,0,0.000000,0,False,False
12,355,45,0,0,0,1,0,0,0,0,0,0,0,0.000000,1,True,False
12,356,90,0,0,0,1,0,0,0,0,0,0,0,0.000000,2,True,False
12,357,61,0,0,0,1,0,0,0,0,0,0,0,0.000000,2,True,False
12,358,27,0,0,0,0,0,0,0,0,0,0,0,0.000000,1,True,False
12,359,90,0,0,0,1,0,0,0,0,0,0,0,0.000000,2,True,False
12,360,90,0,0,0,1,0,0,0,0,0,0,0,0.000000,2,True,False
12,361,0,0,0,0,0,0,0,0,0,0,0,0,0.000000,0,False,False
12,362,0,0,0,0,0,0,0,0,0,0,0,0,0.000000,0,False,False
12,363,62,0,0,0,1,0,0,0,0,0,0,0,0.000000,2,True,False
12,364,0,0,0,0,0,0,0,0,0,0,0,0,0.000000,0,False,False
12,365,7,0,0,0,0,0,0,0,1,0,0,0,0.000000,0,True,False
12,366,90,0,0,0,4,0,0,0,0,0,0,0,0.000000,0,True,False
12,367,0,0,0,0,0,0,0,0,0,0,0,0,0.000000,0,False,False
12,368,0,0,0,0,0,0,0,0,0,0,0,0,0.000000,0,False,False
12,369,59,0,0,0,3,0,0,0,0,0,0,0,0.000000,1,True,False
12,370,90,0,0,0,4,0,0,0,0,0,0,0,0.000000,2,True,False
12,371,90,0,0,0,4,0,0,0,0,0,0,0,0.000000,2,True,False
12,372,85,0,1,0,2,0,0,0,0,0,0,0,0.000000,5,True,False
12,373,90,0,0,0,4,0,0,0,0,0,0,0,0.000000,2,True,False
12,374,0,0,0,0,0,0,0,0,0,0,0,0,0.000000,0,False,False
12,375,0,0,0,0,0,0,0,0,0,0,0,0,0.000000,0,False,False
12,376,0,0,0,0,0,0,0,0,0,0,0,0,0.000000,0,False,False
12,377,71,0,0,0,3,0,0,0,0,0,0,0,0.000000,1,True,False
12,378,0,0,0,0,0,0,0,0,0,0,0,0,0.000000,0,False,False
12,379,18,0,0,0,1,0,0,0,0,0,0,0,0.000000,1,True,False
12,380,82,0,0,0,4,0,0,0,0,0,0,0,0.000000,0,True,False
12,381,30,0,0,0,1,0,0,0,0,0,0,0,0.000000,1,True,False
12,382,81,0,0,0,4,0,0,0,0,0,0,0,0.000000,2,True,False
12,383,90,0,0,0,4,0,0,0,0,0,4,0,0.000000,1,True,False
12,384,0,0,0,0,0,0,0,0,0,0,0,0,0.000000,0,False,False
12,385,71,0,0,0,3,0,0,0,0,0,0,0,0.000000,1,True,False
12,386,90,0,0,0,4,0,0,0,0,0,0,0,0.000000,0,True,False
12,387,0,0,0,0,0,0,0,0,0,0,0,0,0.000000,0,False,False
12,388,18,0,0,0,1,0,0,0,0,0,0,0,0.000000,1,True,False
12,389,0,0,0,0,0,0,0,0,0,0,0,0,0.000000,0,False,False
12,390,0,0,0,0,0,0,0,0,0,0,0,0,0.000000,0,False,False
12,391,8,0,0,0,0,0,0,0,0,0,0,0,0.000000,1,True,False
12,392,0,0,0,0,0,0,0,0,0,0,0,0,0.000000,0,False,False
12,393,90,0,0,0,2,0,0,0,0,0,8,0,0.000000,3,True,False
12,394,0,0,0,0,0,0,0,0,0,0,0,0,0.000000,0,False,False
12,395,90,0,0,0,2,0,0,0,0,0,0,0,0.000000,1,True,False
12,396,57,0,0,0,2,0,0,0,0,0,0,0,0.000000,0,True,False
12,397,90,0,0,0,2,0,0,0,1,0,0,0,0.000000,0,True,False
12,398,0,0,0,0,0,0,0,0,0,0,0,0,0.000000,0,False,False
12,399,0,0,0,0,0,0,0,0,0,0,0,0,0.000000,0,False,False
12,400,0,0,0,0,0,0,0,0,0,0,0,0,0.000000,0,False,False
12,401,4,0,0,0,0,0,0,0,0,0,0,0,0.000000,1,True,False
12,402,79,0,0,0,2,0,0,0,0,0,0,0,0.000000,2,True,False
12,403,0,0,0,0,0,0,0,0,0,0,0,0,0.000000,0,False,False
12,404,0,0,0,0,0,0,0,0,0,0,0,0,0.000000,0,False,False
12,405,90,1,0,0,2,0,0,0,0,0,0,0,0.000000,7,True,False
12,406,0,0,0,0,0,0,0,0,0,0,0,0,0.000000,0,False,False
12,407,4,0,0,0,0,0,0,0,0,0,0,0,0.000000,1,True,False
12,408,85,0,0,0,2,0,0,0,0,0,0,0,0.000000,1,True,False
12,409,4,0,0,0,0,0,0,0,0,0,0,0,0.000000,1,True,False
12,410,90,1,0,0,2,0,0,0,0,0,0,2,0.000000,9,True,False
12,411,0,0,0,0,0,0,0,0,0,0,0,0,0.000000,0,False,False
12,412,0,0,0,0,0,0,0,0,0,0,0,0,0.000000,0,False,False
12,413,10,0,0,0,0,0,0,0,0,0,0,0,0.000000,1,True,False
12,414,90,0,0,0,2,0,0,0,0,0,0,0,0.000000,2,True,False
12,415,32,0,1,0,0,0,0,0,0,0,0,0,0.000000,4,True,False
12,416,0,0,0,0,0,0,0,0,0,0,0,0,0.000000,0,False,False
12,417,68,0,0,0,1,0,0,0,0,0,0,0,0.000000,2,True,False
12,418,22,0,0,0,1,0,0,0,0,0,0,0,0.000000,1,True,False
12,419,0,0,0,0,0,0,0,0,0,0,0,0,0.000000,0,False,False
12,420,0,0,0,0,0,0,0,0,0,0,0,0,0.000000,0,False,False
12,421,23,0,0,0,1,0,0,0,1,0,0,0,0.000000,0,True,False
12,422,0,0,0,0,0,0,0,0,0,0,0,0,0.000000,0,False,False
12,423,0,0,0,0,0,0,0,0,0,0,0,0,0.000000,0,False,False
12,424,0,0,0,0,0,0,0,0,0,0,0,0,0.000000,0,False,False
12,425,66,0,1,0,1,0,0,0,0,0,0,0,0.000000,5,True,False
12,426,0,0,0,0,0,0,0,0,0,0,0,0,0.000000,0,False,False
12,427,0,0,0,0,0,0,0,0,0,0,0,0,0.000000,0,False,False
12,428,3,0,0,0,1,0,0,0,0,0,0,0,0.000000,1,True,False
12,429,0,0,0,0,0,0,0,0,0,0,0,0,0.000000,0,False,False
12,430,0,0,0,0,0,0,0,0,0,0,0,0,0.000000,0,False,False
12,431,0,0,0,0,0,0,0,0,0,0,0,0,0.000000,0,False,False
12,432,0,0,0,0,0,0,0,0,0,0,0,0,0.000000,0,False,False
12,433,0,0,0,0,0,0,0,0,0,0,0,0,0.000000,0,False,False
12,434,67,0,0,1,0,0,0,0,0,0,0,0,0.000000,2,True,False
12,435,90,1,0,0,2,0,0,0,0,0,0,0,0.000000,6,True,False
12,436,6,0,0,0,0,0,0,0,0,0,0,0,0.000000,1,True,False
12,437,0,0,0,0,0,0,0,0,0,0,0,0,0.000000,0,False,False
12,438,0,0,0,0,0,0,0,0,0,0,0,0,0.000000,0,False,False
12,439,0,0,0,0,0,0,0,0,0,0,0,0,0.000000,0,False,False
12,440,86,0,1,0,2,0,0,0,0,0,0,0,0.000000,5,True,False
12,441,0,0,0,0,0,0,0,0,0,0,0,0,0.000000,0,False,False
12,442,16,0,0,0,0,0,0,0,0,0,0,0,0.000000,1,True,False
12,443,0,0,0,0,0,0,0,0,0,0,0,0,0.000000,0,False,False
12,444,0,0,0,0,0,0,0,0,0,0,0,0,0.000000,0,False,False
12,445,0,0,0,0,0,0,0,0,0,0,0,0,0.000000,0,False,False
12,446,3,0,0,0,0,0,0,0,0,0,0,0,0.000000,1,True,False
13,1,70,0,1,1,0,0,0,0,0,0,0,2,0.000000,12,True,True
13,2,167,0,1,2,0,0,0,0,0,0,0,0,0.000000,15,True,True
13,3,90,0,0,1,0,0,0,0,0,0,0,0,0.000000,6,True,False
13,4,12,0,0,0,0,0,0,0,0,0,0,0,0.000000,1,True,False
13,5,180,0,0,2,0,0,0,0,0,0,0,0,0.000000,12,True,True
13,6,12,0,0,0,0,0,0,0,0,0,0,0,0.000000,1,True,False
13,7,111,2,0,1,0,0,0,0,0,0,0,3,0.000000,14,True,True
13,8,68,0,0,1,0,0,0,0,0,0,0,0,0.000000,2,True,False
13,9,0,0,0,0,0,0,0,0,0,0,0,0,0.000000,0,False,False
13,10,180,0,0,2,0,0,0,0,0,0,1,0,0.000000,12,True,True
13,11,0,0,0,0,0,0,0,0,0,0,0,0,0.000000,0,False,False
13,12,90,0,0,1,0,0,0,0,1,0,0,3,0.000000,5,True,False
13,13,0,0,0,0,0,0,0,0,0,0,0,0,0.000000,0,False,False
13,14,111,1,0,1,0,0,0,0,0,0,0,1,0.000000,10,True,False
13,15,159,1,0,2,0,0,0,0,0,0,0,0,0.000000,11,True,False
13,16,95,0,0,1,0,0,0,0,0,0,0,0,0.000000,4,True,False
13,17,90,0,0,1,0,0,0,0,0,0,0,0,0.000000,3,True,False
13,18,48,0,0,0,0,0,0,0,0,0,0,0,0.000000,2,True,False
13,19,116,0,0,1,0,0,0,0,0,0,0,0,0.000000,4,True,False
13,20,86,0,0,1,0,0,0,0,0,0,0,0,0.000000,4,True,False
13,21,90,0,0,1,0,0,0,0,0,0,0,0,0.000000,6,True,False
13,22,0,0,0,0,0,0,0,0,0,0,0,0,0.000000,0,False,False
13,23,0,0,0,0,0,0,0,0,0,0,0,0,0.000000,0,False,False
13,24,0,0,0,0,0,0,0,0,0,0,0,0,0.000000,0,False,False
13,25,0,0,0,0,0,0,0,0,0,0,0,0,0.000000,0,False,False
13,26,0,0,0,0,0,0,0,0,0,0,0,0,0.000000,0,False,False
13,27,2,0,0,0,0,0,0,0,0,0,0,0,0.000000,1,True,False
13,28,90,0,0,0,1,0,0,0,0,0,0,0,0.000000,2,True,False
13,29,90,0,1,0,1,0,0,0,0,0,0,0,0.000000,5,True,False
13,30,0,0,0,0,0,0,0,0,0,0,0,0,0.000000,0,False,False
13,31,7,0,0,0,1,0,0,0,0,0,0,0,0.000000,1,True,False
13,32,90,0,0,0,1,0,0,0,0,0,2,0,0.000000,2,True,False
13,33,0,0,0,0,0,0,0,0,0,0,0,0,0.000000,0,False,False
13,34,0,0,0,0,0,0,0,0,0,0,0,0,0.000000,0,False,False
13,35,28,0,0,0,1,0,0,0,0,0,0,0,0.000000,1,True,False
13,36,0,0,0,0,0,0,0,0,0,0,0,0,0.000000,0,False,False
13,37,90,0,0,0,1,0,0,0,0,0,0,3,0.000000,5,True,False
13,38,68,0,1,1,0,0,0,0,0,0,0,0,0.000000,6,True,False
13,39,90,0,0,0,1,0,0,0,0,0,0,0,0.000000,2,True,False
13,40,0,0,0,0,0,0,0,0,0,0,0,0,0.000000,0,False,False
13,41,0,0,0,0,0,0,0,0,0,0,0,0,0.000000,0,False,False
13,42,0,0,0,0,0,0,0,0,0,0,0,0,0.000000,0,False,False
13,43,0,0,0,0,0,0,0,0,0,0,0,0,0.000000,0,False,False
13,44,61,1,0,1,0,0,0,0,0,0,0,2,0.000000,14,True,True
13,45,61,0,0,1,0,0,0,0,0,0,0,0,0.000000,2,True,False
13,46,28,0,0,0,1,0,0,0,0,0,0,0,0.000000,1,True,False
13,47,21,0,0,0,1,0,0,0,0,0,0,0,0.000000,1,True,False
13,48,28,0,0,0,1,0,0,0,0,0,0,0,0.000000,1,True,False
13,49,0,0,0,0,0,0,0,0,0,0,0,0,0.000000,0,False,False
13,50,61,0,0,1,0,0,0,0,0,0,0,0,0.000000,3,True,False
13,51,0,0,0,0,0,0,0,0,0,0,0,0,0.000000,0,False,False
13,52,82,0,0,1,0,0,0,0,0,0,0,0,0.000000,3,True,False
13,53,0,0,0,0,0,0,0,0,0,0,0,0,0.000000,0,False,False
13,54,90,0,0,0,1,0,0,0,1,0,4,1,0.000000,3,True,False
13,55,90,0,0,0,1,0,0,0,0,0,0,0,0.000000,2,True,False
13,56,0,0,0,0,0,0,0,0,0,0,0,0,0.000000,0,False,False
13,57,0,0,0,0,0,0,0,0,0,0,0,0,0.000000,0,False,False
13,58,85,0,0,0,1,0,0,0,1,0,0,0,0.000000,1,True,False
13,59,90,0,0,0,1,0,0,0,0,0,0,0,0.000000,2,True,False
13,60,0,0,0,0,0,0,0,0,0,0,0,0,0.000000,0,False,False
13,61,0,0,0,0,0,0,0,0,0,0,0,0,0.000000,0,False,False
13,62,74,0,0,0,1,0,0,0,1,0,0,0,0.000000,1,True,False
13,63,0,0,0,0,0,0,0,0,0,0,0,0,0.000000,0,False,False
13,64,0,0,0,0,0,0,0,0,0,0,0,0,0.000000,0,False,False
13,65,0,0,0,0,0,0,0,0,0,0,0,0,0.000000,0,False,False
13,66,90,0,0,0,1,0,0,0,0,0,0,0,0.000000,2,True,False
13,67,15,0,0,0,0,0,0,0,0,0,0,0,0.000000,1,True,False
13,68,0,0,0,0,0,0,0,0,0,0,0,0,0.000000,0,False,False
13,69,0,0,0,0,0,0,0,0,0,0,0,0,0.000000,0,False,False
13,70,0,0,0,0,0,0,0,0,0,0,0,0,0.000000,0,False,False
13,71,74,0,0,0,1,0,0,0,1,0,0,0,0.000000,1,True,False
13,72,45,0,0,0,1,0,0,0,0,0,0,0,0.000000,1,True,False
13,73,4,0,0,0,0,0,0,0,0,0,0,0,0.000000,1,True,False
13,74,90,0,0,0,1,0,0,0,0,0,0,0,0.000000,2,True,False
13,75,0,0,0,0,0,0,0,0,0,0,0,0,0.000000,0,False,False
13,76,15,0,0,0,0,0,0,0,0,0,0,0,0.000000,1,True,False
13,77,90,0,0,0,1,0,0,0,0,0,0,0,0.000000,2,True,False
13,78,0,0,0,0,0,0,0,0,0,0,0,0,0.000000,0,False,False
13,79,180,0,0,0,7,0,0,0,1,0,0,0,0.000000,0,True,False
13,80,77,0,0,0,3,0,0,0,0,0,0,0,0.000000,1,True,False
13,81,145,0,0,0,5,0,0,0,0,0,0,0,0.000000,4,True,False
13,82,72,0,0,0,3,0,0,0,0,0,0,0,0.000000,1,True,False
13,83,0,0,0,0,0,0,0,0,0,0,0,0,0.000000,0,False,False
13,84,106,0,0,0,4,0,0,0,0,0,0,0,0.000000,2,True,False
13,85,102,0,0,0,4,0,0,0,0,0,0,0,0.000000,2,True,False
13,86,67,0,0,0,2,0,0,0,0,0,0,0,0.000000,2,True,False
13,87,0,0,0,0,0,0,0,0,0,0,0,0,0.000000,0,False,False
13,88,180,0,0,0,7,0,0,0,0,0,10,0,0.000000,4,True,False
13,89,0,0,0,0,0,0,0,0,0,0,0,0,0.000000,0,False,False
13,90,25,0,0,0,1,0,0,0,0,0,0,0,0.000000,2,True,False
13,91,121,0,0,0,4,0,0,0,0,0,0,0,0.000000,3,True,False
13,92,165,0,0,0,7,0,0,0,0,0,0,0,0.000000,4,True,False
13,93,4,0,0,0,0,0,0,0,0,0,0,0,0.000000,1,True,False
13,94,0,0,0,0,0,0,0,0,0,0,0,0,0.000000,0,False,False
13,95,0,0,0,0,0,0,0,0,0,0,0,0,0.000000,0,False,False
13,96,0,0,0,0,0,0,0,0,0,0,0,0,0.000000,0,False,False
13,97,180,0,0,0,7,0,0,0,0,0,0,0,0.000000,1,True,False
13,98,0,0,0,0,0,0,0,0,0,0,0,0,0.000000,0,False,False
13,99,0,0,0,0,0,0,0,0,0,0,0,0,0.000000,0,False,False
13,100,116,0,0,0,4,0,0,0,0,0,0,0,0.000000,3,True,False
13,101,0,0,0,0,0,0,0,0,0,0,0,0,0.000000,0,False,False
13,102,90,0,0,0,4,0,0,0,0,0,0,0,0.000000,0,True,False
13,103,0,0,0,0,0,0,0,0,0,0,0,0,0.000000,0,False,False
13,104,0,0,0,0,0,0,0,0,0,0,0,0,0.000000,0,False,False
13,105,0,0,0,0,0,0,0,0,0,0,0,0,0.000000,0,False,False
13,106,90,0,0,0,2,0,0,0,0,0,0,0,0.000000,1,True,False
13,107,0,0,0,0,0,0,0,0,0,0,0,0,0.000000,0,False,False
13,108,0,0,0,0,0,0,0,0,0,0,0,0,0.000000,0,False,False
13,109,0,0,0,0,0,0,0,0,0,0,0,0,0.000000,0,False,False
13,110,23,0,0,0,1,0,0,0,0,0,0,0,0.000000,1,True,False
13,111,90,0,0,0,2,0,0,0,1,0,0,0,0.000000,0,True,False
13,112,0,0,0,0,0,0,0,0,0,0,0,0,0.000000,0,False,False
13,113,2,0,0,0,0,0,0,0,0,0,0,0,0.000000,1,True,False
13,114,0,0,0,0,0,0,0,0,0,0,0,0,0.000000,0,False,False
13,115,90,0,0,0,2,0,0,0,0,0,2,0,0.000000,1,True,False
13,116,15,0,0,0,1,0,0,0,0,0,0,0,0.000000,1,True,False
13,117,0,0,0,0,0,0,0,0,0,0,0,0,0.000000,0,False,False
13,118,23,0,0,0,1,0,0,0,1,0,0,0,0.000000,0,True,False
13,119,0,0,0,0,0,0,0,0,0,0,0,0,0.000000,0,False,False
13,120,87,0,1,0,2,0,0,0,0,0,0,0,0.000000,5,True,False
13,121,0,0,0,0,0,0,0,0,0,0,0,0,0.000000,0,False,False
13,122,90,0,0,0,2,0,0,0,1,0,0,0,0.000000,0,True,False
13,123,66,0,0,0,1,0,0,0,0,0,0,0,0.000000,2,True,False
13,124,90,0,0,0,2,0,0,0,0,0,0,0,0.000000,1,True,False
13,125,2,0,0,0,0,0,0,0,0,0,0,0,0.000000,1,True,False
13,126,0,0,0,0,0,0,0,0,0,0,0,0,0.000000,0,False,False
13,127,87,0,0,0,2,0,0,0,0,0,0,0,0.000000,1,True,False
13,128,67,1,0,0,1,0,0,0,0,0,0,0,0.000000,7,True,False
13,129,0,0,0,0,0,0,0,0,0,0,0,0,0.000000,0,False,False
13,130,0,0,0,0,0,0,0,0,0,0,0,0,0.000000,0,False,False
13,131,0,0,0,0,0,0,0,0,0,0,0,0,0.000000,0,False,False
13,132,0,0,0,0,0,0,0,0,0,0,0,0,0.000000,0,False,False
13,133,74,0,0,0,1,0,0,0,0,0,0,0,0.000000,2,True,False
13,134,90,0,0,0,2,0,0,0,1,0,0,0,0.000000,1,True,False
13,135,81,0,0,1,0,0,0,0,0,0,0,3,0.000000,6,True,False
13,136,29,0,0,0,0,0,0,0,0,0,0,0,0.000000,1,True,False
13,137,0,0,0,0,0,0,0,0,0,0,0,0,0.000000,0,False,False
13,138,20,0,0,0,0,0,0,0,0,0,0,0,0.000000,1,True,False
13,139,90,0,0,1,0,0,0,0,0,0,0,0,0.000000,6,True,False
13,140,0,0,0,0,0,0,0,0,0,0,0,0,0.000000,0,False,False
13,141,80,0,0,1,0,0,0,0,0,0,0,0,0.000000,2,True,False
13,142,69,0,0,1,0,0,0,0,1,0,0,0,0.000000,1,True,False
13,143,0,0,0,0,0,0,0,0,0,0,0,0,0.000000,0,False,False
13,144,90,0,0,1,0,0,0,0,0,0,2,0,0.000000,6,True,False
13,145,9,0,0,0,0,0,0,0,0,0,0,0,0.000000,1,True,False
13,146,90,0,0,1,0,0,0,0,0,0,0,0,0.000000,3,True,False
13,147,20,0,0,0,0,0,0,0,0,0,0,0,0.000000,1,True,False
13,148,0,0,0,0,0,0,0,0,0,0,0,0,0.000000,0,False,False
13,149,0,0,0,0,0,0,0,0,0,0,0,0,0.000000,0,False,False
13,150,90,0,0,1,0,0,0,0,0,0,0,0,0.000000,3,True,False
13,151,0,0,0,0,0,0,0,0,0,0,0,0,0.000000,0,False,False
13,152,0,0,0,0,0,0,0,0,0,0,0,0,0.000000,0,False,False
13,153,0,0,0,0,0,0,0,0,0,0,0,0,0.000000,0,False,False
13,154,90,0,0,1,0,0,0,0,1,0,0,0,0.000000,5,True,False
13,155,60,0,0,1,0,0,0,0,0,0,0,0,0.000000,3,True,False
13,156,0,0,0,0,0,0,0,0,0,0,0,0,0.000000,0,False,False
13,157,69,0,0,1,0,0,0,0,0,0,0,2,0.000000,5,True,False
13,158,90,0,0,1,0,0,0,0,0,0,0,0,0.000000,6,True,False
13,159,8,0,0,0,0,0,0,0,0,0,0,0,0.000000,1,True,False
13,160,180,0,0,0,3,0,0,0,0,0,8,1,0.000000,6,True,False
13,161,0,0,0,0,0,0,0,0,0,0,0,0,0.000000,0,False,False
13,162,64,0,0,0,1,0,0,0,0,0,0,0,0.000000,2,True,False
13,163,115,1,0,0,2,0,0,0,0,0,0,1,0.000000,9,True,False
13,164,91,0,0,0,2,0,0,0,0,0,0,0,0.000000,2,True,False
13,165,0,0,0,0,0,0,0,0,0,0,0,0,0.000000,0,False,False
13,166,180,0,0,0,3,0,0,0,0,0,0,0,0.000000,3,True,False
13,167,0,0,0,0,0,0,0,0,0,0,0,0,0.000000,0,False,False
13,168,180,0,1,0,3,0,0,0,0,0,0,0,0.000000,6,True,False
13,169,90,0,1,0,6,0,0,0,0,0,0,0,0.000000,2,True,False
13,170,172,0,1,0,3,0,0,0,1,0,0,2,0.000000,8,True,False
13,171,127,0,0,0,3,0,0,0,0,0,0,0,0.000000,4,True,False
13,172,0,0,0,0,0,0,0,0,0,0,0,0,0.000000,0,False,False
13,173,51,0,0,0,0,0,0,0,0,0,0,0,0.000000,2,True,False
13,174,7,0,0,0,0,0,0,0,0,0,0,0,0.000000,1,True,False
13,175,0,0,0,0,0,0,0,0,0,0,0,0,0.000000,0,False,False
13,176,0,0,0,0,0,0,0,0,0,0,0,0,0.000000,0,False,False
13,177,0,0,0,0,0,0,0,0,0,0,0,0,0.000000,0,False,False
13,178,0,0,0,0,0,0,0,0,0,0,0,0,0.000000,0,False,False
13,179,170,1,0,0,3,0,0,0,0,0,0,0,0.000000,9,True,False
13,180,180,1,0,0,3,0,0,0,0,0,0,3,0.000000,12,True,False
13,181,0,0,0,0,0,0,0,0,0,0,0,0,0.000000,0,False,False
13,182,7,0,0,0,0,0,0,0,0,0,0,0,0.000000,1,True,False
13,183,148,0,0,0,3,0,0,0,0,0,0,0,0.000000,4,True,False
13,184,0,0,0,0,0,0,0,0,0,0,0,0,0.000000,0,False,False
13,185,137,0,0,0,3,0,0,0,0,0,0,0,0.000000,3,True,False
13,186,45,0,0,0,2,0,0,0,0,0,0,0,0.000000,0,True,False
13,187,0,0,0,0,0,0,0,0,0,0,0,0,0.000000,0,False,False
13,188,0,0,0,0,0,0,0,0,0,0,0,0,0.000000,0,False,False
13,189,0,0,0,0,0,0,0,0,0,0,0,0,0.000000,0,False,False
13,190,0,0,0,0,0,0,0,0,0,0,0,0,0.000000,0,False,False
13,191,42,0,1,0,0,0,0,0,1,0,0,0,0.000000,4,True,False
13,192,90,0,0,0,2,0,0,0,0,0,0,0,0.000000,1,True,False
13,193,90,0,1,0,2,0,0,0,0,0,0,0,0.000000,5,True,False
13,194,56,0,0,0,1,0,0,0,0,0,0,0,0.000000,1,True,False
13,195,90,1,0,0,1,0,0,0,1,0,0,1,0.000000,7,True,False
13,196,90,0,0,0,2,0,0,0,0,0,0,0,0.000000,2,True,False
13,197,90,0,0,0,2,0,0,0,0,0,0,0,0.000000,2,True,False
13,198,0,0,0,0,0,0,0,0,0,0,0,0,0.000000,0,False,False
13,199,90,0,0,0,2,0,0,0,1,0,0,0,0.000000,0,True,False
13,200,0,0,0,0,0,0,0,0,0,0,0,0,0.000000,0,False,False
13,201,45,0,0,0,0,0,0,0,0,0,0,0,0.000000,1,True,False
13,202,45,0,0,0,2,0,0,0,0,0,0,0,0.000000,1,True,False
13,203,0,0,0,0,0,0,0,0,0,0,0,0,0.000000,0,False,False
13,204,0,0,0,0,0,0,0,0,0,0,0,0,0.000000,0,False,False
13,205,0,0,0,0,0,0,0,0,0,0,0,0,0.000000,0,False,False
13,206,14,0,0,0,0,0,0,0,1,0,0,0,0.000000,0,True,False
13,207,0,0,0,0,0,0,0,0,0,0,0,0,0.000000,0,False,False
13,208,90,0,0,0,2,0,0,0,1,0,0,0,0.000000,0,True,False
13,209,0,0,0,0,0,0,0,0,0,0,0,0,0.000000,0,False,False
13,210,90,0,0,1,0,0,0,0,0,0,0,0,0.000000,6,True,False
13,211,25,0,0,0,0,0,0,0,0,0,0,0,0.000000,1,True,False
13,212,45,0,0,0,0,0,0,0,0,0,0,0,0.000000,1,True,False
13,213,90,0,0,1,0,0,0,0,0,0,0,3,0.000000,9,True,False
13,214,64,0,0,1,0,0,0,0,0,0,0,0,0.000000,6,True,False
13,215,0,0,0,0,0,0,0,0,0,0,0,0,0.000000,0,False,False
13,216,0,0,0,0,0,0,0,0,0,0,0,0,0.000000,0,False,False
13,217,90,0,0,0,1,0,0,0,0,0,0,0,0.000000,2,True,False
13,218,0,0,0,0,0,0,0,0,0,0,0,0,0.000000,0,False,False
13,219,0,0,0,0,0,0,0,0,0,0,0,0,0.000000,0,False,False
13,220,90,0,1,1,0,0,0,0,0,0,0,0,0.000000,6,True,False
13,221,90,0,2,1,0,0,0,0,0,0,0,0,0.000000,9,True,False
13,222,15,0,0,0,0,0,0,0,1,0,0,0,0.000000,0,True,False
13,223,0,0,0,0,0,0,0,0,0,0,0,0,0.000000,0,False,False
13,224,74,0,0,1,0,0,0,0,0,0,0,0,0.000000,3,True,False
13,225,15,0,0,0,0,0,0,0,0,0,0,0,0.000000,1,True,False
13,226,0,0,0,0,0,0,0,0,0,0,0,0,0.000000,0,False,False
13,227,0,0,0,0,0,0,0,0,0,0,0,0,0.000000,0,False,False
13,228,0,0,0,0,0,0,0,0,0,0,0,0,0.000000,0,False,False
13,229,74,0,0,1,0,0,0,0,0,0,0,0,0.000000,3,True,False
13,230,25,1,0,0,0,0,0,0,1,0,0,0,0.000000,5,True,False
13,231,0,0,0,0,0,0,0,0,0,0,0,0,0.000000,0,False,False
13,232,90,0,0,1,0,0,0,0,0,0,4,1,0.000000,8,True,False
13,233,0,0,0,0,0,0,0,0,0,0,0,0,0.000000,0,False,False
13,234,0,0,0,0,0,0,0,0,0,0,0,0,0.000000,0,False,False
13,235,45,0,0,0,0,0,0,0,0,0,0,0,0.000000,1,True,False
13,236,64,0,0,1,0,0,0,0,0,0,0,0,0.000000,3,True,False
13,237,90,2,0,1,0,0,0,0,0,0,0,2,0.000000,15,True,True
13,238,0,0,0,0,0,0,0,0,0,0,0,0,0.000000,0,False,False
13,239,0,0,0,0,0,0,0,0,0,0,0,0,0.000000,0,False,False
13,240,90,0,0,0,2,0,0,0,0,0,0,0,0.000000,1,True,False
13,241,0,0,0,0,0,0,0,0,0,0,0,0,0.000000,0,False,False
13,242,87,0,0,0,2,0,0,0,0,0,0,0,0.000000,1,True,False
13,243,0,0,0,0,0,0,0,0,0,0,0,0,0.000000,0,False,False
13,244,90,0,0,0,2,0,0,0,0,0,0,0,0.000000,1,True,False
13,245,0,0,0,0,0,0,0,0,0,0,0,0,0.000000,0,False,False
13,246,90,0,0,0,2,0,0,0,0,0,5,1,0.000000,3,True,False
13,247,90,0,0,0,2,0,0,0,0,0,0,0,0.000000,2,True,False
13,248,0,0,0,0,0,0,0,0,0,0,0,0,0.000000,0,False,False
13,249,22,0,0,0,1,0,0,0,1,0,0,0,0.000000,0,True,False
13,250,90,0,0,0,2,0,0,0,1,0,0,0,0.000000,1,True,False
13,251,79,1,0,0,2,0,0,0,0,0,0,0,0.000000,7,True,False
13,252,90,0,0,0,2,0,0,0,0,0,0,0,0.000000,2,True,False
13,253,66,0,0,0,1,0,0,0,1,0,0,0,0.000000,1,True,False
13,254,90,0,0,0,2,0,0,0,0,0,0,0,0.000000,2,True,False
13,255,0,0,0,0,0,0,0,0,0,0,0,0,0.000000,0,False,False
13,256,0,0,0,0,0,0,0,0,0,0,0,0,0.000000,0,False,False
13,257,0,0,0,0,0,0,0,0,0,0,0,0,0.000000,0,False,False
13,258,67,0,0,0,1,0,0,0,0,0,0,0,0.000000,2,True,False
13,259,90,0,0,0,2,0,0,0,0,0,0,0,0.000000,1,True,False
13,260,90,0,0,1,0,0,0,0,0,0,0,1,0.000000,4,True,False
13,261,0,0,0,0,0,0,0,0,0,0,0,0,0.000000,0,False,False
13,262,90,0,0,1,0,0,0,0,0,0,0,0,0.000000,3,True,False
13,263,90,0,0,1,0,0,0,0,0,0,0,0,0.000000,6,True,False
13,264,0,0,0,0,0,0,0,0,0,0,0,0,0.000000,0,False,False
13,265,90,0,0,1,0,0,0,0,0,0,0,0,0.000000,6,True,False
13,266,0,0,0,0,0,0,0,0,0,0,0,0,0.000000,0,False,False
13,267,0,0,0,0,0,0,0,0,0,0,0,0,0.000000,0,False,False
13,268,45,0,0,0,0,0,0,0,0,0,0,0,0.000000,1,True,False
13,269,10,0,0,0,0,0,0,0,0,0,0,0,0.000000,1,True,False
13,270,90,0,0,1,0,0,0,0,0,0,0,0,0.000000,2,True,False
13,271,0,0,0,0,0,0,0,0,0,0,0,0,0.000000,0,False,False
13,272,0,0,0,0,0,0,0,0,0,0,0,0,0.000000,0,False,False
13,273,90,0,0,1,0,0,0,0,0,0,2,0,0.000000,6,True,False
13,274,0,0,0,0,0,0,0,0,0,0,0,0,0.000000,0,False,False
13,275,0,0,0,0,0,0,0,0,0,0,0,0,0.000000,0,False,False
13,276,79,0,0,1,0,0,0,0,0,0,0,0,0.000000,3,True,False
13,277,0,0,0,0,0,0,0,0,0,0,0,0,0.000000,0,False,False
13,278,45,0,0,0,0,0,0,0,0,0,0,0,0.000000,1,True,False
13,279,0,0,0,0,0,0,0,0,0,0,0,0,0.000000,0,False,False
13,280,0,0,0,0,0,0,0,0,0,0,0,0,0.000000,0,False,False
13,281,0,0,0,0,0,0,0,0,0,0,0,0,0.000000,0,False,False
13,282,79,0,0,1,0,0,0,0,0,0,0,0,0.000000,3,True,False
13,283,90,0,0,1,0,0,0,0,1,0,0,0,0.000000,5,True,False
13,284,0,0,0,0,0,0,0,0,0,0,0,0,0.000000,0,False,False
13,285,45,0,0,0,0,0,0,0,1,0,0,0,0.000000,0,True,False
13,286,0,0,0,0,0,0,0,0,0,0,0,0,0.000000,0,False,False
13,287,0,0,0,0,0,0,0,0,0,0,0,0,0.000000,0,False,False
13,288,45,0,0,0,0,0,0,0,0,0,0,0,0.000000,1,True,False
13,289,0,0,0,0,0,0,0,0,0,0,0,0,0.000000,0,False,False
13,290,90,0,0,0,3,0,0,0,0,0,3,0,0.000000,2,True,False
13,291,0,0,0,0,0,0,0,0,0,0,0,0,0.000000,0,False,False
13,292,0,0,0,0,0,0,0,0,0,0,0,0,0.000000,0,False,False
13,293,0,0,0,0,0,0,0,0,0,0,0,0,0.000000,0,False,False
13,294,0,0,0,0,0,0,0,0,0,0,0,0,0.000000,0,False,False
13,295,90,0,0,0,3,0,0,0,1,0,0,0,0.000000,0,True,False
13,296,0,0,0,0,0,0,0,0,0,0,0,0,0.000000,0,False,False
13,297,0,0,0,0,0,0,0,0,0,0,0,0,0.000000,0,False,False
13,298,0,0,0,0,0,0,0,0,0,0,0,0,0.000000,0,False,False
13,299,76,0,0,0,1,0,0,0,1,0,0,0,0.000000,1,True,False
13,300,0,0,0,0,0,0,0,0,0,0,0,0,0.000000,0,False,False
13,301,45,0,0,0,1,0,0,0,0,0,0,0,0.000000,1,True,False
13,302,0,0,0,0,0,0,0,0,0,0,0,0,0.000000,0,False,False
13,303,0,0,0,0,0,0,0,0,0,0,0,0,0.000000,0,False,False
13,304,90,0,0,0,3,0,0,0,0,0,0,0,0.000000,2,True,False
13,305,0,0,0,0,0,0,0,0,0,0,0,0,0.000000,0,False,False
13,306,13,0,0,0,2,0,0,0,0,0,0,0,0.000000,0,True,False
13,307,0,0,0,0,0,0,0,0,0,0,0,0,0.000000,0,False,False
13,308,90,0,0,0,3,0,0,0,0,0,0,0,0.000000,1,True,False
13,309,90,0,0,0,3,0,0,0,0,0,0,0,0.000000,1,True,False
13,310,0,0,0,0,0,0,0,0,0,0,0,0,0.000000,0,False,False
13,311,0,0,0,0,0,0,0,0,0,0,0,0,0.000000,0,False,False
13,312,90,0,0,0,3,0,0,0,0,0,0,0,0.000000,2,True,False
13,313,45,0,0,0,2,0,0,0,0,0,0,0,0.000000,1,True,False
13,314,45,0,0,0,1,0,0,0,0,0,0,0,0.000000,1,True,False
13,315,90,0,0,0,3,0,0,0,0,0,0,0,0.000000,1,True,False
13,316,90,0,0,0,3,0,0,0,0,0,0,0,0.000000,1,True,False
13,317,0,0,0,0,0,0,0,0,0,0,0,0,0.000000,0,False,False
13,318,87,0,0,0,1,0,0,0,0,0,0,0,0.000000,2,True,False
13,319,90,0,0,0,1,0,0,0,0,0,0,0,0.000000,2,True,False
13,320,90,0,0,0,1,0,0,0,0,0,0,0,0.000000,2,True,False
13,321,90,0,0,0,1,0,0,0,0,0,0,0,0.000000,2,True,False
13,322,90,0,0,0,1,0,0,0,0,0,1,0,0.000000,2,True,False
13,323,90,0,0,0,1,0,0,0,0,0,0,0,0.000000,2,True,False
13,324,90,1,0,0,1,0,0,0,0,0,0,0,0.000000,7,True,False
13,325,77,1,0,0,1,0,0,0,0,0,0,3,0.000000,10,True,False
13,326,20,0,0,0,0,0,0,0,0,0,0,0,0.000000,1,True,False
13,327,0,0,0,0,0,0,0,0,0,0,0,0,0.000000,0,False,False
13,328,0,0,0,0,0,0,0,0,0,0,0,0,0.000000,0,False,False
13,329,0,0,0,0,0,0,0,0,0,0,0,0,0.000000,0,False,False
13,330,90,0,2,0,1,0,0,0,0,0,0,1,0.000000,9,True,False
13,331,12,0,0,0,0,0,0,0,0,0,0,0,0.000000,1,True,False
13,332,0,0,0,0,0,0,0,0,0,0,0,0,0.000000,0,False,False
13,333,0,0,0,0,0,0,0,0,0,0,0,0,0.000000,0,False,False
13,334,0,0,0,0,0,0,0,0,0,0,0,0,0.000000,0,False,False
13,335,87,0,1,0,1,0,0,0,0,0,0,0,0.000000,5,True,False
13,336,69,1,1,0,1,0,0,0,0,0,0,2,0.000000,12,True,False
13,337,0,0,0,0,0,0,0,0,0,0,0,0,0.000000,0,False,False
13,338,0,0,0,0,0,0,0,0,0,0,0,0,0.000000,0,False,False
13,339,166,0,0,0,2,0,0,0,0,0,0,0,0.000000,4,True,False
13,340,0,0,0,0,0,0,0,0,0,0,0,0,0.000000,0,False,False
13,341,135,0,0,0,2,0,0,0,1,0,0,0,0.000000,2,True,False
13,342,28,0,0,0,1,0,0,0,1,0,0,0,0.000000,0,True,False
13,343,45,0,0,0,1,0,0,0,0,0,0,0,0.000000,1,True,False
13,344,45,0,0,0,0,0,0,0,0,0,0,0,0.000000,1,True,False
13,345,1,0,0,0,0,0,0,0,0,0,0,0,0.000000,1,True,False
13,346,135,0,0,0,1,0,0,0,1,0,0,0,0.000000,2,True,False
13,347,74,0,0,0,1,0,0,0,0,0,0,0,0.000000,2,True,False
13,348,180,0,0,0,2,0,0,0,0,0,0,0,0.000000,4,True,False
13,349,13,0,0,0,0,0,0,0,0,0,0,0,0.000000,1,True,False
13,350,1,0,0,0,0,0,0,0,0,0,0,0,0.000000,1,True,False
13,351,0,0,0,0,0,0,0,0,0,0,0,0,0.000000,0,False,False
13,352,180,0,0,0,2,0,0,0,0,0,2,0,0.000000,4,True,False
13,353,0,0,0,0,0,0,0,0,0,0,0,0,0.000000,0,False,False
13,354,92,1,1,1,0,0,0,0,1,0,0,0,0.000000,11,True,False
13,355,105,0,0,0,1,0,0,0,0,0,0,2,0.000000,5,True,False
13,356,178,1,0,0,2,0,0,0,0,0,0,0,0.000000,8,True,False
13,357,28,0,0,0,1,0,0,0,0,0,0,2,0.000000,3,True,False
13,358,0,0,0,0,0,0,0,0,0,0,0,0,0.000000,0,False,False
13,359,180,0,0,0,2,0,0,0,0,0,0,0,0.000000,4,True,False
13,360,150,1,1,1,1,0,0,0,2,0,0,3,0.000000,14,True,True
13,361,15,0,0,0,0,0,0,0,0,0,0,0,0.000000,1,True,False
13,362,0,0,0,0,0,0,0,0,0,0,0,0,0.000000,0,False,False
13,363,164,1,1,0,2,0,0,0,1,0,0,3,0.000000,14,True,True
13,364,0,0,0,0,0,0,0,0,0,0,0,0,0.000000,0,False,False
13,365,90,0,0,0,1,0,0,0,0,0,0,0,0.000000,2,True,False
13,366,70,0,0,1,0,0,0,0,0,0,0,0,0.000000,6,True,False
13,367,0,0,0,0,0,0,0,0,0,0,0,0,0.000000,0,False,False
13,368,0,0,0,0,0,0,0,0,0,0,0,0,0.000000,0,False,False
13,369,6,0,0,0,0,0,0,0,0,0,0,0,0.000000,1,True,False
13,370,90,0,0,0,1,0,0,0,0,0,0,0,0.000000,2,True,False
13,371,90,0,3,0,1,0,0,0,0,0,0,3,0.000000,14,True,True
13,372,45,0,0,0,3,0,0,0,0,0,0,0,0.000000,1,True,False
13,373,83,0,0,0,1,0,0,0,0,0,0,0,0.000000,2,True,False
13,374,0,0,0,0,0,0,0,0,0,0,0,0,0.000000,0,False,False
13,375,0,0,0,0,0,0,0,0,0,0,0,0,0.000000,0,False,False
13,376,0,0,0,0,0,0,0,0,0,0,0,0,0.000000,0,False,False
13,377,32,0,0,0,1,0,0,0,0,0,0,0,0.000000,1,True,False
13,378,70,2,1,1,0,0,0,0,0,0,0,2,0.000000,18,True,True
13,379,19,0,0,0,1,0,0,0,0,0,0,0,0.000000,1,True,False
13,380,0,0,0,0,0,0,0,0,0,0,0,0,0.000000,0,False,False
13,381,19,2,0,0,1,0,0,0,0,0,0,0,0.000000,11,True,False
13,382,70,0,1,1,0,0,0,0,0,0,0,0,0.000000,5,True,False
13,383,90,0,0,0,1,0,0,0,0,0,5,0,0.000000,3,True,False
13,384,0,0,0,0,0,0,0,0,0,0,0,0,0.000000,0,False,False
13,385,90,0,0,0,1,0,0,0,0,0,0,0,0.000000,2,True,False
13,386,90,0,1,0,1,0,0,0,0,0,0,0,0.000000,5,True,False
13,387,0,0,0,0,0,0,0,0,0,0,0,0,0.000000,0,False,False
13,388,57,2,0,0,0,0,0,0,0,0,0,1,0.000000,12,True,False
13,389,0,0,0,0,0,0,0,0,0,0,0,0,0.000000,0,False,False
13,390,0,0,0,0,0,0,0,0,0,0,0,0,0.000000,0,False,False
13,391,19,0,0,0,1,0,0,0,0,0,0,0,0.000000,1,True,False
13,392,0,0,0,0,0,0,0,0,0,0,0,0,0.000000,0,False,False
13,393,90,0,0,0,6,0,0,0,0,0,4,0,0.000000,0,True,False
13,394,45,0,0,0,3,0,0,0,0,0,0,0,0.000000,0,True,False
13,395,90,0,0,0,6,0,0,0,0,0,0,0,0.000000,-1,True,False
13,396,45,0,0,0,3,0,0,0,0,0,0,0,0.000000,0,True,False
13,397,27,0,0,0,0,0,0,0,0,0,0,0,0.000000,1,True,False
13,398,0,0,0,0,0,0,0,0,0,0,0,0,0.000000,0,False,False
13,399,0,0,0,0,0,0,0,0,0,0,0,0,0.000000,0,False,False
13,400,0,0,0,0,0,0,0,0,0,0,0,0,0.000000,0,False,False
13,401,45,0,0,0,3,0,0,0,0,0,0,0,0.000000,1,True,False
13,402,90,0,0,0,6,0,0,0,0,0,0,0,0.000000,2,True,False
13,403,0,0,0,0,0,0,0,0,0,0,0,0,0.000000,0,False,False
13,404,0,0,0,0,0,0,0,0,0,0,0,0,0.000000,0,False,False
13,405,83,0,0,0,5,0,0,0,0,0,0,0,0.000000,2,True,False
13,406,0,0,0,0,0,0,0,0,0,0,0,0,0.000000,0,False,False
13,407,0,0,0,0,0,0,0,0,0,0,0,0,0.000000,0,False,False
13,408,90,0,0,0,6,0,0,0,0,0,0,0,0.000000,-1,True,False
13,409,0,0,0,0,0,0,0,0,0,0,0,0,0.000000,0,False,False
13,410,90,1,0,0,6,0,0,0,0,0,0,0,0.000000,7,True,False
13,411,6,0,0,0,1,0,0,0,0,0,0,0,0.000000,1,True,False
13,412,0,0,0,0,0,0,0,0,0,0,0,0,0.000000,0,False,False
13,413,45,0,0,0,3,0,0,0,0,0,0,0,0.000000,1,True,False
13,414,45,0,0,0,3,0,0,0,0,0,0,0,0.000000,1,True,False
13,415,62,0,0,0,6,0,0,0,0,0,0,0,0.000000,-1,True,False
13,416,0,0,0,0,0,0,0,0,0,0,0,0,0.000000,0,False,False
13,417,80,0,0,0,4,0,0,0,0,0,0,0,0.000000,2,True,False
13,418,56,0,0,0,1,0,0,0,0,0,0,0,0.000000,1,True,False
13,419,0,0,0,0,0,0,0,0,0,0,0,0,0.000000,0,False,False
13,420,33,0,0,0,1,0,0,0,0,0,0,0,0.000000,1,True,False
13,421,81,0,0,0,2,0,0,0,0,0,0,0,0.000000,2,True,False
13,422,0,0,0,0,0,0,0,0,0,0,0,0,0.000000,0,False,False
13,423,0,0,0,0,0,0,0,0,0,0,0,0,0.000000,0,False,False
13,424,0,0,0,0,0,0,0,0,0,0,0,0,0.000000,0,False,False
13,425,8,0,0,0,0,0,0,0,0,0,0,0,0.000000,1,True,False
13,426,0,0,0,0,0,0,0,0,0,0,0,0,0.000000,0,False,False
13,427,0,0,0,0,0,0,0,0,0,0,0,0,0.000000,0,False,False
13,428,45,0,0,0,2,0,0,0,0,0,0,0,0.000000,1,True,False
13,429,0,0,0,0,0,0,0,0,0,0,0,0,0.000000,0,False,False
13,430,0,0,0,0,0,0,0,0,0,0,0,0,0.000000,0,False,False
13,431,0,0,0,0,0,0,0,0,0,0,0,0,0.000000,0,False,False
13,432,0,0,0,0,0,0,0,0,0,0,0,0,0.000000,0,False,False
13,433,0,0,0,0,0,0,0,0,0,0,0,0,0.000000,0,False,False
13,434,130,0,1,2,0,0,0,0,0,0,0,0,0.000000,7,True,False
13,435,90,1,0,0,4,0,0,0,0,0,0,0,0.000000,6,True,False
13,436,0,0,0,0,0,0,0,0,0,0,0,0,0.000000,0,False,False
13,437,0,0,0,0,0,0,0,0,0,0,0,0,0.000000,0,False,False
13,438,0,0,0,0,0,0,0,0,0,0,0,0,0.000000,0,False,False
13,439,0,0,0,0,0,0,0,0,0,0,0,0,0.000000,0,False,False
13,440,90,0,0,0,3,0,0,0,0,0,0,0,0.000000,2,True,False
13,441,0,0,0,0,0,0,0,0,0,0,0,0,0.000000,0,False,False
13,442,0,0,0,0,0,0,0,0,0,0,0,0,0.000000,0,False,False
13,443,0,0,0,0,0,0,0,0,0,0,0,0,0.000000,0,False,False
13,444,0,0,0,0,0,0,0,0,0,0,0,0,0.000000,0,False,False
13,445,0,0,0,0,0,0,0,0,0,0,0,0,0.000000,0,False,False
13,446,80,0,1,0,4,0,0,0,0,0,0,0,0.000000,5,True,False
13,447,0,0,0,0,0,0,0,0,0,0,0,0,0.000000,0,False,False
13,448,68,0,0,1,0,0,0,0,0,0,0,2,0.000000,5,True,False
13,449,0,0,0,0,0,0,0,0,0,0,0,0,0.000000,0,False,False
13,450,3,0,0,0,0,0,0,0,0,0,0,0,0.000000,1,True,False
13,451,45,0,0,0,0,0,0,0,0,0,0,0,0.000000,1,True,False
13,452,1,0,0,0,0,0,0,0,0,0,0,0,0.000000,1,True,False
13,453,30,0,0,0,0,0,0,0,0,0,0,0,0.000000,2,True,False
13,454,0,0,0,0,0,0,0,0,0,0,0,0,0.000000,0,False,False
13,455,2,1,0,0,0,0,0,0,0,0,0,0,0.000000,5,True,False
13,456,0,0,0,0,0,0,0,0,0,0,0,0,0.000000,0,False,False
13,457,0,0,0,0,0,0,0,0,0,0,0,0,0.000000,0,False,False
13,458,75,0,0,0,2,0,0,0,1,0,0,0,0.000000,0,True,False
13,459,45,1,0,0,0,0,0,0,0,0,0,0,0.000000,6,True,False
13,460,10,0,0,0,0,0,0,0,0,0,0,0,0.000000,1,True,False
13,461,0,0,0,0,0,0,0,0,0,0,0,0,0.000000,0,False,False
13,462,33,0,0,0,0,0,0,0,0,0,0,0,0.000000,1,True,False
13,463,0,0,0,0,0,0,0,0,0,0,0,0,0.000000,0,False,False
13,464,0,0,0,0,0,0,0,0,0,0,0,0,0.000000,0,False,False
13,465,10,0,0,0,0,0,0,0,0,0,0,0,0.000000,1,True,False
13,466,0,0,0,0,0,0,0,0,0,0,0,0,0.000000,0,False,False
13,467,0,0,0,0,0,0,0,0,0,0,0,0,0.000000,0,False,False
14,1,28,0,0,0,0,0,0,0,0,0,0,0,0.000000,1,True,False
14,2,90,0,0,1,0,0,0,0,0,0,0,1,0.000000,7,True,False
14,3,90,0,0,1,0,0,0,0,0,0,0,0,0.000000,6,True,False
14,4,0,0,0,0,0,0,0,0,0,0,0,0,0.000000,0,False,False
14,5,90,0,0,1,0,0,0,0,0,0,0,0,0.000000,6,True,False
14,6,1,1,0,0,0,0,0,0,1,0,0,0,0.000000,4,True,False
14,7,90,0,1,1,0,0,0,0,0,0,0,0,0.000000,5,True,False
14,8,0,0,0,0,0,0,0,0,0,0,0,0,0.000000,0,False,False
14,9,0,0,0,0,0,0,0,0,0,0,0,0,0.000000,0,False,False
14,10,90,0,0,1,0,0,0,0,0,0,0,0,0.000000,6,True,False
14,11,0,0,0,0,0,0,0,0,0,0,0,0,0.000000,0,False,False
14,12,45,0,0,0,0,0,0,0,0,0,0,0,0.000000,1,True,False
14,13,0,0,0,0,0,0,0,0,0,0,0,0,0.000000,0,False,False
14,14,90,0,0,1,0,0,0,0,0,0,0,0,0.000000,3,True,False
14,15,90,0,1,1,0,0,0,0,0,0,0,2,0.000000,8,True,False
14,16,90,0,0,1,0,0,0,0,0,0,0,0,0.000000,3,True,False
14,17,17,0,0,0,0,0,0,0,0,0,0,0,0.000000,1,True,False
14,18,28,1,1,0,0,0,0,0,0,0,0,0,0.000000,9,True,False
14,19,61,0,0,1,0,0,0,0,0,0,0,0,0.000000,3,True,False
14,20,0,0,0,0,0,0,0,0,0,0,0,0,0.000000,0,False,False
14,21,0,0,0,0,0,0,0,0,0,0,0,0,0.000000,0,False,False
14,22,0,0,0,0,0,0,0,0,0,0,0,0,0.000000,0,False,False
14,23,0,0,0,0,0,0,0,0,0,0,0,0,0.000000,0,False,False
14,24,0,0,0,0,0,0,0,0,0,0,0,0,0.000000,0,False,False
14,25,0,0,0,0,0,0,0,0,0,0,0,0,0.000000,0,False,False
14,26,27,0,0,0,2,0,0,0,0,0,0,0,0.000000,0,True,False
14,27,90,0,0,0,3,0,0,0,1,0,0,0,0.000000,0,True,False
14,28,90,0,0,0,3,0,0,0,0,0,0,0,0.000000,1,True,False
14,29,90,0,0,0,3,0,0,0,0,0,0,0,0.000000,1,True,False
14,30,0,0,0,0,0,0,0,0,0,0,0,0,0.000000,0,False,False
14,31,0,0,0,0,0,0,0,0,0,0,0,0,0.000000,0,False,False
14,32,90,0,0,0,3,0,0,0,0,0,9,0,0.000000,4,True,False
14,33,0,0,0,0,0,0,0,0,0,0,0,0,0.000000,0,False,False
14,34,0,0,0,0,0,0,0,0,0,0,0,0,0.000000,0,False,False
14,35,90,1,0,0,3,0,0,0,0,0,0,1,0.000000,8,True,False
14,36,0,0,0,0,0,0,0,0,0,0,0,0,0.000000,0,False,False
14,37,90,1,1,0,3,0,0,0,0,0,0,0,0.000000,10,True,True
14,38,75,0,0,0,3,0,0,0,0,0,0,0,0.000000,2,True,False
14,39,45,0,0,0,3,0,0,0,0,0,0,0,0.000000,1,True,False
14,40,0,0,0,0,0,0,0,0,0,0,0,0,0.000000,0,False,False
14,41,0,0,0,0,0,0,0,0,0,0,0,0,0.000000,0,False,False
14,42,0,0,0,0,0,0,0,0,0,0,0,0,0.000000,0,False,False
14,43,19,0,0,0,0,0,0,0,0,0,0,0,0.000000,1,True,False
14,44,90,0,1,0,3,0,0,0,0,0,0,0,0.000000,4,True,False
14,45,90,0,0,0,3,0,0,0,1,0,0,0,0.000000,1,True,False
14,46,45,0,0,0,0,0,0,0,0,0,0,0,0.000000,1,True,False
14,47,14,0,0,0,0,0,0,0,0,0,0,0,0.000000,1,True,False
14,48,45,0,0,0,0,0,0,0,0,0,0,0,0.000000,1,True,False
14,49,0,0,0,0,0,0,0,0,0,0,0,0,0.000000,0,False,False
14,50,0,0,0,0,0,0,0,0,0,0,0,0,0.000000,0,False,False
14,51,0,0,0,0,0,0,0,0,0,0,0,0,0.000000,0,False,False
14,52,70,0,0,0,3,0,0,0,0,0,0,0,0.000000,2,True,False
14,53,0,0,0,0,0,0,0,0,0,0,0,0,0.000000,0,False,False
14,54,90,0,0,0,4,0,0,0,0,0,6,0,0.000000,2,True,False
14,55,90,0,0,0,4,0,0,0,0,0,0,0,0.000000,0,True,False
14,56,0,0,0,0,0,0,0,0,0,0,0,0,0.000000,0,False,False
14,57,0,0,0,0,0,0,0,0,0,0,0,0,0.000000,0,False,False
14,58,56,0,0,0,2,0,0,0,0,0,0,0,0.000000,0,True,False
14,59,90,0,0,0,4,0,0,0,0,0,0,0,0.000000,2,True,False
14,60,0,0,0,0,0,0,0,0,0,0,0,0,0.000000,0,False,False
14,61,0,0,0,0,0,0,0,0,0,0,0,0,0.000000,0,False,False
14,62,90,0,0,0,4,0,0,0,0,0,0,0,0.000000,2,True,False
14,63,66,0,0,0,2,0,0,0,0,0,0,0,0.000000,2,True,False
14,64,0,0,0,0,0,0,0,0,0,0,0,0,0.000000,0,False,False
14,65,0,0,0,0,0,0,0,0,0,0,0,0,0.000000,0,False,False
14,66,74,0,0,0,2,0,0,0,0,0,0,0,0.000000,1,True,False
14,67,45,0,0,0,2,0,0,0,0,0,0,0,0.000000,1,True,False
14,68,0,0,0,0,0,0,0,0,0,0,0,0,0.000000,0,False,False
14,69,0,0,0,0,0,0,0,0,0,0,0,0,0.000000,0,False,False
14,70,15,0,0,0,2,0,0,0,0,0,0,0,0.000000,0,True,False
14,71,74,0,0,0,2,0,0,0,0,0,0,0,0.000000,1,True,False
14,72,44,0,0,0,2,0,0,0,0,0,0,0,0.000000,1,True,False
14,73,0,0,0,0,0,0,0,0,0,0,0,0,0.000000,0,False,False
14,74,90,0,0,0,4,0,0,0,0,0,0,0,0.000000,0,True,False
14,75,0,0,0,0,0,0,0,0,0,0,0,0,0.000000,0,False,False
14,76,15,0,0,0,2,0,0,0,0,0,0,0,0.000000,0,True,False
14,77,90,0,0,0,4,0,0,0,0,0,0,0,0.000000,2,True,False
14,78,0,0,0,0,0,0,0,0,0,0,0,0,0.000000,0,False,False
14,79,90,0,0,0,1,0,0,0,1,0,0,0,0.000000,1,True,False
14,80,0,0,0,0,0,0,0,0,0,0,0,0,0.000000,0,False,False
14,81,90,0,0,0,1,0,0,0,0,0,0,0,0.000000,2,True,False
14,82,45,0,0,0,0,0,0,0,1,0,0,0,0.000000,0,True,False
14,83,0,0,0,0,0,0,0,0,0,0,0,0,0.000000,0,False,False
14,84,45,0,0,0,1,0,0,0,0,0,0,0,0.000000,1,True,False
14,85,3,0,0,0,0,0,0,0,0,0,0,0,0.000000,1,True,False
14,86,0,0,0,0,0,0,0,0,0,0,0,0,0.000000,0,False,False
14,87,0,0,0,0,0,0,0,0,0,0,0,0,0.000000,0,False,False
14,88,90,0,0,0,1,0,0,0,0,0,3,0,0.000000,3,True,False
14,89,0,0,0,0,0,0,0,0,0,0,0,0,0.000000,0,False,False
14,90,69,0,0,0,1,0,0,0,1,0,0,0,0.000000,1,True,False
14,91,0,0,0,0,0,0,0,0,0,0,0,0,0.000000,0,False,False
14,92,90,0,0,0,1,0,0,0,0,0,0,2,0.000000,4,True,False
14,93,0,0,0,0,0,0,0,0,0,0,0,0,0.000000,0,False,False
14,94,0,0,0,0,0,0,0,0,0,0,0,0,0.000000,0,False,False
14,95,0,0,0,0,0,0,0,0,0,0,0,0,0.000000,0,False,False
14,96,0,0,0,0,0,0,0,0,0,0,0,0,0.000000,0,False,False
14,97,90,0,0,0,1,0,0,0,0,0,0,0,0.000000,2,True,False
14,98,0,0,0,0,0,0,0,0,0,0,0,0,0.000000,0,False,False
14,99,0,0,0,0,0,0,0,0,0,0,0,0,0.000000,0,False,False
14,100,90,0,0,0,1,0,0,0,0,0,0,0,0.000000,2,True,False
14,101,0,0,0,0,0,0,0,0,0,0,0,0,0.000000,0,False,False
14,102,90,0,0,0,1,0,0,0,0,0,0,0,0.000000,2,True,False
14,103,0,0,0,0,0,0,0,0,0,0,0,0,0.000000,0,False,False
14,104,0,0,0,0,0,0,0,0,0,0,0,0,0.000000,0,False,False
14,105,0,0,0,0,0,0,0,0,0,0,0,0,0.000000,0,False,False
14,106,90,0,1,0,4,0,0,0,0,0,0,0,0.000000,3,True,False
14,107,0,0,0,0,0,0,0,0,0,0,0,0,0.000000,0,False,False
14,108,0,0,0,0,0,0,0,0,0,0,0,0,0.000000,0,False,False
14,109,0,0,0,0,0,0,0,0,0,0,0,0,0.000000,0,False,False
14,110,21,0,0,0,2,0,0,0,0,0,0,0,0.000000,1,True,False
14,111,87,0,0,0,3,0,0,0,0,0,0,0,0.000000,1,True,False
14,112,0,0,0,0,0,0,0,0,0,0,0,0,0.000000,0,False,False
14,113,0,0,0,0,0,0,0,0,0,0,0,0,0.000000,0,False,False
14,114,0,0,0,0,0,0,0,0,0,0,0,0,0.000000,0,False,False
14,115,0,0,0,0,0,0,0,0,0,0,0,0,0.000000,0,False,False
14,116,2,0,0,0,1,0,0,0,0,0,0,0,0.000000,1,True,False
14,117,0,0,0,0,0,0,0,0,0,0,0,0,0.000000,0,False,False
14,118,45,0,0,0,3,0,0,0,0,0,0,0,0.000000,1,True,False
14,119,0,0,0,0,0,0,0,0,0,0,0,0,0.000000,0,False,False
14,120,45,0,0,0,1,0,0,0,0,0,0,0,0.000000,1,True,False
14,121,0,0,0,0,0,0,0,0,0,0,0,0,0.000000,0,False,False
14,122,90,0,0,0,4,0,0,0,0,0,0,0,0.000000,0,True,False
14,123,78,1,0,0,2,0,0,0,0,0,0,0,0.000000,7,True,False
14,124,90,0,0,0,4,0,0,0,1,0,0,0,0.000000,-1,True,False
14,125,0,0,0,0,0,0,0,0,0,0,0,0,0.000000,0,False,False
14,126,0,0,0,0,0,0,0,0,0,0,0,0,0.000000,0,False,False
14,127,90,0,0,0,4,0,0,0,0,0,0,0,0.000000,0,True,False
14,128,68,1,0,0,2,0,0,0,0,0,0,0,0.000000,7,True,False
14,129,45,0,0,0,3,0,0,0,0,0,0,0,0.000000,1,True,False
14,130,0,0,0,0,0,0,0,0,0,0,0,0,0.000000,0,False,False
14,131,0,0,0,0,0,0,0,0,0,0,0,0,0.000000,0,False,False
14,132,11,0,0,0,2,0,0,0,0,0,0,0,0.000000,1,True,False
14,133,45,0,0,0,1,0,0,0,1,0,0,0,0.000000,0,True,False
14,134,90,0,0,0,4,0,0,0,1,0,0,0,0.000000,1,True,False
14,135,45,0,0,0,1,0,0,0,0,0,0,0,0.000000,1,True,False
14,136,45,0,0,0,1,0,0,0,0,0,0,0,0.000000,1,True,False
14,137,0,0,0,0,0,0,0,0,0,0,0,0,0.000000,0,False,False
14,138,0,0,0,0,0,0,0,0,0,0,0,0,0.000000,0,False,False
14,139,90,0,0,0,2,0,0,0,0,0,0,0,0.000000,1,True,False
14,140,15,0,0,0,1,0,0,0,0,0,0,0,0.000000,1,True,False
14,141,67,0,0,0,1,0,0,0,0,0,0,0,0.000000,2,True,False
14,142,0,0,0,0,0,0,0,0,0,0,0,0,0.000000,0,False,False
14,143,90,0,0,0,2,0,0,0,0,0,4,0,0.000000,2,True,False
14,144,0,0,0,0,0,0,0,0,0,0,0,0,0.000000,0,False,False
14,145,12,0,0,0,0,0,0,0,0,0,0,0,0.000000,1,True,False
14,146,90,0,0,0,2,0,0,0,0,0,0,0,0.000000,2,True,False
14,147,74,0,0,0,1,0,0,0,0,0,0,0,0.000000,2,True,False
14,148,0,0,0,0,0,0,0,0,0,0,0,0,0.000000,0,False,False
14,149,0,0,0,0,0,0,0,0,0,0,0,0,0.000000,0,False,False
14,150,90,1,0,0,2,0,0,0,0,0,0,0,0.000000,7,True,False
14,151,0,0,0,0,0,0,0,0,0,0,0,0,0.000000,0,False,False
14,152,0,0,0,0,0,0,0,0,0,0,0,0,0.000000,0,False,False
14,153,0,0,0,0,0,0,0,0,0,0,0,0,0.000000,0,False,False
14,154,72,0,0,0,2,0,0,0,0,1,0,0,0.000000,-2,True,False
14,155,90,0,0,0,2,0,0,0,1,0,0,0,0.000000,1,True,False
14,156,22,0,0,0,1,0,0,0,0,0,0,0,0.000000,1,True,False
14,157,67,0,0,0,1,0,0,0,1,0,0,0,0.000000,1,True,False
14,158,90,0,1,0,2,0,0,0,0,0,0,0,0.000000,4,True,False
14,159,9,0,0,0,1,0,0,0,1,0,0,0,0.000000,0,True,False
14,160,0,0,0,0,0,0,0,0,0,0,0,0,0.000000,0,False,False
14,161,0,0,0,0,0,0,0,0,0,0,0,0,0.000000,0,False,False
14,162,0,0,0,0,0,0,0,0,0,0,0,0,0.000000,0,False,False
14,163,0,0,0,0,0,0,0,0,0,0,0,0,0.000000,0,False,False
14,164,0,0,0,0,0,0,0,0,0,0,0,0,0.000000,0,False,False
14,165,0,0,0,0,0,0,0,0,0,0,0,0,0.000000,0,False,False
14,166,0,0,0,0,0,0,0,0,0,0,0,0,0.000000,0,False,False
14,167,0,0,0,0,0,0,0,0,0,0,0,0,0.000000,0,False,False
14,168,0,0,0,0,0,0,0,0,0,0,0,0,0.000000,0,False,False
14,169,90,0,0,0,1,0,0,0,0,0,0,0,0.000000,2,True,False
14,170,0,0,0,0,0,0,0,0,0,0,0,0,0.000000,0,False,False
14,171,0,0,0,0,0,0,0,0,0,0,0,0,0.000000,0,False,False
14,172,0,0,0,0,0,0,0,0,0,0,0,0,0.000000,0,False,False
14,173,0,0,0,0,0,0,0,0,0,0,0,0,0.000000,0,False,False
14,174,0,0,0,0,0,0,0,0,0,0,0,0,0.000000,0,False,False
14,175,0,0,0,0,0,0,0,0,0,0,0,0,0.000000,0,False,False
14,176,0,0,0,0,0,0,0,0,0,0,0,0,0.000000,0,False,False
14,177,0,0,0,0,0,0,0,0,0,0,0,0,0.000000,0,False,False
14,178,0,0,0,0,0,0,0,0,0,0,0,0,0.000000,0,False,False
14,179,0,0,0,0,0,0,0,0,0,0,0,0,0.000000,0,False,False
14,180,0,0,0,0,0,0,0,0,0,0,0,0,0.000000,0,False,False
14,181,0,0,0,0,0,0,0,0,0,0,0,0,0.000000,0,False,False
14,182,0,0,0,0,0,0,0,0,0,0,0,0,0.000000,0,False,False
14,183,0,0,0,0,0,0,0,0,0,0,0,0,0.000000,0,False,False
14,184,0,0,0,0,0,0,0,0,0,0,0,0,0.000000,0,False,False
14,185,0,0,0,0,0,0,0,0,0,0,0,0,0.000000,0,False,False
14,186,0,0,0,0,0,0,0,0,0,0,0,0,0.000000,0,False,False
14,187,0,0,0,0,0,0,0,0,0,0,0,0,0.000000,0,False,False
14,188,21,1,0,0,0,0,0,0,0,0,0,0,0.000000,7,True,True
14,189,0,0,0,0,0,0,0,0,0,0,0,0,0.000000,0,False,False
14,190,0,0,0,0,0,0,0,0,0,0,0,0,0.000000,0,False,False
14,191,0,0,0,0,0,0,0,0,0,0,0,0,0.000000,0,False,False
14,192,90,0,0,0,2,0,0,0,0,0,2,0,0.000000,1,True,False
14,193,90,1,1,0,2,0,0,0,1,0,0,3,0.000000,12,True,True
14,194,68,1,0,0,2,0,0,0,0,0,0,2,0.000000,9,True,False
14,195,45,0,0,0,3,0,0,0,0,0,0,0,0.000000,1,True,False
14,196,90,0,1,0,2,0,0,0,0,0,0,1,0.000000,6,True,False
14,197,82,0,1,0,2,0,0,0,0,0,0,0,0.000000,5,True,False
14,198,0,0,0,0,0,0,0,0,0,0,0,0,0.000000,0,False,False
14,199,90,1,0,0,2,0,0,0,0,0,0,0,0.000000,7,True,True
14,200,21,0,0,0,0,0,0,0,0,0,0,0,0.000000,1,True,False
14,201,90,0,0,0,2,0,0,0,0,0,0,0,0.000000,1,True,False
14,202,68,0,0,0,2,0,0,0,1,0,0,0,0.000000,1,True,False
14,203,0,0,0,0,0,0,0,0,0,0,0,0,0.000000,0,False,False
14,204,0,0,0,0,0,0,0,0,0,0,0,0,0.000000,0,False,False
14,205,0,0,0,0,0,0,0,0,0,0,0,0,0.000000,0,False,False
14,206,0,0,0,0,0,0,0,0,0,0,0,0,0.000000,0,False,False
14,207,29,0,0,0,0,0,0,0,0,0,0,0,0.000000,1,True,False
14,208,90,0,0,0,2,0,0,0,0,0,0,0,0.000000,1,True,False
14,209,0,0,0,0,0,0,0,0,0,0,0,0,0.000000,0,False,False
14,210,90,0,0,1,0,0,0,0,0,0,0,0,0.000000,6,True,False
14,211,20,0,0,0,0,0,0,0,0,0,0,0,0.000000,1,True,False
14,212,0,0,0,0,0,0,0,0,0,0,0,0,0.000000,0,False,False
14,213,90,0,0,1,0,0,0,0,0,0,0,0,0.000000,6,True,False
14,214,69,1,0,1,0,0,0,0,1,0,0,1,0.000000,12,True,True
14,215,0,0,0,0,0,0,0,0,0,0,0,0,0.000000,0,False,False
14,216,9,0,0,0,0,0,0,0,0,0,0,0,0.000000,1,True,False
14,217,0,0,0,0,0,0,0,0,0,0,0,0,0.000000,0,False,False
14,218,0,0,0,0,0,0,0,0,0,0,0,0,0.000000,0,False,False
14,219,0,0,0,0,0,0,0,0,0,0,0,0,0.000000,0,False,False
14,220,90,1,0,1,0,0,0,0,0,0,0,0,0.000000,8,True,False
14,221,84,1,0,1,0,0,0,0,0,0,0,2,0.000000,10,True,False
14,222,20,0,1,0,0,0,0,0,0,0,0,0,0.000000,4,True,False
14,223,5,0,0,0,0,0,0,0,0,0,0,0,0.000000,1,True,False
14,224,80,0,2,1,0,0,0,0,0,0,0,3,0.000000,12,True,True
14,225,0,0,0,0,0,0,0,0,0,0,0,0,0.000000,0,False,False
14,226,0,0,0,0,0,0,0,0,0,0,0,0,0.000000,0,False,False
14,227,0,0,0,0,0,0,0,0,0,0,0,0,0.000000,0,False,False
14,228,44,0,0,0,0,0,0,0,0,0,0,0,0.000000,1,True,False
14,229,69,0,0,1,0,0,0,0,0,0,0,0,0.000000,3,True,False
14,230,0,0,0,0,0,0,0,0,0,0,0,0,0.000000,0,False,False
14,231,0,0,0,0,0,0,0,0,0,0,0,0,0.000000,0,False,False
14,232,90,0,0,1,0,0,0,0,0,0,4,0,0.000000,7,True,False
14,233,0,0,0,0,0,0,0,0,0,0,0,0,0.000000,0,False,False
14,234,0,0,0,0,0,0,0,0,0,0,0,0,0.000000,0,False,False
14,235,45,0,0,0,0,0,0,0,0,0,0,0,0.000000,1,True,False
14,236,90,0,1,1,0,0,0,0,0,0,0,0,0.000000,6,True,False
14,237,90,1,0,1,0,0,0,0,0,0,0,0,0.000000,8,True,False
14,238,0,0,0,0,0,0,0,0,0,0,0,0,0.000000,0,False,False
14,239,0,0,0,0,0,0,0,0,0,0,0,0,0.000000,0,False,False
14,240,0,0,0,0,0,0,0,0,0,0,0,0,0.000000,0,False,False
14,241,0,0,0,0,0,0,0,0,0,0,0,0,0.000000,0,False,False
14,242,90,0,0,0,3,0,0,0,0,0,0,0,0.000000,1,True,False
14,243,0,0,0,0,0,0,0,0,0,0,0,0,0.000000,0,False,False
14,244,62,0,0,0,1,0,0,0,0,0,0,0,0.000000,2,True,False
14,245,0,0,0,0,0,0,0,0,0,0,0,0,0.000000,0,False,False
14,246,90,0,0,0,3,0,0,0,0,0,5,0,0.000000,2,True,False
14,247,27,0,0,0,2,0,0,0,0,0,0,0,0.000000,1,True,False
14,248,0,0,0,0,0,0,0,0,0,0,0,0,0.000000,0,False,False
14,249,16,0,0,0,2,0,0,0,0,0,0,0,0.000000,1,True,False
14,250,90,0,0,0,2,0,0,0,0,0,0,3,0.000000,5,True,False
14,251,73,0,0,0,1,0,0,0,0,0,0,0,0.000000,2,True,False
14,252,90,0,0,0,3,0,0,0,0,0,0,0,0.000000,2,True,False
14,253,62,0,0,0,1,0,0,0,1,0,0,0,0.000000,1,True,False
14,254,90,0,0,0,3,0,0,0,0,0,0,0,0.000000,2,True,False
14,255,0,0,0,0,0,0,0,0,0,0,0,0,0.000000,0,False,False
14,256,0,0,0,0,0,0,0,0,0,0,0,0,0.000000,0,False,False
14,257,0,0,0,0,0,0,0,0,0,0,0,0,0.000000,0,False,False
14,258,73,0,0,0,1,0,0,0,0,0,0,0,0.000000,2,True,False
14,259,90,0,0,0,3,0,0,0,0,0,0,0,0.000000,1,True,False
14,260,83,0,1,1,0,0,0,0,0,0,0,0,0.000000,6,True,False
14,261,90,0,0,0,4,0,0,0,0,0,5,0,0.000000,1,True,False
14,262,90,0,0,1,0,0,0,0,0,0,0,0,0.000000,3,True,False
14,263,90,0,0,1,0,0,0,0,1,0,0,0,0.000000,5,True,False
14,264,0,0,0,0,0,0,0,0,0,0,0,0,0.000000,0,False,False
14,265,90,0,0,1,0,0,0,0,0,0,0,0,0.000000,6,True,False
14,266,0,0,0,0,0,0,0,0,0,0,0,0,0.000000,0,False,False
14,267,0,0,0,0,0,0,0,0,0,0,0,0,0.000000,0,False,False
14,268,6,0,0,0,0,0,0,0,0,0,0,0,0.000000,1,True,False
14,269,6,0,0,0,0,0,0,0,0,0,0,0,0.000000,1,True,False
14,270,83,0,0,1,0,0,0,0,1,0,0,0,0.000000,1,True,False
14,271,0,0,0,0,0,0,0,0,0,0,0,0,0.000000,0,False,False
14,272,0,0,0,0,0,0,0,0,0,0,0,0,0.000000,0,False,False
14,273,90,0,0,1,0,0,0,0,0,0,3,0,0.000000,7,True,True
14,274,0,0,0,0,0,0,0,0,0,0,0,0,0.000000,0,False,False
14,275,0,0,0,0,0,0,0,0,0,0,0,0,0.000000,0,False,False
14,276,90,0,0,1,0,0,0,0,0,0,0,0,0.000000,3,True,False
14,277,0,0,0,0,0,0,0,0,0,0,0,0,0.000000,0,False,False
14,278,77,0,0,1,0,0,0,0,0,0,0,3,0.000000,6,True,False
14,279,0,0,0,0,0,0,0,0,0,0,0,0,0.000000,0,False,False
14,280,0,0,0,0,0,0,0,0,0,0,0,0,0.000000,0,False,False
14,281,0,0,0,0,0,0,0,0,0,0,0,0,0.000000,0,False,False
14,282,67,1,0,1,0,0,0,0,0,0,0,1,0.000000,9,True,False
14,283,90,0,0,1,0,0,0,0,1,0,0,0,0.000000,5,True,False
14,284,0,0,0,0,0,0,0,0,0,0,0,0,0.000000,0,False,False
14,285,67,0,0,1,0,0,0,0,0,0,0,0,0.000000,6,True,False
14,286,0,0,0,0,0,0,0,0,0,0,0,0,0.000000,0,False,False
14,287,0,0,0,0,0,0,0,0,0,0,0,0,0.000000,0,False,False
14,288,12,0,0,0,0,0,0,0,0,0,0,0,0.000000,1,True,False
14,289,0,0,0,0,0,0,0,0,0,0,0,0,0.000000,0,False,False
14,290,90,0,0,0,1,0,0,0,0,0,1,0,0.000000,2,True,False
14,291,0,0,0,0,0,0,0,0,0,0,0,0,0.000000,0,False,False
14,292,0,0,0,0,0,0,0,0,0,0,0,0,0.000000,0,False,False
14,293,1,0,0,0,0,0,0,0,0,0,0,0,0.000000,1,True,False
14,294,0,0,0,0,0,0,0,0,0,0,0,0,0.000000,0,False,False
14,295,90,0,0,0,1,0,0,0,0,0,0,0,0.000000,2,True,False
14,296,0,0,0,0,0,0,0,0,0,0,0,0,0.000000,0,False,False
14,297,0,0,0,0,0,0,0,0,0,0,0,0,0.000000,0,False,False
14,298,0,0,0,0,0,0,0,0,0,0,0,0,0.000000,0,False,False
14,299,90,0,0,0,1,0,0,0,0,0,0,0,0.000000,2,True,False
14,300,0,0,0,0,0,0,0,0,0,0,0,0,0.000000,0,False,False
14,301,0,0,0,0,0,0,0,0,0,0,0,0,0.000000,0,False,False
14,302,0,0,0,0,0,0,0,0,0,0,0,0,0.000000,0,False,False
14,303,0,0,0,0,0,0,0,0,0,0,0,0,0.000000,0,False,False
14,304,90,1,0,0,1,0,0,0,0,0,0,2,0.000000,9,True,False
14,305,0,0,0,0,0,0,0,0,0,0,0,0,0.000000,0,False,False
14,306,16,0,0,0,0,0,0,0,0,0,0,0,0.000000,1,True,False
14,307,0,0,0,0,0,0,0,0,0,0,0,0,0.000000,0,False,False
14,308,73,0,0,0,1,0,0,0,0,0,0,0,0.000000,2,True,False
14,309,90,1,0,0,1,0,0,0,0,0,0,3,0.000000,11,True,True
14,310,0,0,0,0,0,0,0,0,0,0,0,0,0.000000,0,False,False
14,311,0,0,0,0,0,0,0,0,0,0,0,0,0.000000,0,False,False
14,312,90,0,0,0,1,0,0,0,0,0,0,1,0.000000,3,True,False
14,313,45,0,1,0,1,0,0,0,1,0,0,0,0.000000,3,True,False
14,314,45,0,1,0,0,0,0,0,0,0,0,0,0.000000,4,True,False
14,315,90,0,0,0,1,0,0,0,1,0,0,0,0.000000,1,True,False
14,316,90,0,0,0,1,0,0,0,0,0,0,0,0.000000,2,True,False
14,317,0,0,0,0,0,0,0,0,0,0,0,0,0.000000,0,False,False
14,318,0,0,0,0,0,0,0,0,0,0,0,0,0.000000,0,False,False
14,319,0,0,0,0,0,0,0,0,0,0,0,0,0.000000,0,False,False
14,320,0,0,0,0,0,0,0,0,0,0,0,0,0.000000,0,False,False
14,321,0,0,0,0,0,0,0,0,0,0,0,0,0.000000,0,False,False
14,322,0,0,0,0,0,0,0,0,0,0,0,0,0.000000,0,False,False
14,323,0,0,0,0,0,0,0,0,0,0,0,0,0.000000,0,False,False
14,324,0,0,0,0,0,0,0,0,0,0,0,0,0.000000,0,False,False
14,325,0,0,0,0,0,0,0,0,0,0,0,0,0.000000,0,False,False
14,326,0,0,0,0,0,0,0,0,0,0,0,0,0.000000,0,False,False
14,327,0,0,0,0,0,0,0,0,0,0,0,0,0.000000,0,False,False
14,328,0,0,0,0,0,0,0,0,0,0,0,0,0.000000,0,False,False
14,329,0,0,0,0,0,0,0,0,0,0,0,0,0.000000,0,False,False
14,330,0,0,0,0,0,0,0,0,0,0,0,0,0.000000,0,False,False
14,331,0,0,0,0,0,0,0,0,0,0,0,0,0.000000,0,False,False
14,332,0,0,0,0,0,0,0,0,0,0,0,0,0.000000,0,False,False
14,333,0,0,0,0,0,0,0,0,0,0,0,0,0.000000,0,False,False
14,334,0,0,0,0,0,0,0,0,0,0,0,0,0.000000,0,False,False
14,335,0,0,0,0,0,0,0,0,0,0,0,0,0.000000,0,False,False
14,336,0,0,0,0,0,0,0,0,0,0,0,0,0.000000,0,False,False
14,337,0,0,0,0,0,0,0,0,0,0,0,0,0.000000,0,False,False
14,338,0,0,0,0,0,0,0,0,0,0,0,0,0.000000,0,False,False
14,339,3,0,0,0,0,0,0,0,0,0,0,0,0.000000,1,True,False
14,340,0,0,0,0,0,0,0,0,0,0,0,0,0.000000,0,False,False
14,341,90,0,0,0,1,0,0,0,0,0,0,0,0.000000,2,True,False
14,342,22,0,0,0,0,0,0,0,0,0,0,0,0.000000,1,True,False
14,343,67,0,0,0,1,0,0,0,0,0,0,0,0.000000,2,True,False
14,344,0,0,0,0,0,0,0,0,0,0,0,0,0.000000,0,False,False
14,345,22,0,0,0,0,0,0,0,0,0,0,0,0.000000,1,True,False
14,346,0,0,0,0,0,0,0,0,0,0,0,0,0.000000,0,False,False
14,347,22,0,0,0,0,0,0,0,1,0,0,0,0.000000,0,True,False
14,348,90,0,0,0,1,0,0,0,1,0,0,0,0.000000,1,True,False
14,349,86,0,0,0,1,0,0,0,0,0,0,0,0.000000,2,True,False
14,350,0,0,0,0,0,0,0,0,0,0,0,0,0.000000,0,False,False
14,351,0,0,0,0,0,0,0,0,0,0,0,0,0.000000,0,False,False
14,352,90,0,0,0,1,0,0,0,0,0,6,0,0.000000,4,True,False
14,353,0,0,0,0,0,0,0,0,0,0,0,0,0.000000,0,False,False
14,354,90,0,0,0,1,0,0,0,1,0,0,0,0.000000,1,True,False
14,355,67,0,0,0,1,0,0,0,0,0,0,0,0.000000,2,True,False
14,356,90,0,0,0,1,0,0,0,0,0,0,0,0.000000,2,True,False
14,357,83,0,0,0,1,0,0,0,0,0,0,0,0.000000,2,True,False
14,358,0,0,0,0,0,0,0,0,0,0,0,0,0.000000,0,False,False
14,359,67,0,1,0,1,0,0,0,0,0,0,0,0.000000,5,True,False
14,360,0,0,0,0,0,0,0,0,0,0,0,0,0.000000,0,False,False
14,361,0,0,0,0,0,0,0,0,0,0,0,0,0.000000,0,False,False
14,362,0,0,0,0,0,0,0,0,0,0,0,0,0.000000,0,False,False
14,363,90,1,0,0,1,0,0,0,1,0,0,3,0.000000,9,True,False
14,364,0,0,0,0,0,0,0,0,0,0,0,0,0.000000,0,False,False
14,365,90,0,0,0,2,0,0,0,0,0,0,0,0.000000,1,True,False
14,366,90,0,0,0,2,0,0,0,0,0,0,0,0.000000,1,True,False
14,367,0,0,0,0,0,0,0,0,0,0,0,0,0.000000,0,False,False
14,368,0,0,0,0,0,0,0,0,0,0,0,0,0.000000,0,False,False
14,369,29,0,0,0,2,0,0,0,0,0,0,0,0.000000,1,True,False
14,370,90,0,1,0,2,0,0,0,1,0,0,0,0.000000,4,True,False
14,371,77,1,1,0,2,0,0,0,0,0,0,0,0.000000,10,True,True
14,372,90,0,0,0,1,0,0,0,0,0,0,0,0.000000,2,True,False
14,373,60,1,0,1,0,0,0,0,1,0,0,2,0.000000,9,True,False
14,374,0,0,0,0,0,0,0,0,0,0,0,0,0.000000,0,False,False
14,375,0,0,0,0,0,0,0,0,0,0,0,0,0.000000,0,False,False
14,376,0,0,0,0,0,0,0,0,0,0,0,0,0.000000,0,False,False
14,377,23,0,0,0,1,0,0,0,0,0,0,0,0.000000,1,True,False
14,378,60,0,0,1,0,0,0,0,0,0,0,0,0.000000,3,True,False
14,379,12,0,0,0,0,0,0,0,0,0,0,0,0.000000,1,True,False
14,380,29,0,0,0,2,0,0,0,0,0,0,0,0.000000,0,True,False
14,381,12,0,0,0,0,0,0,0,0,0,0,0,0.000000,1,True,False
14,382,77,0,0,0,2,0,0,0,1,0,0,0,0.000000,1,True,False
14,383,90,0,0,0,2,0,0,0,0,0,5,3,0.000000,5,True,False
14,384,0,0,0,0,0,0,0,0,0,0,0,0,0.000000,0,False,False
14,385,56,0,0,0,2,0,0,0,0,1,0,0,0.000000,-3,True,False
14,386,90,0,0,0,2,0,0,0,1,0,0,0,0.000000,0,True,False
14,387,0,0,0,0,0,0,0,0,0,0,0,0,0.000000,0,False,False
14,388,66,1,1,0,1,0,0,0,0,0,0,0,0.000000,10,True,True
14,389,0,0,0,0,0,0,0,0,0,0,0,0,0.000000,0,False,False
14,390,0,0,0,0,0,0,0,0,1,0,0,0,0.000000,-1,False,False
14,391,0,0,0,0,0,0,0,0,0,0,0,0,0.000000,0,False,False
14,392,0,0,0,0,0,0,0,0,0,0,0,0,0.000000,0,False,False
14,393,0,0,0,0,0,0,0,0,0,0,0,0,0.000000,0,False,False
14,394,90,0,0,0,1,0,0,0,0,0,0,0,0.000000,2,True,False
14,395,90,0,0,0,1,0,0,0,1,0,0,0,0.000000,1,True,False
14,396,90,0,0,0,1,0,0,0,0,0,0,1,0.000000,3,True,False
14,397,0,0,0,0,0,0,0,0,0,0,0,0,0.000000,0,False,False
14,398,0,0,0,0,0,0,0,0,0,0,0,0,0.000000,0,False,False
14,399,0,0,0,0,0,0,0,0,0,0,0,0,0.000000,0,False,False
14,400,0,0,0,0,0,0,0,0,0,0,0,0,0.000000,0,False,False
14,401,90,0,0,0,1,0,0,0,0,0,0,0,0.000000,2,True,False
14,402,8,0,0,0,0,0,0,0,1,0,0,0,0.000000,0,True,False
14,403,26,0,0,0,0,0,0,0,0,0,0,0,0.000000,1,True,False
14,404,0,0,0,0,0,0,0,0,0,0,0,0,0.000000,0,False,False
14,405,81,1,0,0,1,0,0,0,1,0,0,2,0.000000,8,True,False
14,406,0,0,0,0,0,0,0,0,0,0,0,0,0.000000,0,False,False
14,407,70,0,0,0,1,0,0,0,0,0,0,0,0.000000,2,True,False
14,408,19,0,0,0,0,0,0,0,0,0,0,0,0.000000,1,True,False
14,409,0,0,0,0,0,0,0,0,0,0,0,0,0.000000,0,False,False
14,410,63,0,0,0,1,0,0,0,0,0,0,0,0.000000,2,True,False
14,411,0,0,0,0,0,0,0,0,0,0,0,0,0.000000,0,False,False
14,412,0,0,0,0,0,0,0,0,0,0,0,0,0.000000,0,False,False
14,413,8,0,0,0,0,0,0,0,0,0,0,0,0.000000,1,True,False
14,414,81,0,1,0,1,0,0,0,0,0,0,0,0.000000,5,True,False
14,415,0,0,0,0,0,0,0,0,0,0,0,0,0.000000,0,False,False
14,416,0,0,0,0,0,0,0,0,0,0,0,0,0.000000,0,False,False
14,417,0,0,0,0,0,0,0,0,0,0,0,0,0.000000,0,False,False
14,418,0,0,0,0,0,0,0,0,0,0,0,0,0.000000,0,False,False
14,419,0,0,0,0,0,0,0,0,0,0,0,0,0.000000,0,False,False
14,420,0,0,0,0,0,0,0,0,0,0,0,0,0.000000,0,False,False
14,421,74,0,0,0,2,0,0,0,0,0,0,0,0.000000,2,True,False
14,422,16,0,0,0,2,0,0,0,1,0,0,0,0.000000,0,True,False
14,423,0,0,0,0,0,0,0,0,0,0,0,0,0.000000,0,False,False
14,424,0,0,0,0,0,0,0,0,0,0,0,0,0.000000,0,False,False
14,425,15,0,1,0,0,0,0,0,0,0,0,0,0.000000,4,True,False
14,426,0,0,0,0,0,0,0,0,0,0,0,0,0.000000,0,False,False
14,427,0,0,0,0,0,0,0,0,0,0,0,0,0.000000,0,False,False
14,428,90,0,0,0,1,0,0,0,0,0,0,0,0.000000,2,True,False
14,429,0,0,0,0,0,0,0,0,0,0,0,0,0.000000,0,False,False
14,430,0,0,0,0,0,0,0,0,0,0,0,0,0.000000,0,False,False
14,431,0,0,0,0,0,0,0,0,0,0,0,0,0.000000,0,False,False
14,432,0,0,0,0,0,0,0,0,0,0,0,0,0.000000,0,False,False
14,433,0,0,0,0,0,0,0,0,0,0,0,0,0.000000,0,False,False
14,434,61,1,0,1,0,0,0,0,0,0,0,0,0.000000,6,True,True
14,435,0,0,0,0,0,0,0,0,0,0,0,0,0.000000,0,False,False
14,436,0,0,0,0,0,0,0,0,0,0,0,0,0.000000,0,False,False
14,437,0,0,0,0,0,0,0,0,0,0,0,0,0.000000,0,False,False
14,438,0,0,0,0,0,0,0,0,0,0,0,0,0.000000,0,False,False
14,439,0,0,0,0,0,0,0,0,0,0,0,0,0.000000,0,False,False
14,440,86,0,0,0,1,0,0,0,0,0,0,0,0.000000,2,True,False
14,441,0,0,0,0,0,0,0,0,0,0,0,0,0.000000,0,False,False
14,442,0,0,0,0,0,0,0,0,0,0,0,0,0.000000,0,False,False
14,443,0,0,0,0,0,0,0,0,0,0,0,0,0.000000,0,False,False
14,444,0,0,0,0,0,0,0,0,0,0,0,0,0.000000,0,False,False
14,445,0,0,0,0,0,0,0,0,0,0,0,0,0.000000,0,False,False
14,446,60,0,0,0,1,0,0,0,0,0,0,0,0.000000,2,True,False
14,447,0,0,0,0,0,0,0,0,0,0,0,0,0.000000,0,False,False
14,448,27,0,0,0,0,0,0,0,0,0,0,0,0.000000,1,True,False
14,449,1,0,0,0,1,0,0,0,0,0,0,0,0.000000,1,True,False
14,450,0,0,0,0,0,0,0,0,0,0,0,0,0.000000,0,False,False
14,451,33,0,0,0,2,0,0,0,0,0,0,0,0.000000,1,True,False
14,452,22,0,0,0,0,0,0,0,0,0,0,0,0.000000,1,True,False
14,453,0,0,0,0,0,0,0,0,0,0,0,0,0.000000,0,False,False
14,454,90,0,0,0,1,0,0,0,0,0,6,0,0.000000,4,True,False
14,455,0,0,0,0,0,0,0,0,0,0,0,0,0.000000,0,False,False
14,456,0,0,0,0,0,0,0,0,0,0,0,0,0.000000,0,False,False
14,457,6,0,0,0,0,0,0,0,0,0,0,0,0.000000,1,True,False
14,458,68,0,0,0,2,0,0,0,1,0,0,0,0.000000,0,True,False
14,459,7,0,0,0,0,0,0,0,0,0,0,0,0.000000,1,True,False
14,460,22,0,0,0,0,0,0,0,0,0,0,0,0.000000,1,True,False
14,461,0,0,0,0,0,0,0,0,0,0,0,0,0.000000,0,False,False
14,462,0,0,0,0,0,0,0,0,0,0,0,0,0.000000,0,False,False
14,463,0,0,0,0,0,0,0,0,0,0,0,0,0.000000,0,False,False
14,464,0,0,0,0,0,0,0,0,0,0,0,0,0.000000,0,False,False
14,465,0,0,0,0,0,0,0,0,0,0,0,0,0.000000,0,False,False
14,466,21,0,0,0,0,0,0,0,0,0,0,0,0.000000,1,True,False
14,467,0,0,0,0,0,0,0,0,0,0,0,0,0.000000,0,False,False
14,468,23,0,0,0,2,0,0,0,0,0,0,0,0.000000,1,True,False
14,469,20,0,0,0,0,0,0,0,0,0,0,0,0.000000,1,True,False
14,470,0,0,0,0,0,0,0,0,0,0,0,0,0.000000,0,False,False
14,471,0,0,0,0,0,0,0,0,0,0,0,0,0.000000,0,False,False
14,472,0,0,0,0,0,0,0,0,0,0,0,0,0.000000,0,False,False
15,1,83,0,1,1,0,0,0,0,0,0,0,0,0.000000,9,True,False
15,2,90,0,0,1,0,0,0,0,0,0,0,0,0.000000,6,True,False
15,3,0,0,0,0,0,0,0,0,0,0,0,0,0.000000,0,False,False
15,4,0,0,0,0,0,0,0,0,0,0,0,0,0.000000,0,False,False
15,5,90,0,0,1,0,0,0,0,0,0,0,0,0.000000,6,True,False
15,6,12,0,0,0,0,0,0,0,0,0,0,0,0.000000,1,True,False
15,7,23,0,0,0,0,0,0,0,0,0,0,0,0.000000,1,True,False
15,8,0,0,0,0,0,0,0,0,0,0,0,0,0.000000,0,False,False
15,9,0,0,0,0,0,0,0,0,0,0,0,0,0.000000,0,False,False
15,10,90,0,0,1,0,0,0,0,0,0,2,0,0.000000,6,True,False
15,11,0,0,0,0,0,0,0,0,0,0,0,0,0.000000,0,False,False
15,12,90,0,1,1,0,0,0,0,0,0,0,0,0.000000,6,True,False
15,13,0,0,0,0,0,0,0,0,0,0,0,0,0.000000,0,False,False
15,14,66,0,1,1,0,0,0,0,0,0,0,0,0.000000,6,True,False
15,15,77,1,0,1,0,0,0,0,0,0,0,2,0.000000,10,True,False
15,16,90,1,1,1,0,0,0,0,0,0,0,3,0.000000,14,True,True
15,17,0,0,0,0,0,0,0,0,0,0,0,0,0.000000,0,False,False
15,18,66,1,0,1,0,0,0,0,0,0,0,1,0.000000,9,True,False
15,19,11,0,0,0,0,0,0,0,0,0,0,0,0.000000,1,True,False
15,20,0,0,0,0,0,0,0,0,0,0,0,0,0.000000,0,False,False
15,21,90,0,0,1,0,0,0,0,0,0,0,0,0.000000,6,True,False
15,22,6,0,0,0,0,0,0,0,0,0,0,0,0.000000,1,True,False
15,23,0,0,0,0,0,0,0,0,0,0,0,0,0.000000,0,False,False
15,24,0,0,0,0,0,0,0,0,0,0,0,0,0.000000,0,False,False
15,25,0,0,0,0,0,0,0,0,0,0,0,0,0.000000,0,False,False
15,26,0,0,0,0,0,0,0,0,0,0,0,0,0.000000,0,False,False
15,27,90,0,0,0,1,0,0,0,0,0,0,0,0.000000,2,True,False
15,28,90,0,0,0,2,0,0,0,0,0,0,0,0.000000,1,True,False
15,29,90,0,1,0,2,0,0,0,0,0,0,0,0.000000,4,True,False
15,30,0,0,0,0,0,0,0,0,0,0,0,0,0.000000,0,False,False
15,31,0,0,0,0,0,0,0,0,0,0,0,0,0.000000,0,False,False
15,32,90,0,0,0,2,0,0,0,0,0,4,0,0.000000,2,True,False
15,33,0,0,0,0,0,0,0,0,0,0,0,0,0.000000,0,False,False
15,34,0,0,0,0,0,0,0,0,0,0,0,0,0.000000,0,False,False
15,35,90,1,0,0,2,0,0,0,1,0,0,2,0.000000,8,True,False
15,36,0,0,0,0,0,0,0,0,0,0,0,0,0.000000,0,False,False
15,37,90,0,0,0,2,0,0,0,0,0,0,0,0.000000,2,True,False
15,38,0,0,0,0,0,0,0,0,0,0,0,0,0.000000,0,False,False
15,39,90,0,0,0,2,0,0,0,1,0,0,0,0.000000,1,True,False
15,40,0,0,0,0,0,0,0,0,0,0,0,0,0.000000,0,False,False
15,41,0,0,0,0,0,0,0,0,0,0,0,0,0.000000,0,False,False
15,42,0,0,0,0,0,0,0,0,0,0,0,0,0.000000,0,False,False
15,43,68,0,0,0,2,0,0,0,0,0,0,0,0.000000,2,True,False
15,44,90,0,0,0,2,0,0,0,0,0,0,0,0.000000,1,True,False
15,45,90,0,0,0,2,0,0,0,0,0,0,0,0.000000,2,True,False
15,46,90,0,0,0,2,0,0,0,0,0,0,0,0.000000,2,True,False
15,47,1,0,0,0,0,0,0,0,0,0,0,0,0.000000,1,True,False
15,48,0,0,0,0,0,0,0,0,0,0,0,0,0.000000,0,False,False
15,49,0,0,0,0,0,0,0,0,0,0,0,0,0.000000,0,False,False
15,50,21,1,0,0,0,0,0,0,0,0,0,0,0.000000,6,True,False
15,51,0,0,0,0,0,0,0,0,0,0,0,0,0.000000,0,False,False
15,52,68,0,1,0,2,0,0,0,0,0,0,0,0.000000,5,True,False
15,53,0,0,0,0,0,0,0,0,0,0,0,0,0.000000,0,False,False
15,54,90,0,0,1,0,0,0,0,0,0,1,0,0.000000,6,True,False
15,55,90,0,0,1,0,0,0,0,0,0,0,0,0.000000,6,True,False
15,56,0,0,0,0,0,0,0,0,0,0,0,0,0.000000,0,False,False
15,57,0,0,0,0,0,0,0,0,0,0,0,0,0.000000,0,False,False
15,58,26,0,0,0,0,0,0,0,0,0,0,0,0.000000,1,True,False
15,59,90,0,0,1,0,0,0,0,0,0,0,0,0.000000,2,True,False
15,60,0,0,0,0,0,0,0,0,0,0,0,0,0.000000,0,False,False
15,61,0,0,0,0,0,0,0,0,0,0,0,0,0.000000,0,False,False
15,62,63,0,0,1,0,0,0,0,0,0,0,0,0.000000,3,True,False
15,63,75,0,0,1,0,0,0,0,1,0,0,0,0.000000,2,True,False
15,64,0,0,0,0,0,0,0,0,0,0,0,0,0.000000,0,False,False
15,65,0,0,0,0,0,0,0,0,0,0,0,0,0.000000,0,False,False
15,66,90,0,0,1,0,0,0,0,0,0,0,1,0.000000,7,True,False
15,67,0,0,0,0,0,0,0,0,0,0,0,0,0.000000,0,False,False
15,68,0,0,0,0,0,0,0,0,0,0,0,0,0.000000,0,False,False
15,69,0,0,0,0,0,0,0,0,0,0,0,0,0.000000,0,False,False
15,70,45,0,0,0,0,0,0,0,0,0,0,0,0.000000,1,True,False
15,71,63,0,0,1,0,0,0,0,0,0,0,0,0.000000,6,True,False
15,72,90,0,0,1,0,0,0,0,0,0,0,0,0.000000,3,True,False
15,73,0,0,0,0,0,0,0,0,0,0,0,0,0.000000,0,False,False
15,74,90,1,0,1,0,0,0,0,0,0,0,3,0.000000,15,True,True
15,75,0,0,0,0,0,0,0,0,0,0,0,0,0.000000,0,False,False
15,76,0,0,0,0,0,0,0,0,0,0,0,0,0.000000,0,False,False
15,77,87,0,1,1,0,0,0,0,0,0,0,2,0.000000,8,True,False
15,78,0,0,0,0,0,0,0,0,0,0,0,0,0.000000,0,False,False
15,79,90,0,1,1,0,0,0,0,0,0,0,1,0.000000,10,True,True
15,80,0,0,0,0,0,0,0,0,0,0,0,0,0.000000,0,False,False
15,81,90,0,0,1,0,0,0,0,0,0,0,0,0.000000,3,True,False
15,82,43,0,0,0,0,0,0,0,0,0,0,0,0.000000,1,True,False
15,83,0,0,0,0,0,0,0,0,0,0,0,0,0.000000,0,False,False
15,84,46,0,0,0,0,0,0,0,0,0,0,0,0.000000,1,True,False
15,85,20,0,1,0,0,0,0,0,0,0,0,0,0.000000,4,True,False
15,86,0,0,0,0,0,0,0,0,0,0,0,0,0.000000,0,False,False
15,87,0,0,0,0,0,0,0,0,0,0,0,0,0.000000,0,False,False
15,88,90,0,0,1,0,0,0,0,0,0,5,0,0.000000,7,True,False
15,89,0,0,0,0,0,0,0,0,0,0,0,0,0.000000,0,False,False
15,90,69,0,0,1,0,0,0,0,0,0,0,0,0.000000,3,True,False
15,91,9,0,0,0,0,0,0,0,0,0,0,0,0.000000,1,True,False
15,92,80,1,0,1,0,0,0,0,0,0,0,3,0.000000,11,True,True
15,93,0,0,0,0,0,0,0,0,0,0,0,0,0.000000,0,False,False
15,94,0,0,0,0,0,0,0,0,0,0,0,0,0.000000,0,False,False
15,95,0,0,0,0,0,0,0,0,0,0,0,0,0.000000,0,False,False
15,96,0,0,0,0,0,0,0,0,0,0,0,0,0.000000,0,False,False
15,97,90,0,0,1,0,0,0,0,0,0,0,0,0.000000,6,True,False
15,98,0,0,0,0,0,0,0,0,0,0,0,0,0.000000,0,False,False
15,99,0,0,0,0,0,0,0,0,0,0,0,0,0.000000,0,False,False
15,100,45,0,0,0,0,0,0,0,0,0,0,0,0.000000,1,True,False
15,101,0,0,0,0,0,0,0,0,0,0,0,0,0.000000,0,False,False
15,102,69,1,1,1,0,0,0,0,1,0,0,2,0.000000,16,True,True
15,103,0,0,0,0,0,0,0,0,0,0,0,0,0.000000,0,False,False
15,104,0,0,0,0,0,0,0,0,0,0,0,0,0.000000,0,False,False
15,105,0,0,0,0,0,0,0,0,0,0,0,0,0.000000,0,False,False
15,106,90,0,0,0,1,0,0,0,0,0,0,0,0.000000,2,True,False
15,107,0,0,0,0,0,0,0,0,0,0,0,0,0.000000,0,False,False
15,108,0,0,0,0,0,0,0,0,0,0,0,0,0.000000,0,False,False
15,109,45,0,0,0,0,0,0,0,0,0,0,2,0.000000,3,True,False
15,110,0,0,0,0,0,0,0,0,0,0,0,0,0.000000,0,False,False
15,111,90,0,0,0,1,0,0,0,0,0,0,0,0.000000,2,True,False
15,112,68,0,1,1,0,0,0,0,0,0,0,0,0.000000,9,True,False
15,113,0,0,0,0,0,0,0,0,0,0,0,0,0.000000,0,False,False
15,114,45,0,0,0,1,0,0,0,0,0,0,0,0.000000,1,True,False
15,115,0,0,0,0,0,0,0,0,0,0,0,0,0.000000,0,False,False
15,116,0,0,0,0,0,0,0,0,0,0,0,0,0.000000,0,False,False
15,117,0,0,0,0,0,0,0,0,0,0,0,0,0.000000,0,False,False
15,118,21,0,0,0,1,0,0,0,0,0,0,0,0.000000,1,True,False
15,119,0,0,0,0,0,0,0,0,0,0,0,0,0.000000,0,False,False
15,120,68,0,1,1,0,0,0,0,0,0,0,0,0.000000,6,True,False
15,121,0,0,0,0,0,0,0,0,0,0,0,0,0.000000,0,False,False
15,122,90,0,0,0,1,0,0,0,0,0,0,0,0.000000,2,True,False
15,123,90,1,0,0,1,0,0,0,0,0,0,3,0.000000,10,True,False
15,124,0,0,0,0,0,0,0,0,0,0,0,0,0.000000,0,False,False
15,125,0,0,0,0,0,0,0,0,0,0,0,0,0.000000,0,False,False
15,126,0,0,0,0,0,0,0,0,0,0,0,0,0.000000,0,False,False
15,127,21,0,0,0,1,0,0,0,0,0,0,0,0.000000,1,True,False
15,128,73,0,0,1,0,0,0,0,0,0,0,0,0.000000,3,True,False
15,129,45,0,0,0,1,0,0,0,0,0,0,0,0.000000,1,True,False
15,130,0,0,0,0,0,0,0,0,0,0,0,0,0.000000,0,False,False
15,131,0,0,0,0,0,0,0,0,0,0,0,0,0.000000,0,False,False
15,132,45,1,0,0,0,0,0,0,0,0,0,1,0.000000,6,True,False
15,133,16,0,0,0,1,0,0,0,0,0,0,0,0.000000,1,True,False
15,134,90,0,0,0,1,0,0,0,0,0,0,0,0.000000,2,True,False
15,135,45,0,0,0,2,0,0,0,0,0,0,0,0.000000,1,True,False
15,136,0,0,0,0,0,0,0,0,0,0,0,0,0.000000,0,False,False
15,137,0,0,0,0,0,0,0,0,0,0,0,0,0.000000,0,False,False
15,138,45,0,0,0,2,0,0,0,0,0,0,0,0.000000,0,True,False
15,139,90,0,0,0,2,0,0,0,0,0,0,0,0.000000,1,True,False
15,140,45,0,0,0,2,0,0,0,0,0,0,0,0.000000,0,True,False
15,141,90,0,0,0,2,0,0,0,0,0,0,0,0.000000,2,True,False
15,142,0,0,0,0,0,0,0,0,0,0,0,0,0.000000,0,False,False
15,143,90,0,0,0,2,0,0,0,0,0,4,0,0.000000,2,True,False
15,144,0,0,0,0,0,0,0,0,0,0,0,0,0.000000,0,False,False
15,145,90,0,0,0,2,0,0,0,0,0,0,0,0.000000,1,True,False
15,146,90,0,0,0,2,0,0,0,0,0,0,0,0.000000,2,True,False
15,147,45,0,0,0,0,0,0,0,0,0,0,0,0.000000,1,True,False
15,148,0,0,0,0,0,0,0,0,0,0,0,0,0.000000,0,False,False
15,149,0,0,0,0,0,0,0,0,0,0,0,0,0.000000,0,False,False
15,150,90,0,1,0,2,0,0,0,0,0,0,0,0.000000,5,True,False
15,151,0,0,0,0,0,0,0,0,0,0,0,0,0.000000,0,False,False
15,152,0,0,0,0,0,0,0,0,0,0,0,0,0.000000,0,False,False
15,153,16,0,0,0,0,0,0,0,1,0,0,0,0.000000,0,True,False
15,154,0,0,0,0,0,0,0,0,0,0,0,0,0.000000,0,False,False
15,155,0,0,0,0,0,0,0,0,0,0,0,0,0.000000,0,False,False
15,156,45,1,0,0,0,0,0,0,0,0,0,0,0.000000,6,True,False
15,157,73,0,0,0,2,0,0,0,0,0,0,0,0.000000,2,True,False
15,158,90,0,0,0,2,0,0,0,0,0,0,0,0.000000,1,True,False
15,159,0,0,0,0,0,0,0,0,0,0,0,0,0.000000,0,False,False
15,160,90,0,0,0,4,0,0,0,0,0,4,0,0.000000,1,True,False
15,161,0,0,0,0,0,0,0,0,0,0,0,0,0.000000,0,False,False
15,162,6,0,0,0,0,0,0,0,0,0,0,0,0.000000,1,True,False
15,163,90,0,0,0,4,0,0,0,0,0,0,0,0.000000,0,True,False
15,164,0,0,0,0,0,0,0,0,0,0,0,0,0.000000,0,False,False
15,165,0,0,0,0,0,0,0,0,0,0,0,0,0.000000,0,False,False
15,166,90,0,0,0,4,0,0,0,0,0,0,0,0.000000,0,True,False
15,167,0,0,0,0,0,0,0,0,0,0,0,0,0.000000,0,False,False
15,168,83,0,0,0,4,0,0,0,0,0,0,0,0.000000,0,True,False
15,169,90,0,0,0,6,0,0,0,0,0,0,0,0.000000,-1,True,False
15,170,66,0,0,0,3,0,0,0,0,0,0,0,0.000000,2,True,False
15,171,23,0,0,0,1,1,0,0,0,0,0,0,0.000000,-1,True,False
15,172,0,0,0,0,0,0,0,0,0,0,0,0,0.000000,0,False,False
15,173,78,0,0,0,4,0,0,0,0,0,0,0,0.000000,2,True,False
15,174,11,0,0,0,0,0,0,0,0,0,0,0,0.000000,1,True,False
15,175,23,0,0,0,1,0,0,0,0,0,0,0,0.000000,1,True,False
15,176,0,0,0,0,0,0,0,0,0,0,0,0,0.000000,0,False,False
15,177,0,0,0,0,0,0,0,0,0,0,0,0,0.000000,0,False,False
15,178,0,0,0,0,0,0,0,0,0,0,0,0,0.000000,0,False,False
15,179,90,0,0,0,4,0,0,0,0,0,0,0,0.000000,2,True,False
15,180,90,0,0,0,4,0,0,0,1,0,0,0,0.000000,1,True,False
15,181,0,0,0,0,0,0,0,0,0,0,0,0,0.000000,0,False,False
15,182,0,0,0,0,0,0,0,0,0,0,0,0,0.000000,0,False,False
15,183,66,0,0,0,3,0,0,0,0,0,0,0,0.000000,2,True,False
15,184,0,0,0,0,0,0,0,0,0,0,0,0,0.000000,0,False,False
15,185,66,0,0,0,3,0,0,0,0,0,0,0,0.000000,1,True,False
15,186,45,0,0,0,0,0,0,0,0,0,0,0,0.000000,1,True,False
15,187,0,0,0,0,0,0,0,0,0,0,0,0,0.000000,0,False,False
15,188,73,0,0,0,2,0,0,0,0,0,0,0,0.000000,1,True,False
15,189,0,0,0,0,0,0,0,0,0,0,0,0,0.000000,0,False,False
15,190,0,0,0,0,0,0,0,0,0,0,0,0,0.000000,0,False,False
15,191,23,0,0,0,1,0,0,0,0,0,0,0,0.000000,1,True,False
15,192,90,0,0,0,3,1,0,0,0,0,2,0,0.000000,-1,True,False
15,193,90,0,2,0,3,0,0,0,0,0,0,1,0.000000,9,True,False
15,194,73,1,0,0,2,0,0,0,0,0,0,0,0.000000,7,True,False
15,195,21,1,1,0,0,0,0,0,0,0,0,0,0.000000,9,True,False
15,196,90,1,0,0,3,0,0,0,0,0,0,3,0.000000,10,True,True
15,197,86,1,0,0,2,0,0,0,1,0,0,0,0.000000,6,True,False
15,198,0,0,0,0,0,0,0,0,0,0,0,0,0.000000,0,False,False
15,199,90,0,0,0,3,0,0,0,0,0,0,0,0.000000,1,True,False
15,200,63,0,0,0,2,0,0,0,0,0,0,0,0.000000,2,True,False
15,201,90,0,0,0,3,0,0,0,0,0,0,0,0.000000,1,True,False
15,202,26,0,0,0,1,0,0,0,0,0,0,0,0.000000,1,True,False
15,203,0,0,0,0,0,0,0,0,0,0,0,0,0.000000,0,False,False
15,204,0,0,0,0,0,0,0,0,0,0,0,0,0.000000,0,False,False
15,205,0,0,0,0,0,0,0,0,0,0,0,0,0.000000,0,False,False
15,206,0,0,0,0,0,0,0,0,0,0,0,0,0.000000,0,False,False
15,207,90,0,0,1,0,0,0,0,0,0,0,0,0.000000,3,True,False
15,208,90,0,0,0,3,0,0,0,0,0,0,0,0.000000,1,True,False
15,209,0,0,0,0,0,0,0,0,0,0,0,0,0.000000,0,False,False
15,210,90,0,0,0,3,0,0,0,0,0,0,1,0.000000,2,True,False
15,211,0,0,0,0,0,0,0,0,0,0,0,0,0.000000,0,False,False
15,212,6,0,0,0,1,0,0,0,0,0,0,0,0.000000,1,True,False
15,213,90,0,0,0,3,0,0,0,0,0,0,0,0.000000,1,True,False
15,214,83,0,0,0,2,0,0,0,1,0,0,0,0.000000,0,True,False
15,215,0,0,0,0,0,0,0,0,0,0,0,0,0.000000,0,False,False
15,216,6,0,0,0,1,0,0,0,0,0,0,0,0.000000,1,True,False
15,217,0,0,0,0,0,0,0,0,0,0,0,0,0.000000,0,False,False
15,218,0,0,0,0,0,0,0,0,0,0,0,0,0.000000,0,False,False
15,219,0,0,0,0,0,0,0,0,0,0,0,0,0.000000,0,False,False
15,220,72,1,0,0,1,0,0,0,0,0,0,0,0.000000,7,True,False
15,221,90,0,0,0,3,0,0,0,1,0,0,0,0.000000,1,True,False
15,222,23,0,0,0,2,0,0,0,0,0,0,0,0.000000,1,True,False
15,223,0,0,0,0,0,0,0,0,0,0,0,0,0.000000,0,False,False
15,224,83,0,0,0,2,0,0,0,0,0,0,0,0.000000,2,True,False
15,225,0,0,0,0,0,0,0,0,0,0,0,0,0.000000,0,False,False
15,226,0,0,0,0,0,0,0,0,0,0,0,0,0.000000,0,False,False
15,227,0,0,0,0,0,0,0,0,0,0,0,0,0.000000,0,False,False
15,228,23,0,0,0,2,0,0,0,0,0,0,0,0.000000,0,True,False
15,229,66,0,0,0,1,0,0,0,0,0,0,0,0.000000,2,True,False
15,230,0,0,0,0,0,0,0,0,0,0,0,0,0.000000,0,False,False
15,231,0,0,0,0,0,0,0,0,0,0,0,0,0.000000,0,False,False
15,232,90,0,0,0,3,0,0,0,0,0,2,0,0.000000,1,True,False
15,233,0,0,0,0,0,0,0,0,0,0,0,0,0.000000,0,False,False
15,234,0,0,0,0,0,0,0,0,0,0,0,0,0.000000,0,False,False
15,235,66,0,2,0,1,0,0,0,0,0,0,0,0.000000,8,True,False
15,236,90,0,0,0,3,0,0,0,0,0,0,3,0.000000,5,True,False
15,237,90,1,0,0,3,0,0,0,1,0,0,0,0.000000,6,True,False
15,238,17,0,0,0,2,0,0,0,0,0,0,0,0.000000,1,True,False
15,239,0,0,0,0,0,0,0,0,0,0,0,0,0.000000,0,False,False
15,240,90,0,0,0,4,0,0,0,1,0,0,0,0.000000,-1,True,False
15,241,0,0,0,0,0,0,0,0,0,0,0,0,0.000000,0,False,False
15,242,90,0,0,0,1,0,0,0,0,0,0,0,0.000000,2,True,False
15,243,0,0,0,0,0,0,0,0,0,0,0,0,0.000000,0,False,False
15,244,90,0,0,0,1,0,0,0,0,0,0,0,0.000000,2,True,False
15,245,0,0,0,0,0,0,0,0,0,0,0,0,0.000000,0,False,False
15,246,90,0,0,0,1,0,0,0,0,0,4,0,0.000000,3,True,False
15,247,20,0,0,0,0,0,0,0,0,0,0,0,0.000000,1,True,False
15,248,0,0,0,0,0,0,0,0,0,0,0,0,0.000000,0,False,False
15,249,90,0,0,0,1,0,0,0,0,0,0,0,0.000000,2,True,False
15,250,9,0,0,0,0,0,0,0,0,0,0,0,0.000000,1,True,False
15,251,69,0,0,0,1,0,0,0,0,0,0,0,0.000000,2,True,False
15,252,69,0,0,0,1,0,0,0,0,0,0,0,0.000000,2,True,False
15,253,69,0,0,0,1,0,0,0,0,0,0,0,0.000000,2,True,False
15,254,90,0,0,0,1,0,0,0,0,0,0,0,0.000000,2,True,False
15,255,1,0,0,0,0,0,0,0,0,0,0,0,0.000000,1,True,False
15,256,80,0,0,0,1,0,0,0,0,0,0,0,0.000000,2,True,False
15,257,0,0,0,0,0,0,0,0,0,0,0,0,0.000000,0,False,False
15,258,0,0,0,0,0,0,0,0,0,0,0,0,0.000000,0,False,False
15,259,88,0,0,0,1,0,0,0,0,0,0,0,0.000000,2,True,False
15,260,80,0,0,0,3,0,0,0,0,0,0,0,0.000000,2,True,False
15,261,90,0,0,0,1,0,0,0,0,0,4,0,0.000000,3,True,False
15,262,90,0,0,0,3,0,0,0,1,0,0,0,0.000000,1,True,False
15,263,90,0,0,0,3,0,0,0,0,0,0,0,0.000000,1,True,False
15,264,0,0,0,0,0,0,0,0,0,0,0,0,0.000000,0,False,False
15,265,0,0,0,0,0,0,0,0,0,0,0,0,0.000000,0,False,False
15,266,0,0,0,0,0,0,0,0,0,0,0,0,0.000000,0,False,False
15,267,0,0,0,0,0,0,0,0,0,0,0,0,0.000000,0,False,False
15,268,18,0,0,0,0,0,0,0,0,0,0,0,0.000000,1,True,False
15,269,0,0,0,0,0,0,0,0,0,0,0,0,0.000000,0,False,False
15,270,90,1,0,0,3,0,0,0,0,0,0,0,0.000000,6,True,False
15,271,0,0,0,0,0,0,0,0,0,0,0,0,0.000000,0,False,False
15,272,0,0,0,0,0,0,0,0,0,0,0,0,0.000000,0,False,False
15,273,90,0,0,0,3,0,0,0,0,0,6,0,0.000000,3,True,False
15,274,0,0,0,0,0,0,0,0,0,0,0,0,0.000000,0,False,False
15,275,0,0,0,0,0,0,0,0,0,0,0,0,0.000000,0,False,False
15,276,27,0,0,0,0,0,0,0,0,0,0,0,0.000000,1,True,False
15,277,0,0,0,0,0,0,0,0,0,0,0,0,0.000000,0,False,False
15,278,80,0,0,0,3,0,0,0,0,0,0,0,0.000000,2,True,False
15,279,0,0,0,0,0,0,0,0,0,0,0,0,0.000000,0,False,False
15,280,0,0,0,0,0,0,0,0,0,0,0,0,0.000000,0,False,False
15,281,9,0,0,0,0,0,0,0,0,0,0,0,0.000000,1,True,False
15,282,62,1,0,0,3,0,0,0,0,0,0,0,0.000000,7,True,False
15,283,90,0,0,0,3,0,0,0,0,0,0,0,0.000000,1,True,False
15,284,0,0,0,0,0,0,0,0,0,0,0,0,0.000000,0,False,False
15,285,71,0,1,0,3,0,0,0,0,0,0,2,0.000000,6,True,False
15,286,0,0,0,0,0,0,0,0,0,0,0,0,0.000000,0,False,False
15,287,0,0,0,0,0,0,0,0,0,0,0,0,0.000000,0,False,False
15,288,62,0,0,0,3,0,0,0,0,0,0,0,0.000000,2,True,False
15,289,9,0,1,0,0,0,0,0,0,0,0,0,0.000000,4,True,False
15,290,90,0,0,0,3,0,0,0,0,0,2,0,0.000000,1,True,False
15,291,0,0,0,0,0,0,0,0,0,0,0,0,0.000000,0,False,False
15,292,0,0,0,0,0,0,0,0,0,0,0,0,0.000000,0,False,False
15,293,0,0,0,0,0,0,0,0,0,0,0,0,0.000000,0,False,False
15,294,0,0,0,0,0,0,0,0,0,0,0,0,0.000000,0,False,False
15,295,90,0,0,0,3,0,0,0,0,0,0,0,0.000000,1,True,False
15,296,0,0,0,0,0,0,0,0,0,0,0,0,0.000000,0,False,False
15,297,0,0,0,0,0,0,0,0,0,0,0,0,0.000000,0,False,False
15,298,1,0,0,0,0,0,0,0,0,0,0,0,0.000000,1,True,False
15,299,88,0,0,0,3,0,0,0,1,0,0,0,0.000000,1,True,False
15,300,0,0,0,0,0,0,0,0,0,0,0,0,0.000000,0,False,False
15,301,0,0,0,0,0,0,0,0,0,0,0,0,0.000000,0,False,False
15,302,0,0,0,0,0,0,0,0,0,0,0,0,0.000000,0,False,False
15,303,1,0,0,0,0,0,0,0,0,0,0,0,0.000000,1,True,False
15,304,0,0,0,0,0,0,0,0,0,0,0,0,0.000000,0,False,False
15,305,0,0,0,0,0,0,0,0,0,0,0,0,0.000000,0,False,False
15,306,30,0,0,0,0,0,0,0,0,0,0,0,0.000000,1,True,False
15,307,0,0,0,0,0,0,0,0,0,0,0,0,0.000000,0,False,False
15,308,90,0,0,0,3,0,0,0,0,0,0,0,0.000000,1,True,False
15,309,90,0,0,0,3,0,0,0,0,0,0,0,0.000000,1,True,False
15,310,0,0,0,0,0,0,0,0,0,0,0,0,0.000000,0,False,False
15,311,0,0,0,0,0,0,0,0,0,0,0,0,0.000000,0,False,False
15,312,90,0,0,0,3,0,0,0,0,0,0,0,0.000000,2,True,False
15,313,59,0,0,0,3,0,0,0,0,0,0,0,0.000000,1,True,False
15,314,90,0,0,0,3,0,0,0,0,0,0,0,0.000000,2,True,False
15,315,90,0,0,0,3,0,0,0,0,0,0,0,0.000000,1,True,False
15,316,88,0,0,0,3,0,0,0,0,0,0,0,0.000000,1,True,False
15,317,1,0,0,0,0,0,0,0,0,0,0,0,0.000000,1,True,False
15,318,0,0,0,0,0,0,0,0,0,0,0,0,0.000000,0,False,False
15,319,0,0,0,0,0,0,0,0,0,0,0,0,0.000000,0,False,False
15,320,90,0,0,0,2,0,0,0,0,0,0,0,0.000000,1,True,False
15,321,90,0,0,0,2,1,0,0,0,0,0,0,0.000000,-1,True,False
15,322,90,0,0,0,2,0,0,0,0,0,2,0,0.000000,1,True,False
15,323,90,1,1,0,2,0,0,0,0,0,0,2,0.000000,12,True,True
15,324,0,0,0,0,0,0,0,0,0,0,0,0,0.000000,0,False,False
15,325,90,0,0,0,2,0,0,0,0,0,0,0,0.000000,2,True,False
15,326,0,0,0,0,0,0,0,0,0,0,0,0,0.000000,0,False,False
15,327,0,0,0,0,0,0,0,0,0,0,0,0,0.000000,0,False,False
15,328,0,0,0,0,0,0,0,0,0,0,0,0,0.000000,0,False,False
15,329,0,0,0,0,0,0,0,0,0,0,0,0,0.000000,0,False,False
15,330,90,3,0,0,2,0,0,0,0,0,0,3,0.000000,22,True,True
15,331,88,0,2,0,2,0,0,0,0,0,0,0,0.000000,8,True,False
15,332,0,0,0,0,0,0,0,0,0,0,0,0,0.000000,0,False,False
15,333,90,0,0,0,2,0,0,0,1,0,0,0,0.000000,0,True,False
15,334,1,0,0,0,0,0,0,0,0,0,0,0,0.000000,1,True,False
15,335,71,0,1,0,2,0,0,0,0,0,0,0,0.000000,5,True,False
15,336,90,1,0,0,2,0,0,0,0,0,0,1,0.000000,8,True,False
15,337,0,0,0,0,0,0,0,0,0,0,0,0,0.000000,0,False,False
15,338,0,0,0,0,0,0,0,0,0,0,0,0,0.000000,0,False,False
15,339,73,0,0,1,0,0,0,0,0,0,0,0,0.000000,6,True,False
15,340,0,0,0,0,0,0,0,0,0,0,0,0,0.000000,0,False,False
15,341,0,0,0,0,0,0,0,0,0,0,0,0,0.000000,0,False,False
15,342,0,0,0,0,0,0,0,0,0,0,0,0,0.000000,0,False,False
15,343,64,0,1,1,0,0,0,0,1,0,0,0,0.000000,8,True,False
15,344,0,0,0,0,0,0,0,0,0,0,0,0,0.000000,0,False,False
15,345,25,0,0,0,0,0,0,0,0,0,0,0,0.000000,1,True,False
15,346,85,0,0,1,0,0,0,0,0,0,0,0,0.000000,6,True,False
15,347,90,0,0,1,0,0,0,0,1,0,0,0,0.000000,2,True,False
15,348,0,0,0,0,0,0,0,0,0,0,0,0,0.000000,0,False,False
15,349,16,0,0,0,0,0,0,0,0,0,0,0,0.000000,1,True,False
15,350,90,0,0,1,0,0,0,0,0,0,0,0,0.000000,6,True,False
15,351,0,0,0,0,0,0,0,0,0,0,0,0,0.000000,0,False,False
15,352,0,0,0,0,0,0,0,0,0,0,0,0,0.000000,0,False,False
15,353,90,0,0,1,0,0,0,0,0,0,5,2,0.000000,9,True,True
15,354,65,1,0,1,0,0,0,0,0,0,0,0,0.000000,8,True,False
15,355,0,0,0,0,0,0,0,0,0,0,0,0,0.000000,0,False,False
15,356,73,1,1,1,0,0,0,0,0,0,0,1,0.000000,10,True,True
15,357,0,0,0,0,0,0,0,0,0,0,0,0,0.000000,0,False,False
15,358,0,0,0,0,0,0,0,0,0,0,0,0,0.000000,0,False,False
15,359,90,0,0,1,0,0,0,0,0,0,0,0,0.000000,3,True,False
15,360,90,1,1,1,0,0,0,0,1,0,0,3,0.000000,13,True,True
15,361,24,0,0,0,0,0,0,0,0,0,0,0,0.000000,1,True,False
15,362,0,0,0,0,0,0,0,0,0,0,0,0,0.000000,0,False,False
15,363,90,0,0,1,0,0,0,0,0,0,0,0,0.000000,3,True,False
15,364,0,0,0,0,0,0,0,0,0,0,0,0,0.000000,0,False,False
15,365,79,0,0,0,2,0,0,0,0,0,0,0,0.000000,1,True,False
15,366,90,0,0,0,3,0,0,0,0,0,0,0,0.000000,1,True,False
15,367,0,0,0,0,0,0,0,0,0,0,0,0,0.000000,0,False,False
15,368,0,0,0,0,0,0,0,0,0,0,0,0,0.000000,0,False,False
15,369,21,0,0,0,1,0,0,0,0,0,0,0,0.000000,1,True,False
15,370,79,0,0,0,2,0,0,0,0,0,0,0,0.000000,2,True,False
15,371,14,0,0,0,3,0,0,0,0,1,0,0,0.000000,-2,True,False
15,372,90,0,0,0,6,0,0,0,0,0,0,0,0.000000,2,True,False
15,373,68,0,0,0,2,0,0,0,1,0,0,0,0.000000,1,True,False
15,374,0,0,0,0,0,0,0,0,0,0,0,0,0.000000,0,False,False
15,375,0,0,0,0,0,0,0,0,0,0,0,0,0.000000,0,False,False
15,376,0,0,0,0,0,0,0,0,0,0,0,0,0.000000,0,False,False
15,377,90,0,0,0,3,0,0,0,0,0,0,0,0.000000,1,True,False
15,378,90,0,0,0,3,0,0,0,0,0,0,0,0.000000,2,True,False
15,379,90,0,0,0,3,0,0,0,0,0,0,0,0.000000,1,True,False
15,380,10,0,0,0,1,0,0,0,0,0,0,0,0.000000,1,True,False
15,381,30,0,0,0,2,0,0,0,0,0,0,0,0.000000,1,True,False
15,382,68,0,0,0,2,0,0,0,1,0,0,0,0.000000,1,True,False
15,383,90,0,0,0,3,0,0,0,0,0,5,0,0.000000,2,True,False
15,384,0,0,0,0,0,0,0,0,0,0,0,0,0.000000,0,False,False
15,385,0,0,0,0,0,0,0,0,0,0,0,0,0.000000,0,False,False
15,386,0,0,0,0,0,0,0,0,0,0,0,0,0.000000,0,False,False
15,387,0,0,0,0,0,0,0,0,0,0,0,0,0.000000,0,False,False
15,388,59,0,0,0,1,0,0,0,0,0,0,0,0.000000,1,True,False
15,389,0,0,0,0,0,0,0,0,0,0,0,0,0.000000,0,False,False
15,390,0,0,0,0,0,0,0,0,0,0,0,0,0.000000,0,False,False
15,391,21,0,0,0,1,0,0,0,1,0,0,0,0.000000,0,True,False
15,392,0,0,0,0,0,0,0,0,0,0,0,0,0.000000,0,False,False
15,393,0,0,0,0,0,0,0,0,0,0,0,0,0.000000,0,False,False
15,394,90,0,0,0,6,0,0,0,0,0,0,0,0.000000,-1,True,False
15,395,76,0,0,0,4,0,0,0,0,0,0,0,0.000000,0,True,False
15,396,45,0,1,0,1,0,0,0,0,0,0,0,0.000000,4,True,False
15,397,0,0,0,0,0,0,0,0,0,0,0,0,0.000000,0,False,False
15,398,0,0,0,0,0,0,0,0,0,0,0,0,0.000000,0,False,False
15,399,0,0,0,0,0,0,0,0,0,0,0,0,0.000000,0,False,False
15,400,0,0,0,0,0,0,0,0,0,0,0,0,0.000000,0,False,False
15,401,59,0,1,0,3,0,0,0,0,0,0,0,0.000000,4,True,False
15,402,90,0,0,0,6,0,0,0,0,0,0,0,0.000000,2,True,False
15,403,0,0,0,0,0,0,0,0,0,0,0,0,0.000000,0,False,False
15,404,13,0,0,0,2,0,0,0,0,0,0,0,0.000000,1,True,False
15,405,0,0,0,0,0,0,0,0,0,0,0,0,0.000000,0,False,False
15,406,0,0,0,0,0,0,0,0,0,0,0,0,0.000000,0,False,False
15,407,59,0,0,0,3,0,0,0,0,0,0,0,0.000000,0,True,False
15,408,30,0,0,0,3,0,0,0,0,0,0,0,0.000000,0,True,False
15,409,0,0,0,0,0,0,0,0,0,0,0,0,0.000000,0,False,False
15,410,90,1,0,0,6,0,0,0,0,0,0,0,0.000000,7,True,False
15,411,13,0,0,0,2,0,0,0,0,0,0,0,0.000000,1,True,False
15,412,0,0,0,0,0,0,0,0,0,0,0,0,0.000000,0,False,False
15,413,30,0,0,0,3,0,0,0,0,0,0,0,0.000000,1,True,False
15,414,76,0,0,0,4,0,0,0,0,0,0,0,0.000000,2,True,False
15,415,45,0,0,0,5,1,0,0,0,0,0,0,0.000000,-3,True,False
15,416,0,0,0,0,0,0,0,0,0,0,0,0,0.000000,0,False,False
15,417,20,0,0,0,0,0,0,0,0,0,0,0,0.000000,1,True,False
15,418,14,0,0,0,0,0,0,0,0,0,0,0,0.000000,1,True,False
15,419,0,0,0,0,0,0,0,0,0,0,0,0,0.000000,0,False,False
15,420,0,0,0,0,0,0,0,0,0,0,0,0,0.000000,0,False,False
15,421,26,0,0,0,1,0,0,0,0,0,0,0,0.000000,1,True,False
15,422,20,0,0,0,0,0,0,0,0,0,0,0,0.000000,1,True,False
15,423,0,0,0,0,0,0,0,0,0,0,0,0,0.000000,0,False,False
15,424,0,0,0,0,0,0,0,0,0,0,0,0,0.000000,0,False,False
15,425,63,0,0,0,2,0,0,0,0,0,0,0,0.000000,2,True,False
15,426,0,0,0,0,0,0,0,0,0,0,0,0,0.000000,0,False,False
15,427,0,0,0,0,0,0,0,0,0,0,0,0,0.000000,0,False,False
15,428,68,0,0,0,3,0,0,0,1,0,0,0,0.000000,1,True,False
15,429,10,0,0,0,1,0,0,0,0,0,0,0,0.000000,1,True,False
15,430,0,0,0,0,0,0,0,0,0,0,0,0,0.000000,0,False,False
15,431,0,0,0,0,0,0,0,0,0,0,0,0,0.000000,0,False,False
15,432,0,0,0,0,0,0,0,0,0,0,0,0,0.000000,0,False,False
15,433,0,0,0,0,0,0,0,0,0,0,0,0,0.000000,0,False,False
15,434,78,0,0,1,0,0,0,0,0,0,0,0,0.000000,2,True,False
15,435,0,0,0,0,0,0,0,0,0,0,0,0,0.000000,0,False,False
15,436,0,0,0,0,0,0,0,0,0,0,0,0,0.000000,0,False,False
15,437,0,0,0,0,0,0,0,0,0,0,0,0,0.000000,0,False,False
15,438,0,0,0,0,0,0,0,0,0,0,0,0,0.000000,0,False,False
15,439,0,0,0,0,0,0,0,0,0,0,0,0,0.000000,0,False,False
15,440,90,1,0,1,0,0,0,0,0,0,0,0,0.000000,8,True,False
15,441,0,0,0,0,0,0,0,0,0,0,0,0,0.000000,0,False,False
15,442,0,0,0,0,0,0,0,0,0,0,0,0,0.000000,0,False,False
15,443,0,0,0,0,0,0,0,0,0,0,0,0,0.000000,0,False,False
15,444,0,0,0,0,0,0,0,0,0,0,0,0,0.000000,0,False,False
15,445,0,0,0,0,0,0,0,0,0,0,0,0,0.000000,0,False,False
15,446,45,0,0,0,0,0,0,0,0,0,0,0,0.000000,1,True,False
15,447,0,0,0,0,0,0,0,0,0,0,0,0,0.000000,0,False,False
15,448,23,0,0,0,0,0,0,0,0,0,0,0,0.000000,1,True,False
15,449,20,0,0,0,0,0,0,0,0,0,0,0,0.000000,1,True,False
15,450,90,0,1,0,2,0,0,0,0,0,0,0,0.000000,4,True,False
15,451,26,0,0,0,0,0,0,0,0,0,0,0,0.000000,1,True,False
15,452,90,0,0,0,3,0,0,0,0,0,0,0,0.000000,1,True,False
15,453,0,0,0,0,0,0,0,0,0,0,0,0,0.000000,0,False,False
15,454,90,0,0,0,6,0,0,0,0,0,2,0,0.000000,-1,True,False
15,455,18,0,1,0,0,0,0,0,0,0,0,0,0.000000,4,True,False
15,456,16,0,0,0,0,0,0,0,0,0,0,0,0.000000,1,True,False
15,457,0,0,0,0,0,0,0,0,0,0,0,0,0.000000,0,False,False
15,458,16,0,0,0,1,0,0,0,0,0,0,0,0.000000,1,True,False
15,459,3,0,0,0,1,0,0,0,0,0,0,0,0.000000,1,True,False
15,460,27,0,0,0,0,0,0,0,0,0,0,0,0.000000,1,True,False
15,461,0,0,0,0,0,0,0,0,0,0,0,0,0.000000,0,False,False
15,462,0,0,0,0,0,0,0,0,0,0,0,0,0.000000,0,False,False
15,463,0,0,0,0,0,0,0,0,0,0,0,0,0.000000,0,False,False
15,464,0,0,0,0,0,0,0,0,0,0,0,0,0.000000,0,False,False
15,465,0,0,0,0,0,0,0,0,0,0,0,0,0.000000,0,False,False
15,466,16,0,0,0,1,0,0,0,0,0,0,0,0.000000,1,True,False
15,467,0,0,0,0,0,0,0,0,0,0,0,0,0.000000,0,False,False
15,468,2,0,0,0,0,0,0,0,0,0,0,0,0.000000,1,True,False
15,469,0,0,0,0,0,0,0,0,0,0,0,0,0.000000,0,False,False
15,470,0,0,0,0,0,0,0,0,0,0,0,0,0.000000,0,False,False
15,471,0,0,0,0,0,0,0,0,0,0,0,0,0.000000,0,False,False
15,472,0,0,0,0,0,0,0,0,0,0,0,0,0.000000,0,False,False
15,473,4,0,0,0,0,0,0,0,0,0,0,0,0.000000,1,True,False
15,474,0,0,0,0,0,0,0,0,0,0,0,0,0.000000,0,False,False
15,475,21,0,0,0,0,0,0,0,0,0,0,0,0.000000,1,True,False
15,476,45,0,0,0,0,0,0,0,0,0,0,0,0.000000,1,True,False
15,477,1,0,0,0,0,0,0,0,0,0,0,0,0.000000,1,True,False
15,478,0,0,0,0,0,0,0,0,0,0,0,0,0.000000,0,False,False
15,479,0,0,0,0,0,0,0,0,0,0,0,0,0.000000,0,False,False
15,480,0,0,0,0,0,0,0,0,0,0,0,0,0.000000,0,False,False
15,481,0,0,0,0,0,0,0,0,0,0,0,0,0.000000,0,False,False
15,482,0,0,0,0,0,0,0,0,0,0,0,0,0.000000,0,False,False
16,1,7,0,0,0,1,0,0,0,0,0,0,0,0.000000,1,True,False
16,2,90,0,0,0,1,0,0,0,0,0,0,0,0.000000,2,True,False
16,3,0,0,0,0,0,0,0,0,0,0,0,0,0.000000,0,False,False
16,4,0,0,0,0,0,0,0,0,0,0,0,0,0.000000,0,False,False
16,5,90,0,0,0,1,0,0,0,0,0,0,0,0.000000,2,True,False
16,6,0,0,0,0,0,0,0,0,0,0,0,0,0.000000,0,False,False
16,7,90,1,0,0,1,0,0,0,0,0,0,0,0.000000,6,True,False
16,8,0,0,0,0,0,0,0,0,0,0,0,0,0.000000,0,False,False
16,9,0,0,0,0,0,0,0,0,0,0,0,0,0.000000,0,False,False
16,10,90,0,0,0,1,0,0,0,0,0,2,0,0.000000,2,True,False
16,11,0,0,0,0,0,0,0,0,0,0,0,0,0.000000,0,False,False
16,12,76,0,1,1,0,0,0,0,0,0,0,0,0.000000,6,True,False
16,13,13,0,0,0,1,0,0,0,0,0,0,0,0.000000,1,True,False
16,14,90,0,0,0,1,0,0,0,0,0,0,2,0.000000,4,True,False
16,15,90,0,1,0,1,0,0,0,0,0,0,0,0.000000,5,True,False
16,16,45,0,0,0,0,0,0,0,0,0,0,0,0.000000,1,True,False
16,17,0,0,0,0,0,0,0,0,0,0,0,0,0.000000,0,False,False
16,18,0,0,0,0,0,0,0,0,0,0,0,0,0.000000,0,False,False
16,19,82,0,0,1,0,0,0,0,0,0,0,0,0.000000,3,True,False
16,20,13,0,0,0,1,0,0,0,0,0,0,0,0.000000,1,True,False
16,21,90,1,0,0,1,0,0,0,0,0,0,3,0.000000,11,True,True
16,22,0,0,0,0,0,0,0,0,0,0,0,0,0.000000,0,False,False
16,23,0,0,0,0,0,0,0,0,0,0,0,0,0.000000,0,False,False
16,24,0,0,0,0,0,0,0,0,0,0,0,0,0.000000,0,False,False
16,25,0,0,0,0,0,0,0,0,0,0,0,0,0.000000,0,False,False
16,26,1,0,0,0,0,0,0,0,0,0,0,0,0.000000,1,True,False
16,27,90,0,0,0,1,0,0,0,0,0,0,1,0.000000,3,True,False
16,28,0,0,0,0,0,0,0,0,0,0,0,0,0.000000,0,False,False
16,29,0,0,0,0,0,0,0,0,0,0,0,0,0.000000,0,False,False
16,30,0,0,0,0,0,0,0,0,0,0,0,0,0.000000,0,False,False
16,31,0,0,0,0,0,0,0,0,0,0,0,0,0.000000,0,False,False
16,32,0,0,0,0,0,0,0,0,0,0,0,0,0.000000,0,False,False
16,33,0,0,0,0,0,0,0,0,0,0,0,0,0.000000,0,False,False
16,34,0,0,0,0,0,0,0,0,0,0,0,0,0.000000,0,False,False
16,35,0,0,0,0,0,0,0,0,0,0,0,0,0.000000,0,False,False
16,36,0,0,0,0,0,0,0,0,0,0,0,0,0.000000,0,False,False
16,37,0,0,0,0,0,0,0,0,0,0,0,0,0.000000,0,False,False
16,38,0,0,0,0,0,0,0,0,0,0,0,0,0.000000,0,False,False
16,39,0,0,0,0,0,0,0,0,0,0,0,0,0.000000,0,False,False
16,40,0,0,0,0,0,0,0,0,0,0,0,0,0.000000,0,False,False
16,41,0,0,0,0,0,0,0,0,0,0,0,0,0.000000,0,False,False
16,42,0,0,0,0,0,0,0,0,0,0,0,0,0.000000,0,False,False
16,43,0,0,0,0,0,0,0,0,0,0,0,0,0.000000,0,False,False
16,44,0,0,0,0,0,0,0,0,0,0,0,0,0.000000,0,False,False
16,45,0,0,0,0,0,0,0,0,0,0,0,0,0.000000,0,False,False
16,46,0,0,0,0,0,0,0,0,0,0,0,0,0.000000,0,False,False
16,47,0,0,0,0,0,0,0,0,0,0,0,0,0.000000,0,False,False
16,48,0,0,0,0,0,0,0,0,0,0,0,0,0.000000,0,False,False
16,49,0,0,0,0,0,0,0,0,0,0,0,0,0.000000,0,False,False
16,50,0,0,0,0,0,0,0,0,0,0,0,0,0.000000,0,False,False
16,51,0,0,0,0,0,0,0,0,0,0,0,0,0.000000,0,False,False
16,52,0,0,0,0,0,0,0,0,0,0,0,0,0.000000,0,False,False
16,53,0,0,0,0,0,0,0,0,0,0,0,0,0.000000,0,False,False
16,54,90,0,0,1,0,0,0,0,0,0,2,1,0.000000,7,True,False
16,55,90,0,0,1,0,0,0,0,0,0,0,0,0.000000,6,True,False
16,56,0,0,0,0,0,0,0,0,0,0,0,0,0.000000,0,False,False
16,57,0,0,0,0,0,0,0,0,0,0,0,0,0.000000,0,False,False
16,58,31,0,0,0,0,0,0,0,0,0,0,0,0.000000,1,True,False
16,59,90,0,0,1,0,0,0,0,0,0,0,0,0.000000,2,True,False
16,60,0,0,0,0,0,0,0,0,0,0,0,0,0.000000,0,False,False
16,61,0,0,0,0,0,0,0,0,0,0,0,0,0.000000,0,False,False
16,62,32,0,0,0,0,0,0,0,0,0,0,0,0.000000,1,True,False
16,63,90,0,0,1,0,0,0,0,0,0,0,3,0.000000,6,True,False
16,64,0,0,0,0,0,0,0,0,0,0,0,0,0.000000,0,False,False
16,65,0,0,0,0,0,0,0,0,0,0,0,0,0.000000,0,False,False
16,66,90,0,0,1,0,0,0,0,0,0,0,0,0.000000,6,True,False
16,67,0,0,0,0,0,0,0,0,0,0,0,0,0.000000,0,False,False
16,68,0,0,0,0,0,0,0,0,0,0,0,0,0.000000,0,False,False
16,69,0,0,0,0,0,0,0,0,0,0,0,0,0.000000,0,False,False
16,70,19,0,0,0,0,0,0,0,0,0,0,0,0.000000,1,True,False
16,71,58,0,0,0,0,0,0,0,0,0,0,0,0.000000,1,True,False
16,72,26,0,0,0,0,0,0,0,0,0,0,0,0.000000,1,True,False
16,73,0,0,0,0,0,0,0,0,0,0,0,0,0.000000,0,False,False
16,74,90,0,0,1,0,0,0,0,0,0,0,0,0.000000,6,True,False
16,75,63,0,1,1,0,0,0,0,0,0,0,0,0.000000,6,True,False
16,76,0,0,0,0,0,0,0,0,0,0,0,0,0.000000,0,False,False
16,77,90,0,0,1,0,0,0,0,0,0,0,0,0.000000,3,True,False
16,78,0,0,0,0,0,0,0,0,0,0,0,0,0.000000,0,False,False
16,79,0,0,0,0,0,0,0,0,0,0,0,0,0.000000,0,False,False
16,80,89,0,0,0,1,0,0,0,0,0,0,0,0.000000,2,True,False
16,81,90,0,0,0,1,0,0,0,0,0,0,0,0.000000,2,True,False
16,82,0,0,0,0,0,0,0,0,0,0,0,0,0.000000,0,False,False
16,83,0,0,0,0,0,0,0,0,0,0,0,0,0.000000,0,False,False
16,84,55,0,0,0,1,0,0,0,0,0,0,0,0.000000,1,True,False
16,85,1,0,0,0,0,0,0,0,0,0,0,0,0.000000,1,True,False
16,86,0,0,0,0,0,0,0,0,0,0,0,0,0.000000,0,False,False
16,87,0,0,0,0,0,0,0,0,0,0,0,0,0.000000,0,False,False
16,88,90,0,0,0,1,0,0,0,0,0,2,0,0.000000,2,True,False
16,89,0,0,0,0,0,0,0,0,0,0,0,0,0.000000,0,False,False
16,90,90,0,0,0,1,0,0,0,0,0,0,0,0.000000,2,True,False
16,91,12,0,0,0,0,0,0,0,0,0,0,0,0.000000,1,True,False
16,92,90,0,0,0,1,0,0,0,0,0,0,0,0.000000,2,True,False
16,93,0,0,0,0,0,0,0,0,0,0,0,0,0.000000,0,False,False
16,94,0,0,0,0,0,0,0,0,0,0,0,0,0.000000,0,False,False
16,95,0,0,0,0,0,0,0,0,0,0,0,0,0.000000,0,False,False
16,96,0,0,0,0,0,0,0,0,0,0,0,0,0.000000,0,False,False
16,97,90,0,0,0,1,0,0,0,0,0,0,0,0.000000,2,True,False
16,98,0,0,0,0,0,0,0,0,0,0,0,0,0.000000,0,False,False
16,99,0,0,0,0,0,0,0,0,0,0,0,0,0.000000,0,False,False
16,100,34,0,0,0,0,0,0,0,0,0,0,0,0.000000,1,True,False
16,101,0,0,0,0,0,0,0,0,0,0,0,0,0.000000,0,False,False
16,102,90,1,0,0,1,0,0,0,0,0,0,3,0.000000,11,True,True
16,103,0,0,0,0,0,0,0,0,0,0,0,0,0.000000,0,False,False
16,104,0,0,0,0,0,0,0,0,0,0,0,0,0.000000,0,False,False
16,105,0,0,0,0,0,0,0,0,0,0,0,0,0.000000,0,False,False
16,106,90,0,0,1,0,0,0,0,1,0,0,0,0.000000,5,True,False
16,107,0,0,0,0,0,0,0,0,0,0,0,0,0.000000,0,False,False
16,108,0,0,0,0,0,0,0,0,0,0,0,0,0.000000,0,False,False
16,109,33,0,0,0,0,0,0,0,0,0,0,0,0.000000,1,True,False
16,110,0,0,0,0,0,0,0,0,0,0,0,0,0.000000,0,False,False
16,111,90,0,0,1,0,0,0,0,0,0,0,0,0.000000,6,True,False
16,112,87,1,0,1,0,0,0,0,0,0,0,3,0.000000,15,True,True
16,113,0,0,0,0,0,0,0,0,0,0,0,0,0.000000,0,False,False
16,114,56,0,0,0,0,0,0,0,1,0,0,0,0.000000,0,True,False
16,115,0,0,0,0,0,0,0,0,0,0,0,0,0.000000,0,False,False
16,116,0,0,0,0,0,0,0,0,0,0,0,0,0.000000,0,False,False
16,117,0,0,0,0,0,0,0,0,0,0,0,0,0.000000,0,False,False
16,118,28,0,0,0,0,0,0,0,0,0,0,0,0.000000,1,True,False
16,119,0,0,0,0,0,0,0,0,0,0,0,0,0.000000,0,False,False
16,120,33,0,0,0,0,0,0,0,0,0,0,0,0.000000,1,True,False
16,121,0,0,0,0,0,0,0,0,0,0,0,0,0.000000,0,False,False
16,122,90,0,0,1,0,0,0,0,1,0,0,2,0.000000,7,True,False
16,123,90,0,0,1,0,0,0,0,0,0,0,0,0.000000,3,True,False
16,124,28,0,0,0,0,0,0,0,0,0,0,0,0.000000,1,True,False
16,125,0,0,0,0,0,0,0,0,0,0,0,0,0.000000,0,False,False
16,126,0,0,0,0,0,0,0,0,0,0,0,0,0.000000,0,False,False
16,127,2,0,0,0,0,0,0,0,0,0,0,0,0.000000,1,True,False
16,128,90,0,0,1,0,0,0,0,0,0,0,0,0.000000,3,True,False
16,129,56,0,0,0,0,0,0,0,0,0,0,0,0.000000,1,True,False
16,130,0,0,0,0,0,0,0,0,0,0,0,0,0.000000,0,False,False
16,131,0,0,0,0,0,0,0,0,0,0,0,0,0.000000,0,False,False
16,132,61,0,1,1,0,0,0,0,0,0,0,0,0.000000,5,True,False
16,133,0,0,0,0,0,0,0,0,0,0,0,0,0.000000,0,False,False
16,134,61,0,0,1,0,0,0,0,0,0,0,0,0.000000,3,True,False
16,135,21,0,0,0,1,0,0,0,0,0,0,0,0.000000,1,True,False
16,136,11,0,0,0,0,0,0,0,1,0,0,0,0.000000,0,True,False
16,137,0,0,0,0,0,0,0,0,0,0,0,0,0.000000,0,False,False
16,138,21,0,0,0,1,0,0,0,0,0,0,0,0.000000,1,True,False
16,139,90,0,0,0,1,0,0,0,1,0,0,0,0.000000,1,True,False
16,140,17,0,0,0,1,0,0,0,0,0,0,0,0.000000,1,True,False
16,141,90,1,0,0,1,0,0,0,0,0,0,2,0.000000,8,True,True
16,142,0,0,0,0,0,0,0,0,0,0,0,0,0.000000,0,False,False
16,143,90,0,0,0,1,0,1,0,0,0,9,3,0.000000,13,True,True
16,144,0,0,0,0,0,0,0,0,0,0,0,0,0.000000,0,False,False
16,145,68,0,0,1,0,0,0,0,0,0,0,0,0.000000,6,True,False
16,146,90,0,0,0,1,0,0,0,0,0,0,0,0.000000,2,True,False
16,147,22,0,0,0,1,0,0,0,1,0,0,0,0.000000,0,True,False
16,148,0,0,0,0,0,0,0,0,0,0,0,0,0.000000,0,False,False
16,149,0,0,0,0,0,0,0,0,0,0,0,0,0.000000,0,False,False
16,150,90,1,1,0,1,0,0,0,0,0,0,1,0.000000,11,True,True
16,151,0,0,0,0,0,0,0,0,0,0,0,0,0.000000,0,False,False
16,152,0,0,0,0,0,0,0,0,0,0,0,0,0.000000,0,False,False
16,153,7,0,0,0,1,0,0,0,0,0,0,0,0.000000,1,True,False
16,154,90,0,0,0,1,0,0,0,0,0,0,0,0.000000,2,True,False
16,155,82,0,0,1,0,0,0,0,0,0,0,0,0.000000,3,True,False
16,156,67,0,0,1,0,0,0,0,0,0,0,0,0.000000,3,True,False
16,157,72,0,0,1,0,0,0,0,0,0,0,0,0.000000,3,True,False
16,158,0,0,0,0,0,0,0,0,0,0,0,0,0.000000,0,False,False
16,159,0,0,0,0,0,0,0,0,0,0,0,0,0.000000,0,False,False
16,160,90,0,0,0,2,0,0,0,0,0,6,0,0.000000,3,True,False
16,161,0,0,0,0,0,0,0,0,0,0,0,0,0.000000,0,False,False
16,162,0,0,0,0,0,0,0,0,0,0,0,0,0.000000,0,False,False
16,163,90,0,0,0,2,0,0,0,0,0,0,0,0.000000,1,True,False
16,164,0,0,0,0,0,0,0,0,0,0,0,0,0.000000,0,False,False
16,165,0,0,0,0,0,0,0,0,0,0,0,0,0.000000,0,False,False
16,166,90,0,0,0,2,0,0,0,0,0,0,0,0.000000,1,True,False
16,167,0,0,0,0,0,0,0,0,0,0,0,0,0.000000,0,False,False
16,168,90,0,0,0,2,0,0,0,0,0,0,0,0.000000,1,True,False
16,169,90,0,0,0,1,0,0,0,0,0,0,0,0.000000,2,True,False
16,170,90,0,0,0,2,0,0,0,0,0,0,0,0.000000,2,True,False
16,171,0,0,0,0,0,0,0,0,0,0,0,0,0.000000,0,False,False
16,172,0,0,0,0,0,0,0,0,0,0,0,0,0.000000,0,False,False
16,173,73,0,0,0,1,0,0,0,0,0,0,0,0.000000,2,True,False
16,174,16,0,0,0,1,0,0,0,1,0,0,0,0.000000,0,True,False
16,175,73,0,0,0,1,0,0,0,0,0,0,0,0.000000,2,True,False
16,176,0,0,0,0,0,0,0,0,0,0,0,0,0.000000,0,False,False
16,177,0,0,0,0,0,0,0,0,0,0,0,0,0.000000,0,False,False
16,178,0,0,0,0,0,0,0,0,0,0,0,0,0.000000,0,False,False
16,179,90,0,0,0,2,0,0,0,0,0,0,0,0.000000,2,True,False
16,180,90,0,0,0,2,0,0,0,0,0,0,0,0.000000,2,True,False
16,181,0,0,0,0,0,0,0,0,0,0,0,0,0.000000,0,False,False
16,182,0,0,0,0,0,0,0,0,0,0,0,0,0.000000,0,False,False
16,183,61,0,0,0,1,0,0,0,0,0,0,0,0.000000,2,True,False
16,184,0,0,0,0,0,0,0,0,0,0,0,0,0.000000,0,False,False
16,185,0,0,0,0,0,0,0,0,0,0,0,0,0.000000,0,False,False
16,186,70,0,0,1,0,0,0,0,0,0,0,2,0.000000,8,True,True
16,187,5,0,0,0,0,0,0,0,0,0,0,0,0.000000,1,True,False
16,188,78,0,0,0,2,0,0,0,0,0,0,0,0.000000,1,True,False
16,189,0,0,0,0,0,0,0,0,0,0,0,0,0.000000,0,False,False
16,190,0,0,0,0,0,0,0,0,0,0,0,0,0.000000,0,False,False
16,191,28,0,0,0,1,0,0,0,0,0,0,0,0.000000,1,True,False
16,192,0,0,0,0,0,0,0,0,0,0,0,0,0.000000,0,False,False
16,193,90,0,0,0,2,0,0,0,0,0,0,0,0.000000,2,True,False
16,194,78,0,0,0,2,0,0,0,0,0,0,0,0.000000,2,True,False
16,195,0,0,0,0,0,0,0,0,0,0,0,0,0.000000,0,False,False
16,196,90,0,0,0,2,0,0,0,0,0,0,0,0.000000,2,True,False
16,197,90,0,0,0,2,0,0,0,1,0,0,0,0.000000,1,True,False
16,198,0,0,0,0,0,0,0,0,0,0,0,0,0.000000,0,False,False
16,199,72,0,0,0,1,0,0,0,0,0,0,0,0.000000,2,True,False
16,200,0,0,0,0,0,0,0,0,0,0,0,0,0.000000,0,False,False
16,201,90,0,0,0,2,0,0,0,0,0,0,0,0.000000,1,True,False
16,202,90,0,0,0,2,0,0,0,0,0,0,0,0.000000,2,True,False
16,203,0,0,0,0,0,0,0,0,0,0,0,0,0.000000,0,False,False
16,204,90,0,0,0,2,0,0,0,0,0,0,0,0.000000,1,True,False
16,205,0,0,0,0,0,0,0,0,0,0,0,0,0.000000,0,False,False
16,206,11,0,1,0,0,0,0,0,0,0,0,0,0.000000,4,True,False
16,207,77,0,0,0,1,0,0,0,0,0,0,0,0.000000,2,True,False
16,208,85,0,0,0,2,0,0,0,1,0,0,0,0.000000,0,True,False
16,209,0,0,0,0,0,0,0,0,0,0,0,0,0.000000,0,False,False
16,210,90,0,0,1,0,0,0,0,0,0,0,0,0.000000,6,True,False
16,211,19,0,0,0,0,0,0,0,1,0,0,0,0.000000,0,True,False
16,212,29,0,0,0,0,0,0,0,0,0,0,0,0.000000,1,True,False
16,213,90,0,0,1,0,0,0,0,1,0,0,0,0.000000,5,True,False
16,214,70,0,0,1,0,0,0,0,0,0,0,1,0.000000,7,True,False
16,215,0,0,0,0,0,0,0,0,0,0,0,0,0.000000,0,False,False
16,216,0,0,0,0,0,0,0,0,0,0,0,0,0.000000,0,False,False
16,217,0,0,0,0,0,0,0,0,0,0,0,0,0.000000,0,False,False
16,218,0,0,0,0,0,0,0,0,0,0,0,0,0.000000,0,False,False
16,219,0,0,0,0,0,0,0,0,0,0,0,0,0.000000,0,False,False
16,220,0,0,0,0,0,0,0,0,0,0,0,0,0.000000,0,False,False
16,221,87,0,0,1,0,0,0,0,0,0,0,0,0.000000,3,True,False
16,222,2,0,0,0,0,0,0,0,0,0,0,0,0.000000,1,True,False
16,223,60,1,0,1,0,0,0,0,0,0,0,0,0.000000,8,True,True
16,224,90,0,0,1,0,0,0,0,0,0,0,0,0.000000,3,True,False
16,225,0,0,0,0,0,0,0,0,0,0,0,0,0.000000,0,False,False
16,226,0,0,0,0,0,0,0,0,0,0,0,0,0.000000,0,False,False
16,227,0,0,0,0,0,0,0,0,0,0,0,0,0.000000,0,False,False
16,228,45,0,0,0,0,0,0,0,0,0,0,0,0.000000,1,True,False
16,229,90,0,0,1,0,0,0,0,1,0,0,0,0.000000,2,True,False
16,230,0,0,0,0,0,0,0,0,0,0,0,0,0.000000,0,False,False
16,231,0,0,0,0,0,0,0,0,0,0,0,0,0.000000,0,False,False
16,232,90,0,0,1,0,0,0,0,0,0,4,0,0.000000,7,True,False
16,233,0,0,0,0,0,0,0,0,0,0,0,0,0.000000,0,False,False
16,234,0,0,0,0,0,0,0,0,0,0,0,0,0.000000,0,False,False
16,235,45,0,0,0,0,0,0,0,1,0,0,0,0.000000,0,True,False
16,236,90,0,1,1,0,0,0,0,1,0,0,2,0.000000,7,True,False
16,237,90,1,1,1,0,0,0,0,1,0,0,3,0.000000,13,True,True
16,238,0,0,0,0,0,0,0,0,0,0,0,0,0.000000,0,False,False
16,239,0,0,0,0,0,0,0,0,0,0,0,0,0.000000,0,False,False
16,240,90,0,0,0,2,0,0,0,0,0,0,0,0.000000,1,True,False
16,241,0,0,0,0,0,0,0,0,0,0,0,0,0.000000,0,False,False
16,242,87,0,0,0,1,0,0,0,0,0,0,0,0.000000,2,True,False
16,243,0,0,0,0,0,0,0,0,0,0,0,0,0.000000,0,False,False
16,244,88,0,0,0,1,0,0,0,1,0,0,0,0.000000,1,True,False
16,245,0,0,0,0,0,0,0,0,0,0,0,0,0.000000,0,False,False
16,246,90,0,0,0,1,0,0,0,0,0,6,0,0.000000,4,True,False
16,247,21,0,0,0,0,0,0,0,0,0,0,0,0.000000,1,True,False
16,248,0,0,0,0,0,0,0,0,0,0,0,0,0.000000,0,False,False
16,249,68,0,0,0,1,0,0,0,0,0,0,0,0.000000,2,True,False
16,250,0,0,0,0,0,0,0,0,0,0,0,0,0.000000,0,False,False
16,251,80,0,0,0,1,0,0,0,1,0,0,0,0.000000,1,True,False
16,252,90,0,0,0,1,0,0,0,0,0,0,0,0.000000,2,True,False
16,253,68,0,0,0,1,0,0,0,0,0,0,0,0.000000,2,True,False
16,254,90,0,0,0,1,0,0,0,0,0,0,0,0.000000,2,True,False
16,255,2,0,0,0,0,0,0,0,0,0,0,0,0.000000,1,True,False
16,256,29,0,0,0,1,0,0,0,0,1,0,0,0.000000,-2,True,False
16,257,0,0,0,0,0,0,0,0,0,0,0,0,0.000000,0,False,False
16,258,0,0,0,0,0,0,0,0,0,0,0,0,0.000000,0,False,False
16,259,90,0,0,0,1,0,0,0,0,0,0,0,0.000000,2,True,False
16,260,90,1,0,0,2,0,0,0,0,0,0,0,0.000000,7,True,False
16,261,90,0,0,1,0,0,0,0,0,0,4,0,0.000000,7,True,False
16,262,90,0,0,0,2,0,0,0,0,0,0,0,0.000000,2,True,False
16,263,90,0,1,0,2,0,0,0,0,0,0,0,0.000000,4,True,False
16,264,0,0,0,0,0,0,0,0,0,0,0,0,0.000000,0,False,False
16,265,0,0,0,0,0,0,0,0,0,0,0,0,0.000000,0,False,False
16,266,0,0,0,0,0,0,0,0,0,0,0,0,0.000000,0,False,False
16,267,0,0,0,0,0,0,0,0,0,0,0,0,0.000000,0,False,False
16,268,21,0,0,0,1,0,0,0,0,0,0,0,0.000000,1,True,False
16,269,0,0,0,0,0,0,0,0,0,0,0,0,0.000000,0,False,False
16,270,90,0,0,0,2,0,0,0,0,0,0,0,0.000000,2,True,False
16,271,0,0,0,0,0,0,0,0,0,0,0,0,0.000000,0,False,False
16,272,0,0,0,0,0,0,0,0,0,0,0,0,0.000000,0,False,False
16,273,90,0,0,0,2,0,0,0,0,0,6,0,0.000000,3,True,False
16,274,0,0,0,0,0,0,0,0,0,0,0,0,0.000000,0,False,False
16,275,0,0,0,0,0,0,0,0,0,0,0,0,0.000000,0,False,False
16,276,29,0,0,0,1,0,0,0,0,0,0,0,0.000000,1,True,False
16,277,0,0,0,0,0,0,0,0,0,0,0,0,0.000000,0,False,False
16,278,84,0,0,0,1,0,0,0,1,0,0,0,0.000000,1,True,False
16,279,0,0,0,0,0,0,0,0,0,0,0,0,0.000000,0,False,False
16,280,0,0,0,0,0,0,0,0,0,0,0,0,0.000000,0,False,False
16,281,0,0,0,0,0,0,0,0,0,0,0,0,0.000000,0,False,False
16,282,60,0,0,0,1,0,0,0,0,0,0,0,0.000000,2,True,False
16,283,90,0,0,0,2,0,0,0,1,0,0,2,0.000000,2,True,False
16,284,0,0,0,0,0,0,0,0,0,0,0,0,0.000000,0,False,False
16,285,68,0,0,0,1,0,0,0,0,0,0,0,0.000000,2,True,False
16,286,0,0,0,0,0,0,0,0,0,0,0,0,0.000000,0,False,False
16,287,0,0,0,0,0,0,0,0,0,0,0,0,0.000000,0,False,False
16,288,29,0,0,0,1,0,0,0,0,0,0,0,0.000000,1,True,False
16,289,5,0,0,0,1,0,0,0,0,0,0,0,0.000000,1,True,False
16,290,0,0,0,0,0,0,0,0,0,0,0,0,0.000000,0,False,False
16,291,0,0,0,0,0,0,0,0,0,0,0,0,0.000000,0,False,False
16,292,0,0,0,0,0,0,0,0,0,0,0,0,0.000000,0,False,False
16,293,38,0,0,0,0,0,0,0,0,0,0,0,0.000000,1,True,False
16,294,0,0,0,0,0,0,0,0,0,0,0,0,0.000000,0,False,False
16,295,90,0,0,0,1,0,0,0,0,0,0,0,0.000000,2,True,False
16,296,0,0,0,0,0,0,0,0,0,0,0,0,0.000000,0,False,False
16,297,0,0,0,0,0,0,0,0,0,0,0,0,0.000000,0,False,False
16,298,0,0,0,0,0,0,0,0,0,0,0,0,0.000000,0,False,False
16,299,0,0,0,0,0,0,0,0,0,0,0,0,0.000000,0,False,False
16,300,0,0,0,0,0,0,0,0,0,0,0,0,0.000000,0,False,False
16,301,27,0,0,0,0,0,0,0,0,0,0,0,0.000000,1,True,False
16,302,0,0,0,0,0,0,0,0,0,0,0,0,0.000000,0,False,False
16,303,0,0,0,0,0,0,0,0,0,0,0,0,0.000000,0,False,False
16,304,90,0,0,0,1,0,0,0,0,0,0,0,0.000000,2,True,False
16,305,0,0,0,0,0,0,0,0,0,0,0,0,0.000000,0,False,False
16,306,45,0,0,0,0,0,0,0,0,0,0,0,0.000000,1,True,False
16,307,8,0,0,0,0,0,0,0,0,0,0,0,0.000000,1,True,False
16,308,45,0,0,0,1,0,0,0,0,0,0,0,0.000000,1,True,False
16,309,90,0,0,0,1,0,0,0,0,0,0,0,0.000000,2,True,False
16,310,0,0,0,0,0,0,0,0,0,0,0,0,0.000000,0,False,False
16,311,0,0,0,0,0,0,0,0,0,0,0,0,0.000000,0,False,False
16,312,81,0,0,0,1,0,0,0,0,0,0,0,0.000000,2,True,False
16,313,90,0,0,0,1,0,0,0,0,0,0,0,0.000000,2,True,False
16,314,90,0,0,0,1,0,0,0,0,0,0,0,0.000000,2,True,False
16,315,51,0,0,0,1,0,0,0,0,0,0,0,0.000000,1,True,False
16,316,81,0,0,0,1,0,0,0,0,0,0,0,0.000000,2,True,False
16,317,0,0,0,0,0,0,0,0,0,0,0,0,0.000000,0,False,False
16,318,0,0,0,0,0,0,0,0,0,0,0,0,0.000000,0,False,False
16,319,0,0,0,0,0,0,0,0,0,0,0,0,0.000000,0,False,False
16,320,0,0,0,0,0,0,0,0,0,0,0,0,0.000000,0,False,False
16,321,0,0,0,0,0,0,0,0,0,0,0,0,0.000000,0,False,False
16,322,0,0,0,0,0,0,0,0,0,0,0,0,0.000000,0,False,False
16,323,0,0,0,0,0,0,0,0,0,0,0,0,0.000000,0,False,False
16,324,0,0,0,0,0,0,0,0,0,0,0,0,0.000000,0,False,False
16,325,0,0,0,0,0,0,0,0,0,0,0,0,0.000000,0,False,False
16,326,0,0,0,0,0,0,0,0,0,0,0,0,0.000000,0,False,False
16,327,0,0,0,0,0,0,0,0,0,0,0,0,0.000000,0,False,False
16,328,0,0,0,0,0,0,0,0,0,0,0,0,0.000000,0,False,False
16,329,0,0,0,0,0,0,0,0,0,0,0,0,0.000000,0,False,False
16,330,0,0,0,0,0,0,0,0,0,0,0,0,0.000000,0,False,False
16,331,0,0,0,0,0,0,0,0,0,0,0,0,0.000000,0,False,False
16,332,0,0,0,0,0,0,0,0,0,0,0,0,0.000000,0,False,False
16,333,0,0,0,0,0,0,0,0,0,0,0,0,0.000000,0,False,False
16,334,0,0,0,0,0,0,0,0,0,0,0,0,0.000000,0,False,False
16,335,0,0,0,0,0,0,0,0,0,0,0,0,0.000000,0,False,False
16,336,0,0,0,0,0,0,0,0,0,0,0,0,0.000000,0,False,False
16,337,0,0,0,0,0,0,0,0,0,0,0,0,0.000000,0,False,False
16,338,0,0,0,0,0,0,0,0,0,0,0,0,0.000000,0,False,False
16,339,0,0,0,0,0,0,0,0,0,0,0,0,0.000000,0,False,False
16,340,0,0,0,0,0,0,0,0,0,0,0,0,0.000000,0,False,False
16,341,0,0,0,0,0,0,0,0,0,0,0,0,0.000000,0,False,False
16,342,64,0,0,1,0,0,0,0,0,0,0,0,0.000000,3,True,False
16,343,64,0,0,1,0,0,0,0,0,0,0,0,0.000000,6,True,False
16,344,0,0,0,0,0,0,0,0,0,0,0,0,0.000000,0,False,False
16,345,25,0,0,0,1,0,0,0,0,0,0,0,0.000000,1,True,False
16,346,90,1,0,0,1,0,0,0,0,0,0,3,0.000000,11,True,True
16,347,0,0,0,0,0,0,0,0,0,0,0,0,0.000000,0,False,False
16,348,90,0,0,0,1,0,0,0,0,0,0,0,0.000000,2,True,False
16,349,86,0,0,0,1,0,0,0,0,0,0,0,0.000000,2,True,False
16,350,0,0,0,0,0,0,0,0,0,0,0,0,0.000000,0,False,False
16,351,0,0,0,0,0,0,0,0,0,0,0,0,0.000000,0,False,False
16,352,0,0,0,0,0,0,0,0,0,0,0,0,0.000000,0,False,False
16,353,90,0,0,0,1,0,0,0,1,0,2,0,0.000000,1,True,False
16,354,86,0,0,0,1,0,0,0,0,0,0,0,0.000000,2,True,False
16,355,0,0,0,0,0,0,0,0,0,0,0,0,0.000000,0,False,False
16,356,90,0,1,0,1,0,0,0,0,0,0,0,0.000000,5,True,False
16,357,3,0,0,0,0,0,0,0,0,0,0,0,0.000000,1,True,False
16,358,25,0,0,0,1,0,0,0,0,0,0,0,0.000000,1,True,False
16,359,64,0,0,1,0,0,0,0,0,0,0,0,0.000000,3,True,False
16,360,90,1,0,0,1,0,0,1,1,0,0,1,0.000000,5,True,False
16,361,25,0,0,0,1,0,0,0,0,0,0,0,0.000000,1,True,False
16,362,0,0,0,0,0,0,0,0,0,0,0,0,0.000000,0,False,False
16,363,90,0,0,0,1,0,0,0,0,0,0,0,0.000000,2,True,False
16,364,0,0,0,0,0,0,0,0,0,0,0,0,0.000000,0,False,False
16,365,76,0,0,0,2,0,0,0,0,0,0,0,0.000000,1,True,False
16,366,90,0,0,0,2,0,0,0,0,0,0,0,0.000000,1,True,False
16,367,0,0,0,0,0,0,0,0,0,0,0,0,0.000000,0,False,False
16,368,0,0,0,0,0,0,0,0,0,0,0,0,0.000000,0,False,False
16,369,45,0,0,0,1,0,0,0,0,0,0,0,0.000000,1,True,False
16,370,14,0,0,0,0,0,0,0,0,0,0,0,0.000000,1,True,False
16,371,0,0,0,0,0,0,0,0,0,0,0,0,0.000000,0,False,False
16,372,90,0,0,0,1,0,0,0,0,0,0,0,0.000000,2,True,False
16,373,82,0,0,0,2,0,0,0,0,0,0,0,0.000000,2,True,False
16,374,0,0,0,0,0,0,0,0,0,0,0,0,0.000000,0,False,False
16,375,0,0,0,0,0,0,0,0,0,0,0,0,0.000000,0,False,False
16,376,0,0,0,0,0,0,0,0,0,0,0,0,0.000000,0,False,False
16,377,80,0,0,0,2,0,0,0,0,0,0,0,0.000000,1,True,False
16,378,0,0,0,0,0,0,0,0,0,0,0,0,0.000000,0,False,False
16,379,0,0,0,0,0,0,0,0,0,0,0,0,0.000000,0,False,False
16,380,13,0,0,0,0,0,0,0,0,0,0,0,0.000000,1,True,False
16,381,90,0,0,0,2,0,0,0,0,0,0,0,0.000000,2,True,False
16,382,76,0,0,0,2,0,0,0,0,0,0,0,0.000000,2,True,False
16,383,90,0,0,0,2,0,0,0,0,0,3,0,0.000000,2,True,False
16,384,0,0,0,0,0,0,0,0,0,0,0,0,0.000000,0,False,False
16,385,90,0,0,0,2,0,0,0,0,0,0,0,0.000000,1,True,False
16,386,90,0,0,0,2,0,0,0,1,0,0,0,0.000000,0,True,False
16,387,13,0,1,0,0,0,0,0,0,0,0,0,0.000000,4,True,False
16,388,90,0,0,0,2,0,0,0,0,0,0,0,0.000000,2,True,False
16,389,0,0,0,0,0,0,0,0,0,0,0,0,0.000000,0,False,False
16,390,0,0,0,0,0,0,0,0,0,0,0,0,0.000000,0,False,False
16,391,45,1,0,0,1,0,0,0,0,0,0,1,0.000000,7,True,False
16,392,0,0,0,0,0,0,0,0,0,0,0,0,0.000000,0,False,False
16,393,0,0,0,0,0,0,0,0,0,0,0,0,0.000000,0,False,False
16,394,66,0,0,0,1,0,0,0,0,0,0,0,0.000000,2,True,False
16,395,90,0,0,0,1,0,0,0,0,0,0,1,0.000000,3,True,False
16,396,90,0,0,0,1,0,0,0,1,0,0,0,0.000000,1,True,False
16,397,0,0,0,0,0,0,0,0,0,0,0,0,0.000000,0,False,False
16,398,0,0,0,0,0,0,0,0,0,0,0,0,0.000000,0,False,False
16,399,0,0,0,0,0,0,0,0,0,0,0,0,0.000000,0,False,False
16,400,23,0,0,0,0,0,0,0,0,0,0,0,0.000000,1,True,False
16,401,36,0,0,0,1,0,0,0,0,0,0,0,0.000000,1,True,False
16,402,0,0,0,0,0,0,0,0,0,0,0,0,0.000000,0,False,False
16,403,0,0,0,0,0,0,0,0,0,0,0,0,0.000000,0,False,False
16,404,0,0,0,0,0,0,0,0,0,0,0,0,0.000000,0,False,False
16,405,90,0,1,0,1,0,0,0,0,0,0,0,0.000000,5,True,False
16,406,0,0,0,0,0,0,0,0,0,0,0,0,0.000000,0,False,False
16,407,0,0,0,0,0,0,0,0,0,0,0,0,0.000000,0,False,False
16,408,90,0,0,0,1,0,0,0,0,0,0,0,0.000000,2,True,False
16,409,0,0,0,0,0,0,0,0,0,0,0,0,0.000000,0,False,False
16,410,77,1,0,0,1,0,0,0,0,0,0,2,0.000000,9,True,True
16,411,12,0,0,0,0,0,0,0,0,0,0,0,0.000000,1,True,False
16,412,0,0,0,0,0,0,0,0,0,0,0,0,0.000000,0,False,False
16,413,12,0,0,0,0,0,0,0,0,0,0,0,0.000000,1,True,False
16,414,77,0,0,0,1,0,0,0,0,0,0,0,0.000000,2,True,False
16,415,0,0,0,0,0,0,0,0,0,0,0,0,0.000000,0,False,False
16,416,0,0,0,0,0,0,0,0,0,0,0,0,0.000000,0,False,False
16,417,34,0,0,0,0,0,0,0,1,0,0,0,0.000000,0,True,False
16,418,0,0,0,0,0,0,0,0,0,0,0,0,0.000000,0,False,False
16,419,53,0,0,0,0,0,0,0,0,0,0,0,0.000000,1,True,False
16,420,0,0,0,0,0,0,0,0,0,0,0,0,0.000000,0,False,False
16,421,72,0,0,0,1,0,0,0,0,0,0,0,0.000000,2,True,False
16,422,21,0,0,0,0,0,0,0,0,0,0,0,0.000000,1,True,False
16,423,0,0,0,0,0,0,0,0,0,0,0,0,0.000000,0,False,False
16,424,0,0,0,0,0,0,0,0,0,0,0,0,0.000000,0,False,False
16,425,17,1,0,0,1,0,0,1,0,0,0,0,0.000000,4,True,False
16,426,0,0,0,0,0,0,0,0,0,0,0,0,0.000000,0,False,False
16,427,0,0,0,0,0,0,0,0,0,0,0,0,0.000000,0,False,False
16,428,62,0,0,0,1,0,0,0,0,0,0,0,0.000000,2,True,False
16,429,7,0,0,0,0,0,0,0,0,0,0,0,0.000000,1,True,False
16,430,0,0,0,0,0,0,0,0,0,0,0,0,0.000000,0,False,False
16,431,0,0,0,0,0,0,0,0,0,0,0,0,0.000000,0,False,False
16,432,0,0,0,0,0,0,0,0,0,0,0,0,0.000000,0,False,False
16,433,0,0,0,0,0,0,0,0,0,0,0,0,0.000000,0,False,False
16,434,76,0,0,1,0,0,0,0,0,0,0,0,0.000000,2,True,False
16,435,0,0,0,0,0,0,0,0,0,0,0,0,0.000000,0,False,False
16,436,0,0,0,0,0,0,0,0,0,0,0,0,0.000000,0,False,False
16,437,0,0,0,0,0,0,0,0,0,0,0,0,0.000000,0,False,False
16,438,0,0,0,0,0,0,0,0,0,0,0,0,0.000000,0,False,False
16,439,0,0,0,0,0,0,0,0,0,0,0,0,0.000000,0,False,False
16,440,89,0,1,0,1,0,0,0,0,0,0,0,0.000000,5,True,False
16,441,0,0,0,0,0,0,0,0,0,0,0,0,0.000000,0,False,False
16,442,0,0,0,0,0,0,0,0,0,0,0,0,0.000000,0,False,False
16,443,0,0,0,0,0,0,0,0,0,0,0,0,0.000000,0,False,False
16,444,0,0,0,0,0,0,0,0,0,0,0,0,0.000000,0,False,False
16,445,0,0,0,0,0,0,0,0,0,0,0,0,0.000000,0,False,False
16,446,55,0,0,0,1,0,0,0,1,0,0,0,0.000000,0,True,False
16,447,0,0,0,0,0,0,0,0,0,0,0,0,0.000000,0,False,False
16,448,45,0,0,0,1,0,0,0,0,0,0,0,0.000000,1,True,False
16,449,0,0,0,0,0,0,0,0,0,0,0,0,0.000000,0,False,False
16,450,0,0,0,0,0,0,0,0,0,0,0,0,0.000000,0,False,False
16,451,57,1,0,0,0,0,0,0,0,0,0,0,0.000000,6,True,False
16,452,90,0,0,0,2,0,0,0,0,0,0,0,0.000000,1,True,False
16,453,16,0,0,0,1,0,0,0,0,0,0,0,0.000000,1,True,False
16,454,90,0,0,0,1,0,0,0,0,0,6,0,0.000000,4,True,False
16,455,0,0,0,0,0,0,0,0,0,0,0,0,0.000000,0,False,False
16,456,3,0,0,0,0,0,0,0,0,0,0,0,0.000000,1,True,False
16,457,0,0,0,0,0,0,0,0,0,0,0,0,0.000000,0,False,False
16,458,17,0,0,0,1,0,0,0,0,0,0,0,0.000000,1,True,False
16,459,0,0,0,0,0,0,0,0,0,0,0,0,0.000000,0,False,False
16,460,60,0,0,0,1,0,0,0,1,0,0,0,0.000000,1,True,False
16,461,0,0,0,0,0,0,0,0,0,0,0,0,0.000000,0,False,False
16,462,0,0,0,0,0,0,0,0,0,0,0,0,0.000000,0,False,False
16,463,0,0,0,0,0,0,0,0,0,0,0,0,0.000000,0,False,False
16,464,0,0,0,0,0,0,0,0,0,0,0,0,0.000000,0,False,False
16,465,9,0,0,0,0,0,0,0,0,0,0,0,0.000000,1,True,False
16,466,0,0,0,0,0,0,0,0,0,0,0,0,0.000000,0,False,False
16,467,0,0,0,0,0,0,0,0,0,0,0,0,0.000000,0,False,False
16,468,0,0,0,0,0,0,0,0,0,0,0,0,0.000000,0,False,False
16,469,1,0,0,0,0,0,0,0,0,0,0,0,0.000000,1,True,False
16,470,0,0,0,0,0,0,0,0,0,0,0,0,0.000000,0,False,False
16,471,0,0,0,0,0,0,0,0,0,0,0,0,0.000000,0,False,False
16,472,0,0,0,0,0,0,0,0,0,0,0,0,0.000000,0,False,False
16,473,0,0,0,0,0,0,0,0,0,0,0,0,0.000000,0,False,False
16,474,0,0,0,0,0,0,0,0,0,0,0,0,0.000000,0,False,False
16,475,8,0,0,0,0,0,0,0,0,0,0,0,0.000000,1,True,False
16,476,68,0,1,1,0,0,0,0,0,0,0,0,0.000000,6,True,False
16,477,0,0,0,0,0,0,0,0,0,0,0,0,0.000000,0,False,False
16,478,0,0,0,0,0,0,0,0,0,0,0,0,0.000000,0,False,False
16,479,0,0,0,0,0,0,0,0,0,0,0,0,0.000000,0,False,False
16,480,0,0,0,0,0,0,0,0,0,0,0,0,0.000000,0,False,False
16,481,0,0,0,0,0,0,0,0,0,0,0,0,0.000000,0,False,False
16,482,0,0,0,0,0,0,0,0,0,0,0,0,0.000000,0,False,False
16,483,0,0,0,0,0,0,0,0,0,0,0,0,0.000000,0,False,False
16,484,0,0,0,0,0,0,0,0,0,0,0,0,0.000000,0,False,False
16,485,90,0,0,0,1,0,0,0,0,0,2,0,0.000000,2,True,False
16,486,0,0,0,0,0,0,0,0,0,0,0,0,0.000000,0,False,False
17,1,0,0,0,0,0,0,0,0,0,0,0,0,0.000000,0,False,False
17,2,0,0,0,0,0,0,0,0,0,0,0,0,0.000000,0,False,False
17,3,0,0,0,0,0,0,0,0,0,0,0,0,0.000000,0,False,False
17,4,0,0,0,0,0,0,0,0,0,0,0,0,0.000000,0,False,False
17,5,0,0,0,0,0,0,0,0,0,0,0,0,0.000000,0,False,False
17,6,0,0,0,0,0,0,0,0,0,0,0,0,0.000000,0,False,False
17,7,0,0,0,0,0,0,0,0,0,0,0,0,0.000000,0,False,False
17,8,0,0,0,0,0,0,0,0,0,0,0,0,0.000000,0,False,False
17,9,0,0,0,0,0,0,0,0,0,0,0,0,0.000000,0,False,False
17,10,0,0,0,0,0,0,0,0,0,0,0,0,0.000000,0,False,False
17,11,0,0,0,0,0,0,0,0,0,0,0,0,0.000000,0,False,False
17,12,0,0,0,0,0,0,0,0,0,0,0,0,0.000000,0,False,False
17,13,0,0,0,0,0,0,0,0,0,0,0,0,0.000000,0,False,False
17,14,0,0,0,0,0,0,0,0,0,0,0,0,0.000000,0,False,False
17,15,0,0,0,0,0,0,0,0,0,0,0,0,0.000000,0,False,False
17,16,0,0,0,0,0,0,0,0,0,0,0,0,0.000000,0,False,False
17,17,0,0,0,0,0,0,0,0,0,0,0,0,0.000000,0,False,False
17,18,0,0,0,0,0,0,0,0,0,0,0,0,0.000000,0,False,False
17,19,0,0,0,0,0,0,0,0,0,0,0,0,0.000000,0,False,False
17,20,0,0,0,0,0,0,0,0,0,0,0,0,0.000000,0,False,False
17,21,0,0,0,0,0,0,0,0,0,0,0,0,0.000000,0,False,False
17,22,0,0,0,0,0,0,0,0,0,0,0,0,0.000000,0,False,False
17,23,0,0,0,0,0,0,0,0,0,0,0,0,0.000000,0,False,False
17,24,0,0,0,0,0,0,0,0,0,0,0,0,0.000000,0,False,False
17,25,0,0,0,0,0,0,0,0,0,0,0,0,0.000000,0,False,False
17,26,0,0,0,0,0,0,0,0,0,0,0,0,0.000000,0,False,False
17,27,0,0,0,0,0,0,0,0,0,0,0,0,0.000000,0,False,False
17,28,0,0,0,0,0,0,0,0,0,0,0,0,0.000000,0,False,False
17,29,90,1,0,1,0,0,0,0,0,0,0,3,0.000000,15,True,True
17,30,0,0,0,0,0,0,0,0,0,0,0,0,0.000000,0,False,False
17,31,12,1,0,0,0,0,0,0,0,0,0,0,0.000000,5,True,False
17,32,90,0,0,1,0,0,0,0,0,0,0,0,0.000000,6,True,False
17,33,0,0,0,0,0,0,0,0,0,0,0,0,0.000000,0,False,False
17,34,0,0,0,0,0,0,0,0,0,0,0,0,0.000000,0,False,False
17,35,90,0,0,1,0,0,0,0,0,0,0,2,0.000000,5,True,False
17,36,0,0,0,0,0,0,0,0,0,0,0,0,0.000000,0,False,False
17,37,0,0,0,0,0,0,0,0,0,0,0,0,0.000000,0,False,False
17,38,0,0,0,0,0,0,0,0,0,0,0,0,0.000000,0,False,False
17,39,90,0,0,1,0,0,0,0,0,0,0,0,0.000000,3,True,False
17,40,0,0,0,0,0,0,0,0,0,0,0,0,0.000000,0,False,False
17,41,0,0,0,0,0,0,0,0,0,0,0,0,0.000000,0,False,False
17,42,0,0,0,0,0,0,0,0,0,0,0,0,0.000000,0,False,False
17,43,73,0,0,1,0,0,0,0,0,0,0,0,0.000000,3,True,False
17,44,90,0,0,1,0,0,0,0,0,0,0,0,0.000000,6,True,False
17,45,77,1,0,1,0,0,0,0,0,0,0,0,0.000000,6,True,False
17,46,90,0,0,1,0,0,0,0,0,0,0,0,0.000000,3,True,False
17,47,0,0,0,0,0,0,0,0,0,0,0,0,0.000000,0,False,False
17,48,90,0,0,1,0,0,0,0,0,0,0,0,0.000000,6,True,False
17,49,0,0,0,0,0,0,0,0,0,0,0,0,0.000000,0,False,False
17,50,89,0,2,1,0,0,0,0,1,0,0,1,0.000000,9,True,False
17,51,0,0,0,0,0,0,0,0,0,0,0,0,0.000000,0,False,False
17,52,16,0,0,0,0,0,0,0,0,0,0,0,0.000000,1,True,False
17,53,0,0,0,0,0,0,0,0,0,0,0,0,0.000000,0,False,False
17,54,90,0,0,1,0,0,0,0,0,0,2,0,0.000000,6,True,False
17,55,90,0,0,1,0,0,0,0,0,0,0,0,0.000000,6,True,False
17,56,0,0,0,0,0,0,0,0,0,0,0,0,0.000000,0,False,False
17,57,0,0,0,0,0,0,0,0,0,0,0,0,0.000000,0,False,False
17,58,90,0,1,1,0,0,0,0,0,0,0,1,0.000000,10,True,True
17,59,90,0,0,1,0,0,0,0,0,0,0,0,0.000000,2,True,False
17,60,0,0,0,0,0,0,0,0,0,0,0,0,0.000000,0,False,False
17,61,0,0,0,0,0,0,0,0,0,0,0,0,0.000000,0,False,False
17,62,45,0,0,0,0,0,0,0,0,0,0,0,0.000000,1,True,False
17,63,55,1,0,0,0,0,0,0,0,0,0,2,0.000000,8,True,False
17,64,0,0,0,0,0,0,0,0,0,0,0,0,0.000000,0,False,False
17,65,0,0,0,0,0,0,0,0,0,0,0,0,0.000000,0,False,False
17,66,90,0,0,1,0,0,0,0,0,0,0,0,0.000000,6,True,False
17,67,0,0,0,0,0,0,0,0,0,0,0,0,0.000000,0,False,False
17,68,0,0,0,0,0,0,0,0,0,0,0,0,0.000000,0,False,False
17,69,0,0,0,0,0,0,0,0,0,0,0,0,0.000000,0,False,False
17,70,14,0,0,0,0,0,0,0,0,0,0,0,0.000000,1,True,False
17,71,0,0,0,0,0,0,0,0,0,0,0,0,0.000000,0,False,False
17,72,34,0,0,0,0,0,0,0,0,0,0,0,0.000000,1,True,False
17,73,0,0,0,0,0,0,0,0,0,0,0,0,0.000000,0,False,False
17,74,90,0,0,1,0,0,0,0,0,0,0,0,0.000000,6,True,False
17,75,45,0,0,0,0,0,0,0,1,0,0,0,0.000000,0,True,False
17,76,0,0,0,0,0,0,0,0,0,0,0,0,0.000000,0,False,False
17,77,90,0,0,1,0,0,0,0,0,0,0,0,0.000000,3,True,False
17,78,0,0,0,0,0,0,0,0,0,0,0,0,0.000000,0,False,False
17,79,0,0,0,0,0,0,0,0,0,0,0,0,0.000000,0,False,False
17,80,90,0,0,0,3,0,0,0,0,0,0,0,0.000000,1,True,False
17,81,90,0,0,0,3,0,0,0,0,0,0,0,0.000000,2,True,False
17,82,0,0,0,0,0,0,0,0,0,0,0,0,0.000000,0,False,False
17,83,0,0,0,0,0,0,0,0,0,0,0,0,0.000000,0,False,False
17,84,86,0,0,0,2,0,0,0,0,0,0,0,0.000000,1,True,False
17,85,22,0,0,0,2,0,0,0,0,0,0,0,0.000000,0,True,False
17,86,56,0,0,0,1,0,0,0,0,0,0,0,0.000000,1,True,False
17,87,0,0,0,0,0,0,0,0,0,0,0,0,0.000000,0,False,False
17,88,90,0,0,0,3,0,0,0,0,0,11,0,0.000000,4,True,False
17,89,0,0,0,0,0,0,0,0,0,0,0,0,0.000000,0,False,False
17,90,49,0,0,0,3,0,0,0,0,0,0,0,0.000000,1,True,False
17,91,3,0,0,0,1,0,0,0,0,0,0,0,0.000000,1,True,False
17,92,86,0,0,0,2,0,0,0,0,0,0,0,0.000000,2,True,False
17,93,0,0,0,0,0,0,0,0,0,0,0,0,0.000000,0,False,False
17,94,0,0,0,0,0,0,0,0,0,0,0,0,0.000000,0,False,False
17,95,0,0,0,0,0,0,0,0,0,0,0,0,0.000000,0,False,False
17,96,0,0,0,0,0,0,0,0,0,0,0,0,0.000000,0,False,False
17,97,90,0,0,0,3,0,0,0,0,0,0,0,0.000000,1,True,False
17,98,0,0,0,0,0,0,0,0,0,0,0,0,0.000000,0,False,False
17,99,0,0,0,0,0,0,0,0,0,0,0,0,0.000000,0,False,False
17,100,67,0,0,0,1,0,0,0,0,0,0,0,0.000000,2,True,False
17,101,0,0,0,0,0,0,0,0,0,0,0,0,0.000000,0,False,False
17,102,32,0,0,0,3,0,0,0,0,1,0,0,0.000000,-3,True,False
17,103,0,0,0,0,0,0,0,0,0,0,0,0,0.000000,0,False,False
17,104,0,0,0,0,0,0,0,0,0,0,0,0,0.000000,0,False,False
17,105,0,0,0,0,0,0,0,0,0,0,0,0,0.000000,0,False,False
17,106,90,0,0,0,1,0,0,0,1,0,0,0,0.000000,1,True,False
17,107,0,0,0,0,0,0,0,0,0,0,0,0,0.000000,0,False,False
17,108,0,0,0,0,0,0,0,0,0,0,0,0,0.000000,0,False,False
17,109,0,0,0,0,0,0,0,0,0,0,0,0,0.000000,0,False,False
17,110,26,0,0,0,0,0,0,0,0,0,0,0,0.000000,1,True,False
17,111,90,0,0,0,1,0,0,0,0,0,0,0,0.000000,2,True,False
17,112,90,0,0,0,1,0,0,0,0,0,0,0,0.000000,2,True,False
17,113,0,0,0,0,0,0,0,0,0,0,0,0,0.000000,0,False,False
17,114,26,0,0,0,0,0,0,0,0,0,0,0,0.000000,1,True,False
17,115,0,0,0,0,0,0,0,0,0,0,0,0,0.000000,0,False,False
17,116,0,0,0,0,0,0,0,0,0,0,0,0,0.000000,0,False,False
17,117,0,0,0,0,0,0,0,0,0,0,0,0,0.000000,0,False,False
17,118,33,1,0,0,0,0,0,0,0,0,0,0,0.000000,5,True,False
17,119,0,0,0,0,0,0,0,0,0,0,0,0,0.000000,0,False,False
17,120,0,0,0,0,0,0,0,0,0,0,0,0,0.000000,0,False,False
17,121,0,0,0,0,0,0,0,0,0,0,0,0,0.000000,0,False,False
17,122,63,0,0,0,1,0,0,0,0,0,0,0,0.000000,2,True,False
17,123,63,0,0,0,1,0,0,0,0,0,0,0,0.000000,2,True,False
17,124,11,0,0,0,0,0,0,0,0,0,0,0,0.000000,1,True,False
17,125,0,0,0,0,0,0,0,0,0,0,0,0,0.000000,0,False,False
17,126,0,0,0,0,0,0,0,0,0,0,0,0,0.000000,0,False,False
17,127,0,0,0,0,0,0,0,0,0,0,0,0,0.000000,0,False,False
17,128,78,0,0,0,1,0,0,0,0,0,0,0,0.000000,2,True,False
17,129,78,0,0,0,1,0,0,0,0,0,0,0,0.000000,2,True,False
17,130,0,0,0,0,0,0,0,0,0,0,0,0,0.000000,0,False,False
17,131,0,0,0,0,0,0,0,0,0,0,0,0,0.000000,0,False,False
17,132,0,0,0,0,0,0,0,0,0,0,0,0,0.000000,0,False,False
17,133,0,0,0,0,0,0,0,0,0,0,0,0,0.000000,0,False,False
17,134,0,0,0,0,0,0,0,0,0,0,0,0,0.000000,0,False,False
17,135,21,0,0,0,0,0,0,0,0,0,0,0,0.000000,1,True,False
17,136,0,0,0,0,0,0,0,0,0,0,0,0,0.000000,0,False,False
17,137,0,0,0,0,0,0,0,0,0,0,0,0,0.000000,0,False,False
17,138,21,0,0,0,0,0,0,0,0,0,0,0,0.000000,1,True,False
17,139,90,0,0,0,1,0,0,0,0,0,0,0,0.000000,2,True,False
17,140,3,0,0,0,0,0,0,0,0,0,0,0,0.000000,1,True,False
17,141,90,0,0,0,1,0,0,0,1,0,0,0,0.000000,1,True,False
17,142,0,0,0,0,0,0,0,0,0,0,0,0,0.000000,0,False,False
17,143,90,0,0,0,1,0,0,0,0,0,4,0,0.000000,3,True,False
17,144,0,0,0,0,0,0,0,0,0,0,0,0,0.000000,0,False,False
17,145,68,0,0,0,1,0,0,0,0,0,0,0,0.000000,2,True,False
17,146,86,0,0,0,1,0,0,0,1,0,0,0,0.000000,1,True,False
17,147,68,0,0,0,1,0,0,0,0,0,0,0,0.000000,2,True,False
17,148,0,0,0,0,0,0,0,0,0,0,0,0,0.000000,0,False,False
17,149,0,0,0,0,0,0,0,0,0,0,0,0,0.000000,0,False,False
17,150,62,0,0,0,1,0,0,0,0,0,0,0,0.000000,2,True,False
17,151,0,0,0,0,0,0,0,0,0,0,0,0,0.000000,0,False,False
17,152,0,0,0,0,0,0,0,0,0,0,0,0,0.000000,0,False,False
17,153,0,0,0,0,0,0,0,0,0,0,0,0,0.000000,0,False,False
17,154,90,0,0,0,1,0,0,0,0,0,0,0,0.000000,2,True,False
17,155,90,0,0,0,1,0,0,0,1,0,0,3,0.000000,4,True,False
17,156,0,0,0,0,0,0,0,0,0,0,0,0,0.000000,0,False,False
17,157,90,0,0,0,1,0,0,0,0,0,0,0,0.000000,2,True,False
17,158,0,0,0,0,0,0,0,0,0,0,0,0,0.000000,0,False,False
17,159,0,0,0,0,0,0,0,0,0,0,0,0,0.000000,0,False,False
17,160,90,0,0,0,1,0,0,0,0,0,2,0,0.000000,2,True,False
17,161,0,0,0,0,0,0,0,0,0,0,0,0,0.000000,0,False,False
17,162,0,0,0,0,0,0,0,0,0,0,0,0,0.000000,0,False,False
17,163,90,0,0,0,1,0,0,0,0,0,0,0,0.000000,2,True,False
17,164,0,0,0,0,0,0,0,0,0,0,0,0,0.000000,0,False,False
17,165,0,0,0,0,0,0,0,0,0,0,0,0,0.000000,0,False,False
17,166,90,0,0,0,1,0,0,0,0,0,0,0,0.000000,2,True,False
17,167,0,0,0,0,0,0,0,0,0,0,0,0,0.000000,0,False,False
17,168,90,0,0,0,1,0,0,0,1,0,0,0,0.000000,1,True,False
17,169,73,0,1,0,4,0,0,0,0,0,0,0,0.000000,3,True,False
17,170,90,0,0,0,1,0,0,0,1,0,0,0,0.000000,1,True,False
17,171,0,0,0,0,0,0,0,0,0,0,0,0,0.000000,0,False,False
17,172,16,0,0,0,1,0,0,0,0,0,0,0,0.000000,1,True,False
17,173,86,0,0,0,1,0,0,0,0,0,0,0,0.000000,2,True,False
17,174,0,0,0,0,0,0,0,0,0,0,0,0,0.000000,0,False,False
17,175,27,0,0,0,1,0,0,0,0,0,0,0,0.000000,1,True,False
17,176,0,0,0,0,0,0,0,0,0,0,0,0,0.000000,0,False,False
17,177,0,0,0,0,0,0,0,0,0,0,0,0,0.000000,0,False,False
17,178,0,0,0,0,0,0,0,0,0,0,0,0,0.000000,0,False,False
17,179,90,1,0,0,1,0,0,0,0,0,0,3,0.000000,10,True,False
17,180,86,0,1,0,1,0,0,0,1,0,0,2,0.000000,6,True,False
17,181,0,0,0,0,0,0,0,0,0,0,0,0,0.000000,0,False,False
17,182,0,0,0,0,0,0,0,0,0,0,0,0,0.000000,0,False,False
17,183,0,0,0,0,0,0,0,0,0,0,0,0,0.000000,0,False,False
17,184,0,0,0,0,0,0,0,0,0,0,0,0,0.000000,0,False,False
17,185,73,0,0,1,0,0,0,0,0,0,0,0,0.000000,6,True,False
17,186,75,0,0,1,0,0,0,0,0,0,0,0,0.000000,6,True,True
17,187,1,0,0,0,1,0,0,0,0,0,0,0,0.000000,1,True,False
17,188,90,0,1,0,1,0,0,0,1,0,0,1,0.000000,5,True,False
17,189,5,0,0,0,1,0,0,0,0,0,0,0,0.000000,1,True,False
17,190,0,0,0,0,0,0,0,0,0,0,0,0,0.000000,0,False,False
17,191,62,0,0,1,0,0,0,0,0,0,0,0,0.000000,2,True,False
17,192,90,0,0,0,2,0,0,0,0,0,1,0,0.000000,1,True,False
17,193,90,0,0,0,2,0,0,0,0,0,0,0,0.000000,2,True,False
17,194,73,0,0,0,1,0,0,0,0,0,0,2,0.000000,4,True,False
17,195,90,0,1,1,0,0,0,0,0,0,0,0,0.000000,6,True,False
17,196,90,0,0,0,2,0,0,0,1,0,0,0,0.000000,1,True,False
17,197,90,1,0,0,2,0,0,0,0,0,0,0,0.000000,7,True,False
17,198,0,0,0,0,0,0,0,0,0,0,0,0,0.000000,0,False,False
17,199,16,0,0,0,1,0,0,0,0,0,0,0,0.000000,1,True,False
17,200,1,0,0,0,1,0,0,0,0,0,0,0,0.000000,1,True,False
17,201,90,0,0,0,2,0,0,0,0,0,0,0,0.000000,1,True,False
17,202,90,1,1,0,1,0,0,0,0,0,0,3,0.000000,13,True,True
17,203,0,0,0,0,0,0,0,0,0,0,0,0,0.000000,0,False,False
17,204,0,0,0,0,0,0,0,0,0,0,0,0,0.000000,0,False,False
17,205,0,0,0,0,0,0,0,0,0,0,0,0,0.000000,0,False,False
17,206,16,0,0,0,1,0,0,0,0,0,0,0,0.000000,1,True,False
17,207,40,0,0,0,0,0,0,0,1,0,0,0,0.000000,0,True,False
17,208,90,0,0,0,2,0,0,0,0,0,0,0,0.000000,1,True,False
17,209,0,0,0,0,0,0,0,0,0,0,0,0,0.000000,0,False,False
17,210,90,0,0,0,1,0,0,0,0,0,0,0,0.000000,2,True,False
17,211,11,0,0,0,1,0,0,0,0,0,0,0,0.000000,1,True,False
17,212,31,0,0,0,1,0,0,0,0,0,0,0,0.000000,1,True,False
17,213,90,0,0,0,1,0,0,0,0,0,0,0,0.000000,2,True,False
17,214,78,0,0,1,0,0,0,0,0,0,0,0,0.000000,6,True,False
17,215,0,0,0,0,0,0,0,0,0,0,0,0,0.000000,0,False,False
17,216,0,0,0,0,0,0,0,0,0,0,0,0,0.000000,0,False,False
17,217,0,0,0,0,0,0,0,0,0,0,0,0,0.000000,0,False,False
17,218,0,0,0,0,0,0,0,0,0,0,0,0,0.000000,0,False,False
17,219,0,0,0,0,0,0,0,0,0,0,0,0,0.000000,0,False,False
17,220,0,0,0,0,0,0,0,0,0,0,0,0,0.000000,0,False,False
17,221,78,1,0,1,0,0,0,0,0,0,0,2,0.000000,10,True,False
17,222,11,0,0,0,1,0,0,0,0,0,0,0,0.000000,1,True,False
17,223,58,0,0,0,0,0,0,0,0,0,0,0,0.000000,1,True,False
17,224,90,0,0,0,1,0,0,0,0,0,0,1,0.000000,3,True,False
17,225,0,0,0,0,0,0,0,0,0,0,0,0,0.000000,0,False,False
17,226,0,0,0,0,0,0,0,0,0,0,0,0,0.000000,0,False,False
17,227,0,0,0,0,0,0,0,0,0,0,0,0,0.000000,0,False,False
17,228,31,0,0,0,1,0,0,0,0,0,0,0,0.000000,1,True,False
17,229,58,0,0,0,0,0,0,0,0,0,0,0,0.000000,1,True,False
17,230,0,0,0,0,0,0,0,0,0,0,0,0,0.000000,0,False,False
17,231,0,0,0,0,0,0,0,0,0,0,0,0,0.000000,0,False,False
17,232,90,0,0,0,1,0,0,0,0,0,2,0,0.000000,2,True,False
17,233,0,0,0,0,0,0,0,0,0,0,0,0,0.000000,0,False,False
17,234,90,0,0,0,1,0,0,0,0,0,0,1,0.000000,3,True,False
17,235,90,0,0,0,1,0,0,0,0,0,0,0,0.000000,2,True,False
17,236,90,0,1,0,1,0,0,0,0,0,0,0,0.000000,5,True,False
17,237,90,1,1,0,1,0,0,0,0,0,0,3,0.000000,13,True,True
17,238,0,0,0,0,0,0,0,0,0,0,0,0,0.000000,0,False,False
17,239,0,0,0,0,0,0,0,0,0,0,0,0,0.000000,0,False,False
17,240,90,0,0,0,1,0,0,0,0,0,0,0,0.000000,2,True,False
17,241,0,0,0,0,0,0,0,0,0,0,0,0,0.000000,0,False,False
17,242,90,0,0,0,1,0,0,0,0,0,0,0,0.000000,2,True,False
17,243,0,0,0,0,0,0,0,0,0,0,0,0,0.000000,0,False,False
17,244,90,0,0,0,1,0,0,0,0,0,0,0,0.000000,2,True,False
17,245,0,0,0,0,0,0,0,0,0,0,0,0,0.000000,0,False,False
17,246,90,0,0,0,1,0,0,0,1,0,4,0,0.000000,2,True,False
17,247,90,0,0,0,1,0,0,0,1,0,0,0,0.000000,1,True,False
17,248,0,0,0,0,0,0,0,0,0,0,0,0,0.000000,0,False,False
17,249,13,0,0,0,0,0,0,0,0,0,0,0,0.000000,1,True,False
17,250,0,0,0,0,0,0,0,0,0,0,0,0,0.000000,0,False,False
17,251,52,0,0,0,1,0,0,0,0,0,0,0,0.000000,1,True,False
17,252,90,0,0,0,1,0,0,0,0,0,0,0,0.000000,2,True,False
17,253,0,0,0,0,0,0,0,0,0,0,0,0,0.000000,0,False,False
17,254,89,0,0,0,1,0,0,0,1,0,0,0,0.000000,1,True,False
17,255,45,0,0,0,1,0,0,0,0,0,0,0,0.000000,1,True,False
17,256,0,0,0,0,0,0,0,0,0,0,0,0,0.000000,0,False,False
17,257,1,0,0,0,0,0,0,0,0,0,0,0,0.000000,1,True,False
17,258,0,0,0,0,0,0,0,0,0,0,0,0,0.000000,0,False,False
17,259,90,0,0,0,1,0,0,0,0,0,0,2,0.000000,4,True,False
17,260,74,0,1,0,2,0,0,0,0,0,0,0,0.000000,5,True,False
17,261,90,0,0,0,1,0,0,0,0,0,3,0,0.000000,3,True,False
17,262,90,0,0,0,2,0,0,0,0,0,0,0,0.000000,2,True,False
17,263,90,0,0,0,2,0,0,0,0,0,0,0,0.000000,1,True,False
17,264,0,0,0,0,0,0,0,0,0,0,0,0,0.000000,0,False,False
17,265,0,0,0,0,0,0,0,0,0,0,0,0,0.000000,0,False,False
17,266,25,0,0,0,0,0,0,0,0,0,0,0,0.000000,1,True,False
17,267,0,0,0,0,0,0,0,0,0,0,0,0,0.000000,0,False,False
17,268,64,0,0,0,2,0,0,0,0,0,0,0,0.000000,1,True,False
17,269,0,0,0,0,0,0,0,0,0,0,0,0,0.000000,0,False,False
17,270,90,1,0,0,2,0,0,0,0,0,0,0,0.000000,6,True,False
17,271,0,0,0,0,0,0,0,0,0,0,0,0,0.000000,0,False,False
17,272,0,0,0,0,0,0,0,0,0,0,0,0,0.000000,0,False,False
17,273,90,0,0,0,2,0,0,0,0,0,8,0,0.000000,3,True,False
17,274,0,0,0,0,0,0,0,0,0,0,0,0,0.000000,0,False,False
17,275,0,0,0,0,0,0,0,0,0,0,0,0,0.000000,0,False,False
17,276,25,0,0,0,0,0,0,0,0,0,0,0,0.000000,1,True,False
17,277,0,0,0,0,0,0,0,0,0,0,0,0,0.000000,0,False,False
17,278,85,0,0,0,2,0,0,0,1,0,0,0,0.000000,1,True,False
17,279,0,0,0,0,0,0,0,0,0,0,0,0,0.000000,0,False,False
17,280,0,0,0,0,0,0,0,0,0,0,0,0,0.000000,0,False,False
17,281,25,0,0,0,0,0,0,0,0,0,0,0,0.000000,1,True,False
17,282,64,0,0,0,2,0,0,0,0,0,0,0,0.000000,2,True,False
17,283,0,0,0,0,0,0,0,0,0,0,0,0,0.000000,0,False,False
17,284,0,0,0,0,0,0,0,0,0,0,0,0,0.000000,0,False,False
17,285,64,0,0,0,2,0,0,0,0,0,0,0,0.000000,1,True,False
17,286,0,0,0,0,0,0,0,0,0,0,0,0,0.000000,0,False,False
17,287,0,0,0,0,0,0,0,0,0,0,0,0,0.000000,0,False,False
17,288,4,0,0,0,0,0,0,0,0,0,0,0,0.000000,1,True,False
17,289,15,0,0,0,0,0,0,0,0,0,0,0,0.000000,1,True,False
17,290,0,0,0,0,0,0,0,0,0,0,0,0,0.000000,0,False,False
17,291,0,0,0,0,0,0,0,0,0,0,0,0,0.000000,0,False,False
17,292,0,0,0,0,0,0,0,0,0,0,0,0,0.000000,0,False,False
17,293,0,0,0,0,0,0,0,0,0,0,0,0,0.000000,0,False,False
17,294,0,0,0,0,0,0,0,0,0,0,0,0,0.000000,0,False,False
17,295,0,0,0,0,0,0,0,0,0,0,0,0,0.000000,0,False,False
17,296,0,0,0,0,0,0,0,0,0,0,0,0,0.000000,0,False,False
17,297,0,0,0,0,0,0,0,0,0,0,0,0,0.000000,0,False,False
17,298,0,0,0,0,0,0,0,0,0,0,0,0,0.000000,0,False,False
17,299,0,0,0,0,0,0,0,0,0,0,0,0,0.000000,0,False,False
17,300,0,0,0,0,0,0,0,0,0,0,0,0,0.000000,0,False,False
17,301,0,0,0,0,0,0,0,0,0,0,0,0,0.000000,0,False,False
17,302,0,0,0,0,0,0,0,0,0,0,0,0,0.000000,0,False,False
17,303,0,0,0,0,0,0,0,0,0,0,0,0,0.000000,0,False,False
17,304,0,0,0,0,0,0,0,0,0,0,0,0,0.000000,0,False,False
17,305,0,0,0,0,0,0,0,0,0,0,0,0,0.000000,0,False,False
17,306,0,0,0,0,0,0,0,0,0,0,0,0,0.000000,0,False,False
17,307,0,0,0,0,0,0,0,0,0,0,0,0,0.000000,0,False,False
17,308,0,0,0,0,0,0,0,0,0,0,0,0,0.000000,0,False,False
17,309,0,0,0,0,0,0,0,0,0,0,0,0,0.000000,0,False,False
17,310,0,0,0,0,0,0,0,0,0,0,0,0,0.000000,0,False,False
17,311,0,0,0,0,0,0,0,0,0,0,0,0,0.000000,0,False,False
17,312,0,0,0,0,0,0,0,0,0,0,0,0,0.000000,0,False,False
17,313,0,0,0,0,0,0,0,0,0,0,0,0,0.000000,0,False,False
17,314,0,0,0,0,0,0,0,0,0,0,0,0,0.000000,0,False,False
17,315,0,0,0,0,0,0,0,0,0,0,0,0,0.000000,0,False,False
17,316,0,0,0,0,0,0,0,0,0,0,0,0,0.000000,0,False,False
17,317,21,0,1,0,1,0,0,0,0,0,0,0,0.000000,4,True,False
17,318,0,0,0,0,0,0,0,0,0,0,0,0,0.000000,0,False,False
17,319,0,0,0,0,0,0,0,0,0,0,0,0,0.000000,0,False,False
17,320,0,0,0,0,0,0,0,0,0,0,0,0,0.000000,0,False,False
17,321,90,0,0,0,3,0,0,0,0,0,0,0,0.000000,1,True,False
17,322,29,0,0,0,0,0,0,0,0,0,0,0,0.000000,1,True,False
17,323,90,0,0,0,3,0,0,0,0,0,0,0,0.000000,2,True,False
17,324,0,0,0,0,0,0,0,0,0,0,0,0,0.000000,0,False,False
17,325,90,0,0,0,3,0,0,0,0,0,0,0,0.000000,2,True,False
17,326,5,0,0,0,1,0,0,0,0,0,0,0,0.000000,1,True,False
17,327,60,0,0,0,3,0,0,0,0,0,0,0,0.000000,1,True,False
17,328,0,0,0,0,0,0,0,0,0,0,0,0,0.000000,0,False,False
17,329,0,0,0,0,0,0,0,0,0,0,0,0,0.000000,0,False,False
17,330,90,0,0,0,3,0,0,0,0,0,0,0,0.000000,1,True,False
17,331,45,0,0,0,1,0,0,0,0,0,0,0,0.000000,1,True,False
17,332,0,0,0,0,0,0,0,0,0,0,0,0,0.000000,0,False,False
17,333,90,0,0,0,3,0,0,0,0,0,0,0,0.000000,1,True,False
17,334,0,0,0,0,0,0,0,0,0,0,0,0,0.000000,0,False,False
17,335,84,0,1,0,2,0,0,0,0,0,0,0,0.000000,5,True,False
17,336,90,1,0,0,3,0,0,0,1,0,0,0,0.000000,6,True,False
17,337,0,0,0,0,0,0,0,0,0,0,0,0,0.000000,0,False,False
17,338,0,0,0,0,0,0,0,0,0,0,0,0,0.000000,0,False,False
17,339,0,0,0,0,0,0,0,0,0,0,0,0,0.000000,0,False,False
17,340,0,0,0,0,0,0,0,0,0,0,0,0,0.000000,0,False,False
17,341,0,0,0,0,0,0,0,0,0,0,0,0,0.000000,0,False,False
17,342,61,0,0,0,1,0,0,0,0,0,0,0,0.000000,2,True,False
17,343,61,0,0,0,1,0,0,0,0,0,0,0,0.000000,2,True,False
17,344,61,0,0,0,1,0,0,0,0,0,0,0,0.000000,2,True,False
17,345,71,0,0,0,1,0,0,0,0,0,0,0,0.000000,2,True,False
17,346,29,0,0,0,1,0,0,0,0,0,0,0,0.000000,1,True,False
17,347,90,0,0,0,2,0,0,0,0,0,0,0,0.000000,2,True,False
17,348,90,0,0,0,2,0,0,0,0,0,0,0,0.000000,1,True,False
17,349,90,0,0,0,2,0,0,0,0,0,0,0,0.000000,1,True,False
17,350,0,0,0,0,0,0,0,0,0,0,0,0,0.000000,0,False,False
17,351,0,0,0,0,0,0,0,0,0,0,0,0,0.000000,0,False,False
17,352,0,0,0,0,0,0,0,0,0,0,0,0,0.000000,0,False,False
17,353,90,0,0,0,2,0,0,0,0,0,5,0,0.000000,2,True,False
17,354,83,0,0,0,1,0,0,0,0,0,0,0,0.000000,2,True,False
17,355,18,0,0,0,1,0,0,0,0,0,0,0,0.000000,1,True,False
17,356,90,1,0,0,2,0,0,0,0,0,0,0,0.000000,6,True,False
17,357,0,0,0,0,0,0,0,0,0,0,0,0,0.000000,0,False,False
17,358,0,0,0,0,0,0,0,0,0,0,0,0,0.000000,0,False,False
17,359,28,0,0,0,1,0,0,0,0,0,0,0,0.000000,1,True,False
17,360,28,0,1,0,1,0,0,0,0,0,0,0,0.000000,4,True,False
17,361,0,0,0,0,0,0,0,0,0,0,0,0,0.000000,0,False,False
17,362,0,0,0,0,0,0,0,0,0,0,0,0,0.000000,0,False,False
17,363,90,0,0,0,2,0,0,0,0,0,0,0,0.000000,2,True,False
17,364,0,0,0,0,0,0,0,0,0,0,0,0,0.000000,0,False,False
17,365,45,0,0,0,4,0,0,0,0,0,0,0,0.000000,-1,True,False
17,366,90,0,0,0,5,0,0,0,0,0,0,0,0.000000,0,True,False
17,367,0,0,0,0,0,0,0,0,0,0,0,0,0.000000,0,False,False
17,368,0,0,0,0,0,0,0,0,0,0,0,0,0.000000,0,False,False
17,369,45,0,0,0,1,0,0,0,0,0,0,0,0.000000,1,True,False
17,370,0,0,0,0,0,0,0,0,0,0,0,0,0.000000,0,False,False
17,371,0,0,0,0,0,0,0,0,0,0,0,0,0.000000,0,False,False
17,372,90,1,0,0,5,0,0,0,0,0,0,0,0.000000,7,True,False
17,373,90,1,0,0,5,0,0,0,0,0,0,0,0.000000,7,True,False
17,374,0,0,0,0,0,0,0,0,0,0,0,0,0.000000,0,False,False
17,375,0,0,0,0,0,0,0,0,0,0,0,0,0.000000,0,False,False
17,376,0,0,0,0,0,0,0,0,0,0,0,0,0.000000,0,False,False
17,377,85,1,0,0,5,0,0,0,0,0,0,0,0.000000,6,True,False
17,378,0,0,0,0,0,0,0,0,0,0,0,0,0.000000,0,False,False
17,379,17,0,0,0,0,0,0,0,1,0,0,0,0.000000,0,True,False
17,380,45,0,0,0,1,0,0,0,0,0,0,0,0.000000,1,True,False
17,381,90,0,3,0,5,0,0,0,0,0,0,0,0.000000,11,True,True
17,382,90,2,1,0,5,0,0,0,0,0,0,2,0.000000,15,True,True
17,383,90,0,0,0,5,0,0,0,0,0,3,0,0.000000,1,True,False
17,384,0,0,0,0,0,0,0,0,0,0,0,0,0.000000,0,False,False
17,385,72,0,0,0,5,0,0,0,0,0,0,0,0.000000,0,True,False
17,386,90,0,1,0,5,0,0,0,0,0,0,0,0.000000,3,True,False
17,387,17,0,0,0,0,0,0,0,0,0,0,0,0.000000,1,True,False
17,388,72,1,0,0,5,0,0,1,0,0,0,0,0.000000,5,True,False
17,389,0,0,0,0,0,0,0,0,0,0,0,0,0.000000,0,False,False
17,390,0,0,0,0,0,0,0,0,0,0,0,0,0.000000,0,False,False
17,391,45,0,0,0,4,0,0,0,0,0,0,0,0.000000,1,True,False
17,392,0,0,0,0,0,0,0,0,0,0,0,0,0.000000,0,False,False
17,393,0,0,0,0,0,0,0,0,0,0,0,0,0.000000,0,False,False
17,394,90,0,0,0,5,0,0,0,0,0,0,0,0.000000,0,True,False
17,395,73,0,0,0,4,0,0,0,0,0,0,0,0.000000,0,True,False
17,396,90,0,0,0,5,0,0,0,0,0,0,0,0.000000,0,True,False
17,397,0,0,0,0,0,0,0,0,0,0,0,0,0.000000,0,False,False
17,398,0,0,0,0,0,0,0,0,0,0,0,0,0.000000,0,False,False
17,399,0,0,0,0,0,0,0,0,0,0,0,0,0.000000,0,False,False
17,400,16,0,0,0,1,0,0,0,0,0,0,0,0.000000,1,True,False
17,401,90,0,0,0,5,0,0,0,0,0,0,0,0.000000,2,True,False
17,402,3,0,0,0,0,0,0,0,0,0,0,0,0.000000,1,True,False
17,403,0,0,0,0,0,0,0,0,0,0,0,0,0.000000,0,False,False
17,404,0,0,0,0,0,0,0,0,0,0,0,0,0.000000,0,False,False
17,405,90,2,0,0,5,0,0,0,0,0,0,3,0.000000,15,True,True
17,406,0,0,0,0,0,0,0,0,0,0,0,0,0.000000,0,False,False
17,407,16,0,0,0,1,0,0,0,0,0,0,0,0.000000,1,True,False
17,408,45,0,0,0,3,0,0,0,0,0,0,0,0.000000,0,True,False
17,409,45,1,0,0,2,0,0,0,0,0,0,0,0.000000,6,True,False
17,410,90,0,3,0,5,0,0,0,0,0,0,1,0.000000,12,True,True
17,411,1,0,0,0,0,0,0,0,0,0,0,0,0.000000,1,True,False
17,412,0,0,0,0,0,0,0,0,0,0,0,0,0.000000,0,False,False
17,413,0,0,0,0,0,0,0,0,0,0,0,0,0.000000,0,False,False
17,414,30,0,0,0,3,0,0,0,0,0,0,0,0.000000,1,True,False
17,415,0,0,0,0,0,0,0,0,0,0,0,0,0.000000,0,False,False
17,416,0,0,0,0,0,0,0,0,0,0,0,0,0.000000,0,False,False
17,417,67,0,0,0,1,0,0,0,0,0,0,0,0.000000,2,True,False
17,418,0,0,0,0,0,0,0,0,0,0,0,0,0.000000,0,False,False
17,419,59,1,1,0,2,0,0,0,0,0,0,0,0.000000,8,True,False
17,420,0,0,0,0,0,0,0,0,0,0,0,0,0.000000,0,False,False
17,421,73,0,1,0,1,0,0,0,1,0,0,0,0.000000,4,True,False
17,422,37,1,0,0,0,0,0,0,0,0,0,0,0.000000,6,True,False
17,423,0,0,0,0,0,0,0,0,0,0,0,0,0.000000,0,False,False
17,424,0,0,0,0,0,0,0,0,0,0,0,0,0.000000,0,False,False
17,425,16,1,0,0,1,0,0,0,0,0,0,0,0.000000,6,True,False
17,426,0,0,0,0,0,0,0,0,0,0,0,0,0.000000,0,False,False
17,427,0,0,0,0,0,0,0,0,0,0,0,0,0.000000,0,False,False
17,428,0,0,0,0,0,0,0,0,0,0,0,0,0.000000,0,False,False
17,429,0,0,0,0,0,0,0,0,0,0,0,0,0.000000,0,False,False
17,430,0,0,0,0,0,0,0,0,0,0,0,0,0.000000,0,False,False
17,431,0,0,0,0,0,0,0,0,0,0,0,0,0.000000,0,False,False
17,432,0,0,0,0,0,0,0,0,0,0,0,0,0.000000,0,False,False
17,433,45,0,0,0,0,0,0,0,0,0,0,0,0.000000,1,True,False
17,434,0,0,0,0,0,0,0,0,0,0,0,0,0.000000,0,False,False
17,435,0,0,0,0,0,0,0,0,0,0,0,0,0.000000,0,False,False
17,436,0,0,0,0,0,0,0,0,0,0,0,0,0.000000,0,False,False
17,437,0,0,0,0,0,0,0,0,0,0,0,0,0.000000,0,False,False
17,438,0,0,0,0,0,0,0,0,0,0,0,0,0.000000,0,False,False
17,439,0,0,0,0,0,0,0,0,0,0,0,0,0.000000,0,False,False
17,440,90,0,0,0,3,0,0,0,0,0,0,0,0.000000,2,True,False
17,441,0,0,0,0,0,0,0,0,0,0,0,0,0.000000,0,False,False
17,442,0,0,0,0,0,0,0,0,0,0,0,0,0.000000,0,False,False
17,443,0,0,0,0,0,0,0,0,0,0,0,0,0.000000,0,False,False
17,444,0,0,0,0,0,0,0,0,0,0,0,0,0.000000,0,False,False
17,445,0,0,0,0,0,0,0,0,0,0,0,0,0.000000,0,False,False
17,446,0,0,0,0,0,0,0,0,0,0,0,0,0.000000,0,False,False
17,447,0,0,0,0,0,0,0,0,0,0,0,0,0.000000,0,False,False
17,448,0,0,0,0,0,0,0,0,0,0,0,0,0.000000,0,False,False
17,449,0,0,0,0,0,0,0,0,0,0,0,0,0.000000,0,False,False
17,450,68,0,0,0,2,0,0,0,0,0,0,0,0.000000,1,True,False
17,451,55,0,0,0,0,0,0,0,0,0,0,0,0.000000,1,True,False
17,452,90,0,0,0,2,0,0,0,0,0,0,0,0.000000,1,True,False
17,453,3,0,0,0,0,0,0,0,0,0,0,0,0.000000,1,True,False
17,454,90,0,0,0,5,0,1,0,0,0,4,0,0.000000,6,True,True
17,455,45,1,0,0,2,0,0,0,0,0,0,0,0.000000,5,True,False
17,456,6,0,0,0,1,0,0,0,0,0,0,0,0.000000,1,True,False
17,457,0,0,0,0,0,0,0,0,0,0,0,0,0.000000,0,False,False
17,458,73,0,0,0,1,0,0,0,1,0,0,0,0.000000,1,True,False
17,459,0,0,0,0,0,0,0,0,0,0,0,0,0.000000,0,False,False
17,460,90,0,0,0,2,0,0,0,0,0,0,1,0.000000,3,True,False
17,461,0,0,0,0,0,0,0,0,0,0,0,0,0.000000,0,False,False
17,462,0,0,0,0,0,0,0,0,0,0,0,0,0.000000,0,False,False
17,463,0,0,0,0,0,0,0,0,0,0,0,0,0.000000,0,False,False
17,464,0,0,0,0,0,0,0,0,0,0,0,0,0.000000,0,False,False
17,465,0,0,0,0,0,0,0,0,0,0,0,0,0.000000,0,False,False
17,466,0,0,0,0,0,0,0,0,0,0,0,0,0.000000,0,False,False
17,467,0,0,0,0,0,0,0,0,0,0,0,0,0.000000,0,False,False
17,468,34,0,0,0,0,0,0,0,0,0,0,0,0.000000,1,True,False
17,469,3,0,0,0,1,0,0,0,0,0,0,0,0.000000,1,True,False
17,470,0,0,0,0,0,0,0,0,0,0,0,0,0.000000,0,False,False
17,471,0,0,0,0,0,0,0,0,0,0,0,0,0.000000,0,False,False
17,472,0,0,0,0,0,0,0,0,0,0,0,0,0.000000,0,False,False
17,473,0,0,0,0,0,0,0,0,0,0,0,0,0.000000,0,False,False
17,474,0,0,0,0,0,0,0,0,0,0,0,0,0.000000,0,False,False
17,475,0,0,0,0,0,0,0,0,0,0,0,0,0.000000,0,False,False
17,476,90,0,0,0,1,0,0,0,0,0,0,0,0.000000,2,True,False
17,477,0,0,0,0,0,0,0,0,0,0,0,0,0.000000,0,False,False
17,478,0,0,0,0,0,0,0,0,0,0,0,0,0.000000,0,False,False
17,479,11,0,1,0,0,0,0,0,0,0,0,0,0.000000,4,True,False
17,480,0,0,0,0,0,0,0,0,0,0,0,0,0.000000,0,False,False
17,481,0,0,0,0,0,0,0,0,0,0,0,0,0.000000,0,False,False
17,482,0,0,0,0,0,0,0,0,0,0,0,0,0.000000,0,False,False
17,483,0,0,0,0,0,0,0,0,0,0,0,0,0.000000,0,False,False
17,484,0,0,0,0,0,0,0,0,0,0,0,0,0.000000,0,False,False
17,485,0,0,0,0,0,0,0,0,0,0,0,0,0.000000,0,False,False
17,486,0,0,0,0,0,0,0,0,0,0,0,0,0.000000,0,False,False
17,487,77,1,1,0,1,0,0,0,0,0,0,3,0.000000,12,True,True
17,488,22,0,0,0,2,0,0,0,0,0,0,0,0.000000,1,True,False
17,489,90,0,0,0,1,0,0,0,1,0,0,0,0.000000,1,True,False
17,490,90,0,0,0,1,0,0,0,0,0,0,0,0.000000,2,True,False
17,491,4,0,0,0,0,0,0,0,0,0,0,0,0.000000,1,True,False
17,492,0,0,0,0,0,0,0,0,0,0,0,0,0.000000,0,False,False
17,493,1,0,0,0,0,0,0,0,0,0,0,0,0.000000,1,True,False
17,494,0,0,0,0,0,0,0,0,0,0,0,0,0.000000,0,False,False
17,495,0,0,0,0,0,0,0,0,0,0,0,0,0.000000,0,False,False
17,496,0,0,0,0,0,0,0,0,0,0,0,0,0.000000,0,False,False
17,497,0,0,0,0,0,0,0,0,0,0,0,0,0.000000,0,False,False
17,498,84,0,0,0,2,0,0,0,0,0,0,0,0.000000,1,True,False
17,499,27,0,0,0,0,0,0,0,0,0,0,0,0.000000,1,True,False
18,1,79,2,1,0,1,0,0,0,0,0,0,0,0.000000,17,True,True
18,2,90,0,1,0,2,0,0,0,0,0,0,0,0.000000,4,True,False
18,3,0,0,0,0,0,0,0,0,0,0,0,0,0.000000,0,False,False
18,4,90,0,1,0,2,0,0,0,0,0,0,0,0.000000,4,True,False
18,5,90,0,0,0,2,0,0,0,0,0,0,0,0.000000,1,True,False
18,6,0,0,0,0,0,0,0,0,0,0,0,0,0.000000,0,False,False
18,7,90,2,0,0,2,0,0,0,0,0,0,3,0.000000,13,True,True
18,8,0,0,0,0,0,0,0,0,0,0,0,0,0.000000,0,False,False
18,9,0,0,0,0,0,0,0,0,0,0,0,0,0.000000,0,False,False
18,10,90,0,0,0,2,0,0,0,0,0,1,0,0.000000,1,True,False
18,11,0,0,0,0,0,0,0,0,0,0,0,0,0.000000,0,False,False
18,12,79,0,1,0,1,0,0,0,0,0,0,0,0.000000,5,True,False
18,13,44,0,0,0,2,0,0,0,0,0,0,0,0.000000,1,True,False
18,14,90,0,0,0,2,0,0,0,0,0,0,1,0.000000,3,True,False
18,15,18,0,0,0,1,0,0,0,1,0,0,0,0.000000,0,True,False
18,16,87,0,0,0,2,0,0,0,0,0,0,0,0.000000,2,True,False
18,17,0,0,0,0,0,0,0,0,0,0,0,0,0.000000,0,False,False
18,18,71,0,0,0,1,0,0,0,0,0,0,0,0.000000,2,True,False
18,19,10,0,0,0,1,0,0,0,0,0,0,0,0.000000,1,True,False
18,20,2,0,0,0,0,0,0,0,0,0,0,0,0.000000,1,True,False
18,21,0,0,0,0,0,0,0,0,0,0,0,0,0.000000,0,False,False
18,22,0,0,0,0,0,0,0,0,0,0,0,0,0.000000,0,False,False
18,23,0,0,0,0,0,0,0,0,0,0,0,0,0.000000,0,False,False
18,24,0,0,0,0,0,0,0,0,0,0,0,0,0.000000,0,False,False
18,25,0,0,0,0,0,0,0,0,0,0,0,0,0.000000,0,False,False
18,26,7,0,0,0,0,0,0,0,0,0,0,0,0.000000,1,True,False
18,27,0,0,0,0,0,0,0,0,0,0,0,0,0.000000,0,False,False
18,28,90,0,0,1,0,0,0,0,0,0,0,0,0.000000,6,True,False
18,29,90,0,0,1,0,0,0,0,0,0,0,2,0.000000,8,True,False
18,30,0,0,0,0,0,0,0,0,0,0,0,0,0.000000,0,False,False
18,31,5,0,0,0,0,0,0,0,0,0,0,0,0.000000,1,True,False
18,32,90,0,0,1,0,0,0,0,0,0,5,0,0.000000,7,True,False
18,33,0,0,0,0,0,0,0,0,0,0,0,0,0.000000,0,False,False
18,34,0,0,0,0,0,0,0,0,0,0,0,0,0.000000,0,False,False
18,35,90,0,0,1,0,0,0,0,1,0,0,0,0.000000,2,True,False
18,36,0,0,0,0,0,0,0,0,0,0,0,0,0.000000,0,False,False
18,37,0,0,0,0,0,0,0,0,0,0,0,0,0.000000,0,False,False
18,38,29,0,0,0,0,0,0,0,0,0,0,0,0.000000,1,True,False
18,39,60,0,0,1,0,0,0,0,1,0,0,0,0.000000,2,True,False
18,40,0,0,0,0,0,0,0,0,0,0,0,0,0.000000,0,False,False
18,41,0,0,0,0,0,0,0,0,0,0,0,0,0.000000,0,False,False
18,42,0,0,0,0,0,0,0,0,0,0,0,0,0.000000,0,False,False
18,43,65,0,0,1,0,0,0,0,0,0,0,0,0.000000,3,True,False
18,44,0,0,0,0,0,0,0,0,0,0,0,0,0.000000,0,False,False
18,45,84,0,0,1,0,0,0,0,0,0,0,0,0.000000,2,True,False
18,46,90,0,0,1,0,0,0,0,0,0,0,0,0.000000,3,True,False
18,47,0,0,0,0,0,0,0,0,0,0,0,0,0.000000,0,False,False
18,48,90,0,0,1,0,0,0,0,0,0,0,0,0.000000,6,True,False
18,49,0,0,0,0,0,0,0,0,0,0,0,0,0.000000,0,False,False
18,50,0,0,0,0,0,0,0,0,0,0,0,0,0.000000,0,False,False
18,51,0,0,0,0,0,0,0,0,0,0,0,0,0.000000,0,False,False
18,52,0,0,0,0,0,0,0,0,0,0,0,0,0.000000,0,False,False
18,53,0,0,0,0,0,0,0,0,0,0,0,0,0.000000,0,False,False
18,54,90,0,0,0,1,0,0,0,0,0,3,0,0.000000,3,True,False
18,55,90,0,0,0,1,0,0,0,0,0,0,0,0.000000,2,True,False
18,56,0,0,0,0,0,0,0,0,0,0,0,0,0.000000,0,False,False
18,57,0,0,0,0,0,0,0,0,0,0,0,0,0.000000,0,False,False
18,58,24,0,0,0,0,0,0,0,0,0,0,0,0.000000,1,True,False
18,59,90,0,2,0,1,0,0,0,0,0,0,2,0.000000,10,True,True
18,60,0,0,0,0,0,0,0,0,0,0,0,0,0.000000,0,False,False
18,61,0,0,0,0,0,0,0,0,0,0,0,0,0.000000,0,False,False
18,62,90,2,0,0,1,0,0,0,1,0,0,3,0.000000,14,True,True
18,63,0,0,0,0,0,0,0,0,0,0,0,0,0.000000,0,False,False
18,64,0,0,0,0,0,0,0,0,0,0,0,0,0.000000,0,False,False
18,65,58,0,1,0,1,0,0,0,0,0,0,0,0.000000,4,True,False
18,66,7,0,0,0,0,0,0,0,0,0,0,0,0.000000,1,True,False
18,67,0,0,0,0,0,0,0,0,0,0,0,0,0.000000,0,False,False
18,68,0,0,0,0,0,0,0,0,0,0,0,0,0.000000,0,False,False
18,69,0,0,0,0,0,0,0,0,0,0,0,0,0.000000,0,False,False
18,70,65,1,0,0,1,0,0,0,0,0,0,0,0.000000,8,True,False
18,71,31,0,0,0,0,0,0,0,0,0,0,0,0.000000,1,True,False
18,72,58,0,0,0,1,0,0,0,0,0,0,0,0.000000,1,True,False
18,73,22,0,0,0,0,0,0,0,0,0,0,0,0.000000,1,True,False
18,74,90,0,0,0,1,0,0,0,0,0,0,0,0.000000,2,True,False
18,75,58,0,0,0,1,0,0,0,0,0,0,0,0.000000,1,True,False
18,76,0,0,0,0,0,0,0,0,0,0,0,0,0.000000,0,False,False
18,77,90,1,0,0,1,0,0,0,0,0,0,0,0.000000,7,True,False
18,78,0,0,0,0,0,0,0,0,0,0,0,0,0.000000,0,False,False
18,79,0,0,0,0,0,0,0,0,0,0,0,0,0.000000,0,False,False
18,80,68,0,0,0,2,0,0,0,0,0,0,0,0.000000,1,True,False
18,81,90,0,0,0,2,0,0,0,1,0,0,0,0.000000,1,True,False
18,82,10,0,0,0,0,0,0,0,0,0,0,0,0.000000,1,True,False
18,83,0,0,0,0,0,0,0,0,0,0,0,0,0.000000,0,False,False
18,84,79,0,0,0,2,0,0,0,0,0,0,1,0.000000,2,True,False
18,85,90,0,0,0,2,0,0,0,0,0,0,0,0.000000,1,True,False
18,86,61,0,0,0,2,0,0,0,0,0,0,0,0.000000,2,True,False
18,87,0,0,0,0,0,0,0,0,0,0,0,0,0.000000,0,False,False
18,88,90,0,0,0,2,0,0,0,0,0,3,0,0.000000,2,True,False
18,89,0,0,0,0,0,0,0,0,0,0,0,0,0.000000,0,False,False
18,90,70,0,1,0,2,0,0,0,0,0,0,0,0.000000,5,True,False
18,91,0,0,0,0,0,0,0,0,0,0,0,0,0.000000,0,False,False
18,92,19,0,0,0,0,0,0,0,0,0,0,0,0.000000,1,True,False
18,93,0,0,0,0,0,0,0,0,0,0,0,0,0.000000,0,False,False
18,94,0,0,0,0,0,0,0,0,0,0,0,0,0.000000,0,False,False
18,95,0,0,0,0,0,0,0,0,0,0,0,0,0.000000,0,False,False
18,96,0,0,0,0,0,0,0,0,0,0,0,0,0.000000,0,False,False
18,97,90,0,0,0,2,0,0,0,0,0,0,0,0.000000,1,True,False
18,98,0,0,0,0,0,0,0,0,0,0,0,0,0.000000,0,False,False
18,99,0,0,0,0,0,0,0,0,0,0,0,0,0.000000,0,False,False
18,100,21,0,0,0,0,0,0,0,0,0,0,0,0.000000,1,True,False
18,101,0,0,0,0,0,0,0,0,0,0,0,0,0.000000,0,False,False
18,102,0,0,0,0,0,0,0,0,0,0,0,0,0.000000,0,False,False
18,103,0,0,0,0,0,0,0,0,0,0,0,0,0.000000,0,False,False
18,104,0,0,0,0,0,0,0,0,0,0,0,0,0.000000,0,False,False
18,105,0,0,0,0,0,0,0,0,0,0,0,0,0.000000,0,False,False
18,106,45,0,1,0,2,0,0,0,0,0,0,0,0.000000,3,True,False
18,107,0,0,0,0,0,0,0,0,0,0,0,0,0.000000,0,False,False
18,108,0,0,0,0,0,0,0,0,0,0,0,0,0.000000,0,False,False
18,109,44,0,0,0,2,0,0,0,0,0,0,0,0.000000,0,True,False
18,110,18,0,0,0,2,0,0,0,0,0,0,0,0.000000,1,True,False
18,111,61,0,0,0,2,0,0,0,0,0,0,0,0.000000,1,True,False
18,112,90,0,0,0,4,0,0,0,0,0,0,0,0.000000,0,True,False
18,113,0,0,0,0,0,0,0,0,0,0,0,0,0.000000,0,False,False
18,114,0,0,0,0,0,0,0,0,0,0,0,0,0.000000,0,False,False
18,115,0,0,0,0,0,0,0,0,0,0,0,0,0.000000,0,False,False
18,116,0,0,0,0,0,0,0,0,0,0,0,0,0.000000,0,False,False
18,117,0,0,0,0,0,0,0,0,0,0,0,0,0.000000,0,False,False
18,118,28,0,0,0,2,0,0,0,0,0,0,0,0.000000,1,True,False
18,119,0,0,0,0,0,0,0,0,0,0,0,0,0.000000,0,False,False
18,120,0,0,0,0,0,0,0,0,0,0,0,0,0.000000,0,False,False
18,121,0,0,0,0,0,0,0,0,0,0,0,0,0.000000,0,False,False
18,122,90,0,0,0,4,0,0,0,0,1,0,0,0.000000,-3,True,False
18,123,90,1,0,0,4,0,0,0,1,0,0,2,0.000000,8,True,False
18,124,0,0,0,0,0,0,0,0,0,0,0,0,0.000000,0,False,False
18,125,0,0,0,0,0,0,0,0,0,0,0,0,0.000000,0,False,False
18,126,0,0,0,0,0,0,0,0,0,0,0,0,0.000000,0,False,False
18,127,28,0,0,0,2,0,0,0,0,0,0,0,0.000000,0,True,False
18,128,90,0,0,0,4,0,0,0,0,0,0,0,0.000000,2,True,False
18,129,90,0,0,0,4,0,0,0,0,0,0,0,0.000000,2,True,False
18,130,0,0,0,0,0,0,0,0,0,0,0,0,0.000000,0,False,False
18,131,0,0,0,0,0,0,0,0,0,0,0,0,0.000000,0,False,False
18,132,0,0,0,0,0,0,0,0,0,0,0,0,0.000000,0,False,False
18,133,0,0,0,0,0,0,0,0,0,0,0,0,0.000000,0,False,False
18,134,26,0,0,0,0,0,0,0,0,0,0,0,0.000000,1,True,False
18,135,81,0,0,0,2,0,0,0,1,0,0,0,0.000000,1,True,False
18,136,10,0,0,0,0,0,0,0,0,0,0,0,0.000000,1,True,False
18,137,0,0,0,0,0,0,0,0,0,0,0,0,0.000000,0,False,False
18,138,0,0,0,0,0,0,0,0,0,0,0,0,0.000000,0,False,False
18,139,90,0,0,0,2,0,0,0,0,0,0,0,0.000000,1,True,False
18,140,0,0,0,0,0,0,0,0,0,0,0,0,0.000000,0,False,False
18,141,90,1,0,0,2,0,0,0,0,0,0,0,0.000000,6,True,False
18,142,0,0,0,0,0,0,0,0,0,0,0,0,0.000000,0,False,False
18,143,90,0,0,0,2,0,0,0,0,0,5,0,0.000000,2,True,False
18,144,0,0,0,0,0,0,0,0,0,0,0,0,0.000000,0,False,False
18,145,25,0,0,0,1,0,0,0,0,0,0,0,0.000000,1,True,False
18,146,0,0,0,0,0,0,0,0,0,0,0,0,0.000000,0,False,False
18,147,45,0,1,0,2,0,0,0,0,0,0,0,0.000000,4,True,False
18,148,0,0,0,0,0,0,0,0,0,0,0,0,0.000000,0,False,False
18,149,8,0,0,0,0,0,0,0,0,0,0,0,0.000000,1,True,False
18,150,0,0,0,0,0,0,0,0,0,0,0,0,0.000000,0,False,False
18,151,0,0,0,0,0,0,0,0,0,0,0,0,0.000000,0,False,False
18,152,0,0,0,0,0,0,0,0,0,0,0,0,0.000000,0,False,False
18,153,0,0,0,0,0,0,0,0,0,0,0,0,0.000000,0,False,False
18,154,90,0,0,0,2,0,0,0,0,0,0,0,0.000000,1,True,False
18,155,90,0,0,0,2,0,0,0,0,0,0,0,0.000000,2,True,False
18,156,45,0,0,0,0,0,0,0,0,0,0,0,0.000000,1,True,False
18,157,90,0,0,0,2,0,0,0,0,0,0,0,0.000000,2,True,False
18,158,0,0,0,0,0,0,0,0,0,0,0,0,0.000000,0,False,False
18,159,0,0,0,0,0,0,0,0,0,0,0,0,0.000000,0,False,False
18,160,90,0,0,0,4,0,0,0,0,0,5,0,0.000000,1,True,False
18,161,0,0,0,0,0,0,0,0,0,0,0,0,0.000000,0,False,False
18,162,90,0,0,0,4,0,0,0,0,0,0,0,0.000000,0,True,False
18,163,0,0,0,0,0,0,0,0,0,0,0,0,0.000000,0,False,False
18,164,90,0,0,0,4,0,0,0,0,0,0,0,0.000000,0,True,False
18,165,0,0,0,0,0,0,0,0,0,0,0,0,0.000000,0,False,False
18,166,0,0,0,0,0,0,0,0,0,0,0,0,0.000000,0,False,False
18,167,0,0,0,0,0,0,0,0,0,0,0,0,0.000000,0,False,False
18,168,45,0,0,0,2,0,0,0,1,0,0,0,0.000000,-1,True,False
18,169,90,1,0,0,2,0,0,0,0,0,0,2,0.000000,9,True,True
18,170,90,0,0,0,4,0,0,0,0,0,0,0,0.000000,2,True,False
18,171,0,0,0,0,0,0,0,0,0,0,0,0,0.000000,0,False,False
18,172,71,0,0,0,3,0,0,0,0,0,0,0,0.000000,2,True,False
18,173,0,0,0,0,0,0,0,0,0,0,0,0,0.000000,0,False,False
18,174,18,0,0,0,1,0,0,0,1,0,0,0,0.000000,0,True,False
18,175,0,0,0,0,0,0,0,0,0,0,0,0,0.000000,0,False,False
18,176,0,0,0,0,0,0,0,0,0,0,0,0,0.000000,0,False,False
18,177,0,0,0,0,0,0,0,0,0,0,0,0,0.000000,0,False,False
18,178,0,0,0,0,0,0,0,0,0,0,0,0,0.000000,0,False,False
18,179,90,0,0,0,4,0,0,0,0,0,0,1,0.000000,3,True,False
18,180,0,0,0,0,0,0,0,0,0,0,0,0,0.000000,0,False,False
18,181,0,0,0,0,0,0,0,0,0,0,0,0,0.000000,0,False,False
18,182,0,0,0,0,0,0,0,0,0,0,0,0,0.000000,0,False,False
18,183,26,0,0,0,2,0,0,0,0,0,0,0,0.000000,1,True,False
18,184,0,0,0,0,0,0,0,0,0,0,0,0,0.000000,0,False,False
18,185,90,0,1,0,4,0,0,0,0,0,0,0,0.000000,3,True,False
18,186,82,0,0,0,1,0,0,0,0,0,0,0,0.000000,2,True,False
18,187,0,0,0,0,0,0,0,0,0,0,0,0,0.000000,0,False,False
18,188,60,0,0,0,3,0,0,0,0,0,0,0,0.000000,1,True,False
18,189,0,0,0,0,0,0,0,0,0,0,0,0,0.000000,0,False,False
18,190,0,0,0,0,0,0,0,0,0,0,0,0,0.000000,0,False,False
18,191,63,1,0,0,2,0,0,0,0,0,0,0,0.000000,6,True,False
18,192,90,0,1,0,3,0,0,0,0,0,2,0,0.000000,4,True,False
18,193,90,0,1,0,3,0,0,0,1,0,0,0,0.000000,4,True,False
18,194,90,0,0,0,3,0,0,0,0,0,0,0,0.000000,2,True,False
18,195,90,0,0,1,0,0,0,0,0,0,0,0,0.000000,3,True,False
18,196,79,1,0,0,3,0,0,0,1,0,0,3,0.000000,9,True,True
18,197,28,1,0,0,2,0,0,0,0,0,0,0,0.000000,6,True,False
18,198,29,0,0,0,0,0,0,0,0,0,0,0,0.000000,1,True,False
18,199,90,0,1,0,3,0,0,0,0,0,0,0,0.000000,4,True,False
18,200,90,1,0,0,3,0,0,0,0,0,0,0,0.000000,7,True,False
18,201,90,0,0,0,3,0,0,0,0,0,0,0,0.000000,1,True,False
18,202,0,0,1,0,0,0,0,0,0,0,0,0,0.000000,3,False,False
18,203,0,0,0,0,0,0,0,0,0,0,0,0,0.000000,0,False,False
18,204,0,0,0,0,0,0,0,0,0,0,0,0,0.000000,0,False,False
18,205,0,0,0,0,0,0,0,0,0,0,0,0,0.000000,0,False,False
18,206,29,0,0,0,0,0,0,0,0,0,0,0,0.000000,1,True,False
18,207,67,1,0,0,2,0,0,0,1,0,0,0,0.000000,6,True,False
18,208,90,0,0,0,3,0,0,0,0,0,0,0,0.000000,1,True,False
18,209,0,0,0,0,0,0,0,0,0,0,0,0,0.000000,0,False,False
18,210,90,0,0,0,4,0,0,0,0,0,0,0,0.000000,0,True,False
18,211,0,0,0,0,0,0,0,0,0,0,0,0,0.000000,0,False,False
18,212,36,0,0,0,3,0,0,0,0,0,0,0,0.000000,0,True,False
18,213,90,0,0,0,4,0,0,0,0,0,0,0,0.000000,0,True,False
18,214,63,0,0,0,3,0,0,0,0,0,0,0,0.000000,1,True,False
18,215,0,0,0,0,0,0,0,0,0,0,0,0,0.000000,0,False,False
18,216,0,0,0,0,0,0,0,0,0,0,0,0,0.000000,0,False,False
18,217,0,0,0,0,0,0,0,0,0,0,0,0,0.000000,0,False,False
18,218,0,0,0,0,0,0,0,0,0,0,0,0,0.000000,0,False,False
18,219,0,0,0,0,0,0,0,0,0,0,0,0,0.000000,0,False,False
18,220,0,0,0,0,0,0,0,0,0,0,0,0,0.000000,0,False,False
18,221,90,1,1,0,4,0,0,0,0,0,0,2,0.000000,12,True,True
18,222,0,0,0,0,0,0,0,0,0,0,0,0,0.000000,0,False,False
18,223,36,0,0,0,3,0,0,0,0,0,0,0,0.000000,1,True,False
18,224,90,0,1,0,4,0,0,0,0,0,0,0,0.000000,5,True,False
18,225,0,0,0,0,0,0,0,0,0,0,0,0,0.000000,0,False,False
18,226,0,0,0,0,0,0,0,0,0,0,0,0,0.000000,0,False,False
18,227,0,0,0,0,0,0,0,0,0,0,0,0,0.000000,0,False,False
18,228,64,0,0,0,3,0,0,0,0,0,0,0,0.000000,1,True,False
18,229,53,0,0,0,1,0,0,0,1,0,0,0,0.000000,0,True,False
18,230,53,1,0,0,1,0,0,0,0,0,0,0,0.000000,6,True,False
18,231,0,0,0,0,0,0,0,0,0,0,0,0,0.000000,0,False,False
18,232,90,0,0,0,4,0,0,0,0,0,3,0,0.000000,1,True,False
18,233,0,0,0,0,0,0,0,0,0,0,0,0,0.000000,0,False,False
18,234,90,0,0,0,4,0,0,0,0,0,0,0,0.000000,0,True,False
18,235,0,0,0,0,0,0,0,0,0,0,0,0,0.000000,0,False,False
18,236,90,0,0,0,4,0,0,0,0,0,0,0,0.000000,2,True,False
18,237,90,0,0,0,4,0,0,0,0,0,0,0,0.000000,2,True,False
18,238,0,0,0,0,0,0,0,0,0,0,0,0,0.000000,0,False,False
18,239,0,0,0,0,0,0,0,0,0,0,0,0,0.000000,0,False,False
18,240,90,0,0,0,4,0,0,0,0,0,0,0,0.000000,0,True,False
18,241,0,0,0,0,0,0,0,0,0,0,0,0,0.000000,0,False,False
18,242,90,0,0,1,0,0,0,0,0,0,0,0,0.000000,6,True,False
18,243,0,0,0,0,0,0,0,0,0,0,0,0,0.000000,0,False,False
18,244,82,0,0,1,0,0,0,0,0,0,0,0,0.000000,6,True,False
18,245,0,0,0,0,0,0,0,0,0,0,0,0,0.000000,0,False,False
18,246,90,0,0,1,0,0,0,0,0,0,3,0,0.000000,7,True,False
18,247,74,0,0,1,0,0,0,0,0,0,0,0,0.000000,3,True,False
18,248,0,0,0,0,0,0,0,0,0,0,0,0,0.000000,0,False,False
18,249,15,0,0,0,0,0,0,0,0,0,0,0,0.000000,1,True,False
18,250,0,0,0,0,0,0,0,0,0,0,0,0,0.000000,0,False,False
18,251,74,0,0,1,0,0,0,0,0,0,0,1,0.000000,4,True,False
18,252,90,0,0,1,0,0,0,0,0,0,0,0,0.000000,3,True,False
18,253,15,0,0,0,0,0,0,0,0,0,0,0,0.000000,1,True,False
18,254,90,0,0,1,0,0,0,0,0,0,0,0,0.000000,3,True,False
18,255,90,0,0,1,0,0,0,0,0,0,0,0,0.000000,6,True,False
18,256,0,0,0,0,0,0,0,0,0,0,0,0,0.000000,0,False,False
18,257,0,0,0,0,0,0,0,0,0,0,0,0,0.000000,0,False,False
18,258,0,0,0,0,0,0,0,0,0,0,0,0,0.000000,0,False,False
18,259,90,0,0,1,0,0,0,0,1,0,0,0,0.000000,5,True,False
18,260,90,0,0,1,0,0,0,0,0,0,0,0,0.000000,3,True,False
18,261,90,0,0,0,4,0,0,0,0,0,3,0,0.000000,1,True,False
18,262,90,0,0,1,0,0,0,0,0,0,0,0,0.000000,3,True,False
18,263,84,0,0,1,0,0,0,0,0,0,0,0,0.000000,6,True,False
18,264,0,0,0,0,0,0,0,0,0,0,0,0,0.000000,0,False,False
18,265,0,0,0,0,0,0,0,0,0,0,0,0,0.000000,0,False,False
18,266,5,0,0,0,0,0,0,0,0,0,0,0,0.000000,1,True,False
18,267,0,0,0,0,0,0,0,0,0,0,0,0,0.000000,0,False,False
18,268,5,0,0,0,0,0,0,0,0,0,0,0,0.000000,1,True,False
18,269,0,0,0,0,0,0,0,0,0,0,0,0,0.000000,0,False,False
18,270,90,0,0,1,0,0,0,0,0,0,0,0,0.000000,2,True,False
18,271,0,0,0,0,0,0,0,0,0,0,0,0,0.000000,0,False,False
18,272,0,0,0,0,0,0,0,0,0,0,0,0,0.000000,0,False,False
18,273,90,0,0,1,0,0,0,0,0,0,8,3,0.000000,11,True,True
18,274,0,0,0,0,0,0,0,0,0,0,0,0,0.000000,0,False,False
18,275,0,0,0,0,0,0,0,0,0,0,0,0,0.000000,0,False,False
18,276,27,0,0,0,0,0,0,0,0,0,0,0,0.000000,1,True,False
18,277,0,0,0,0,0,0,0,0,0,0,0,0,0.000000,0,False,False
18,278,77,0,0,1,0,0,0,0,0,0,0,0,0.000000,3,True,False
18,279,0,0,0,0,0,0,0,0,0,0,0,0,0.000000,0,False,False
18,280,0,0,0,0,0,0,0,0,0,0,0,0,0.000000,0,False,False
18,281,12,0,0,0,0,0,0,0,0,0,0,0,0.000000,1,True,False
18,282,62,0,0,1,0,0,0,0,0,0,0,0,0.000000,3,True,False
18,283,90,0,0,1,0,0,0,0,0,0,0,0,0.000000,6,True,False
18,284,0,0,0,0,0,0,0,0,0,0,0,0,0.000000,0,False,False
18,285,84,0,0,1,0,0,0,0,1,0,0,0,0.000000,5,True,False
18,286,0,0,0,0,0,0,0,0,0,0,0,0,0.000000,0,False,False
18,287,0,0,0,0,0,0,0,0,0,0,0,0,0.000000,0,False,False
18,288,0,0,0,0,0,0,0,0,0,0,0,0,0.000000,0,False,False
18,289,0,0,0,0,0,0,0,0,0,0,0,0,0.000000,0,False,False
18,290,0,0,0,0,0,0,0,0,0,0,0,0,0.000000,0,False,False
18,291,0,0,0,0,0,0,0,0,0,0,0,0,0.000000,0,False,False
18,292,0,0,0,0,0,0,0,0,0,0,0,0,0.000000,0,False,False
18,293,90,1,0,0,1,0,0,0,1,0,0,0,0.000000,7,True,False
18,294,0,0,0,0,0,0,0,0,0,0,0,0,0.000000,0,False,False
18,295,0,0,0,0,0,0,0,0,0,0,0,0,0.000000,0,False,False
18,296,0,0,0,0,0,0,0,0,0,0,0,0,0.000000,0,False,False
18,297,0,0,0,0,0,0,0,0,0,0,0,0,0.000000,0,False,False
18,298,23,0,0,0,0,0,0,0,0,0,0,0,0.000000,1,True,False
18,299,83,0,0,0,1,0,0,0,0,0,0,0,0.000000,2,True,False
18,300,0,0,0,0,0,0,0,0,0,0,0,0,0.000000,0,False,False
18,301,29,0,0,0,0,0,0,0,0,0,0,0,0.000000,1,True,False
18,302,0,0,0,0,0,0,0,0,0,0,0,0,0.000000,0,False,False
18,303,0,0,0,0,0,0,0,0,0,0,0,0,0.000000,0,False,False
18,304,90,0,1,0,1,0,0,0,0,0,0,0,0.000000,5,True,False
18,305,0,0,0,0,0,0,0,0,0,0,0,0,0.000000,0,False,False
18,306,90,1,0,0,1,0,0,0,1,0,0,0,0.000000,7,True,False
18,307,6,0,0,0,0,0,0,0,0,0,0,0,0.000000,1,True,False
18,308,83,0,0,0,1,0,0,0,0,0,0,0,0.000000,2,True,False
18,309,0,0,0,0,0,0,0,0,0,0,0,0,0.000000,0,False,False
18,310,0,0,0,0,0,0,0,0,0,0,0,0,0.000000,0,False,False
18,311,0,0,0,0,0,0,0,0,0,0,0,0,0.000000,0,False,False
18,312,90,0,2,0,1,0,0,0,1,0,0,3,0.000000,10,True,True
18,313,60,0,0,0,1,0,0,0,0,0,0,0,0.000000,2,True,False
18,314,29,1,0,0,0,0,0,0,0,0,0,0,0.000000,5,True,False
18,315,66,1,0,0,1,0,0,0,1,0,0,1,0.000000,8,True,True
18,316,90,0,0,0,1,0,0,0,0,0,0,0,0.000000,2,True,False
18,317,81,0,0,1,0,0,0,0,0,0,0,0,0.000000,6,True,False
18,318,29,0,0,0,0,0,0,0,0,0,0,0,0.000000,1,True,False
18,319,0,0,0,0,0,0,0,0,0,0,0,0,0.000000,0,False,False
18,320,0,0,0,0,0,0,0,0,0,0,0,0,0.000000,0,False,False
18,321,90,0,0,1,0,0,0,0,0,0,0,0,0.000000,6,True,False
18,322,90,0,0,1,0,0,0,0,0,0,2,0,0.000000,6,True,False
18,323,90,0,0,1,0,0,0,0,0,0,0,0,0.000000,3,True,False
18,324,0,0,0,0,0,0,0,0,0,0,0,0,0.000000,0,False,False
18,325,90,0,0,1,0,0,0,0,0,0,0,0,0.000000,3,True,False
18,326,0,0,0,0,0,0,0,0,0,0,0,0,0.000000,0,False,False
18,327,0,0,0,0,0,0,0,0,0,0,0,0,0.000000,0,False,False
18,328,0,0,0,0,0,0,0,0,0,0,0,0,0.000000,0,False,False
18,329,0,0,0,0,0,0,0,0,0,0,0,0,0.000000,0,False,False
18,330,90,0,0,1,0,0,0,0,0,0,0,2,0.000000,8,True,False
18,331,90,0,0,1,0,0,0,0,0,0,0,0,0.000000,3,True,False
18,332,0,0,0,0,0,0,0,0,0,0,0,0,0.000000,0,False,False
18,333,0,0,0,0,0,0,0,0,0,0,0,0,0.000000,0,False,False
18,334,1,0,0,0,0,0,0,0,0,0,0,0,0.000000,1,True,False
18,335,90,0,0,1,0,0,0,0,0,0,0,1,0.000000,4,True,False
18,336,75,0,0,1,0,0,0,0,1,0,0,0,0.000000,2,True,False
18,337,0,0,0,0,0,0,0,0,0,0,0,0,0.000000,0,False,False
18,338,0,0,0,0,0,0,0,0,0,0,0,0,0.000000,0,False,False
18,339,0,0,0,0,0,0,0,0,0,0,0,0,0.000000,0,False,False
18,340,0,0,0,0,0,0,0,0,0,0,0,0,0.000000,0,False,False
18,341,0,0,0,0,0,0,0,0,0,0,0,0,0.000000,0,False,False
18,342,0,0,0,0,0,0,0,0,0,0,0,0,0.000000,0,False,False
18,343,0,0,0,0,0,0,0,0,0,0,0,0,0.000000,0,False,False
18,344,0,0,0,0,0,0,0,0,0,0,0,0,0.000000,0,False,False
18,345,70,0,0,0,1,0,0,0,0,0,0,0,0.000000,2,True,False
18,346,7,0,0,0,0,0,0,0,0,0,0,0,0.000000,1,True,False
18,347,82,0,0,0,1,0,0,0,0,0,0,0,0.000000,2,True,False
18,348,90,0,0,0,1,0,0,0,0,0,0,0,0.000000,2,True,False
18,349,82,0,0,0,1,0,0,0,0,0,0,0,0.000000,2,True,False
18,350,7,0,0,0,0,0,0,0,0,0,0,0,0.000000,1,True,False
18,351,0,0,0,0,0,0,0,0,0,0,0,0,0.000000,0,False,False
18,352,90,0,0,0,1,0,0,0,0,0,3,0,0.000000,3,True,False
18,353,0,0,0,0,0,0,0,0,0,0,0,0,0.000000,0,False,False
18,354,0,0,0,0,0,0,0,0,0,0,0,0,0.000000,0,False,False
18,355,60,0,0,0,1,0,0,0,0,0,0,0,0.000000,2,True,False
18,356,90,0,1,0,1,0,0,0,0,0,0,1,0.000000,6,True,False
18,357,19,0,0,0,0,0,0,0,0,0,0,0,0.000000,1,True,False
18,358,0,0,0,0,0,0,0,0,0,0,0,0,0.000000,0,False,False
18,359,29,2,0,0,0,0,0,0,0,0,0,3,0.000000,14,True,True
18,360,90,0,1,0,1,0,0,0,0,0,0,0,0.000000,5,True,False
18,361,0,0,0,0,0,0,0,0,0,0,0,0,0.000000,0,False,False
18,362,0,0,0,0,0,0,0,0,0,0,0,0,0.000000,0,False,False
18,363,90,0,0,0,1,0,0,0,1,0,0,0,0.000000,1,True,False
18,364,0,0,0,0,0,0,0,0,0,0,0,0,0.000000,0,False,False
18,365,0,0,0,0,0,0,0,0,0,0,0,0,0.000000,0,False,False
18,366,90,0,0,0,4,0,0,0,1,0,0,0,0.000000,-1,True,False
18,367,0,0,0,0,0,0,0,0,0,0,0,0,0.000000,0,False,False
18,368,0,0,0,0,0,0,0,0,0,0,0,0,0.000000,0,False,False
18,369,76,0,0,0,4,0,0,0,0,0,0,0,0.000000,2,True,False
18,370,0,0,0,0,0,0,0,0,0,0,0,0,0.000000,0,False,False
18,371,90,0,1,0,4,0,0,0,0,0,0,0,0.000000,5,True,False
18,372,90,0,0,0,2,0,0,0,0,0,0,0,0.000000,2,True,False
18,373,87,1,0,0,4,0,0,0,0,0,0,1,0.000000,8,True,False
18,374,0,0,0,0,0,0,0,0,0,0,0,0,0.000000,0,False,False
18,375,0,0,0,0,0,0,0,0,0,0,0,0,0.000000,0,False,False
18,376,0,0,0,0,0,0,0,0,0,0,0,0,0.000000,0,False,False
18,377,35,0,0,0,0,0,0,0,0,0,0,0,0.000000,1,True,False
18,378,0,0,0,0,0,0,0,0,0,0,0,0,0.000000,0,False,False
18,379,14,0,0,0,0,0,0,0,0,0,0,0,0.000000,1,True,False
18,380,90,0,0,0,4,0,0,0,0,0,0,0,0.000000,0,True,False
18,381,0,0,0,0,0,0,0,0,0,0,0,0,0.000000,0,False,False
18,382,90,1,0,0,4,0,0,0,1,0,0,0,0.000000,5,True,False
18,383,90,0,0,0,4,0,0,0,0,0,5,0,0.000000,1,True,False
18,384,0,0,0,0,0,0,0,0,0,0,0,0,0.000000,0,False,False
18,385,75,0,0,0,4,0,0,0,1,0,0,0,0.000000,-1,True,False
18,386,90,0,1,0,4,0,0,0,0,0,0,0,0.000000,3,True,False
18,387,13,0,0,0,0,0,0,0,0,0,0,0,0.000000,1,True,False
18,388,76,1,0,0,4,0,0,0,0,0,0,0,0.000000,7,True,False
18,389,0,0,0,0,0,0,0,0,0,0,0,0,0.000000,0,False,False
18,390,0,0,0,0,0,0,0,0,0,0,0,0,0.000000,0,False,False
18,391,54,0,1,0,4,0,0,0,0,0,0,0,0.000000,4,True,False
18,392,0,0,0,0,0,0,0,0,0,0,0,0,0.000000,0,False,False
18,393,0,0,0,0,0,0,0,0,0,0,0,0,0.000000,0,False,False
18,394,0,0,0,0,0,0,0,0,0,0,0,0,0.000000,0,False,False
18,395,90,0,0,0,2,0,0,0,1,0,0,0,0.000000,0,True,False
18,396,0,0,0,0,0,0,0,0,0,0,0,0,0.000000,0,False,False
18,397,0,0,0,0,0,0,0,0,0,0,0,0,0.000000,0,False,False
18,398,0,0,0,0,0,0,0,0,0,0,0,0,0.000000,0,False,False
18,399,0,0,0,0,0,0,0,0,0,0,0,0,0.000000,0,False,False
18,400,0,0,0,0,0,0,0,0,0,0,0,0,0.000000,0,False,False
18,401,45,0,0,0,0,0,0,0,0,0,0,0,0.000000,1,True,False
18,402,90,0,0,0,4,0,0,0,0,0,0,0,0.000000,2,True,False
18,403,45,0,0,0,2,0,0,0,1,0,0,0,0.000000,0,True,False
18,404,0,0,0,0,0,0,0,0,0,0,0,0,0.000000,0,False,False
18,405,90,0,0,0,2,0,0,0,1,0,0,0,0.000000,1,True,False
18,406,0,0,0,0,0,0,0,0,0,0,0,0,0.000000,0,False,False
18,407,90,0,0,0,2,0,0,0,0,0,0,0,0.000000,1,True,False
18,408,90,0,0,0,2,0,0,0,0,0,0,0,0.000000,1,True,False
18,409,0,0,0,0,0,0,0,0,0,0,0,0,0.000000,0,False,False
18,410,80,0,1,0,1,0,0,0,0,0,0,0,0.000000,5,True,False
18,411,0,0,0,0,0,0,0,0,0,0,0,0,0.000000,0,False,False
18,412,0,0,0,0,0,0,0,0,0,0,0,0,0.000000,0,False,False
18,413,9,0,0,0,1,0,0,0,0,0,0,0,0.000000,1,True,False
18,414,0,0,0,0,0,0,0,0,0,0,0,0,0.000000,0,False,False
18,415,0,0,0,0,0,0,0,0,0,0,0,0,0.000000,0,False,False
18,416,64,0,0,0,1,0,0,0,0,0,0,0,0.000000,2,True,False
18,417,90,0,0,0,2,0,0,0,0,0,0,0,0.000000,2,True,False
18,418,0,0,0,0,0,0,0,0,0,0,0,0,0.000000,0,False,False
18,419,90,0,0,0,2,0,0,0,1,0,0,0,0.000000,1,True,False
18,420,0,0,0,0,0,0,0,0,0,0,0,0,0.000000,0,False,False
18,421,79,1,0,0,3,0,0,0,0,0,0,2,0.000000,8,True,False
18,422,15,0,0,0,0,0,0,0,0,0,0,0,0.000000,1,True,False
18,423,0,0,0,0,0,0,0,0,0,0,0,0,0.000000,0,False,False
18,424,0,0,0,0,0,0,0,0,0,0,0,0,0.000000,0,False,False
18,425,10,0,0,0,0,0,0,0,0,0,0,0,0.000000,1,True,False
18,426,0,0,0,0,0,0,0,0,0,0,0,0,0.000000,0,False,False
18,427,0,0,0,0,0,0,0,0,0,0,0,0,0.000000,0,False,False
18,428,0,0,0,0,0,0,0,0,0,0,0,0,0.000000,0,False,False
18,429,2,0,0,0,0,0,0,0,0,0,0,0,0.000000,1,True,False
18,430,0,0,0,0,0,0,0,0,0,0,0,0,0.000000,0,False,False
18,431,90,0,0,0,2,0,0,0,0,0,0,0,0.000000,1,True,False
18,432,0,0,0,0,0,0,0,0,0,0,0,0,0.000000,0,False,False
18,433,0,0,0,0,0,0,0,0,0,0,0,0,0.000000,0,False,False
18,434,79,0,0,0,1,0,0,0,0,0,0,0,0.000000,2,True,False
18,435,0,0,0,0,0,0,0,0,0,0,0,0,0.000000,0,False,False
18,436,0,0,0,0,0,0,0,0,0,0,0,0,0.000000,0,False,False
18,437,0,0,0,0,0,0,0,0,0,0,0,0,0.000000,0,False,False
18,438,0,0,0,0,0,0,0,0,0,0,0,0,0.000000,0,False,False
18,439,0,0,0,0,0,0,0,0,0,0,0,0,0.000000,0,False,False
18,440,90,0,1,0,2,0,0,0,0,0,0,0,0.000000,5,True,False
18,441,0,0,0,0,0,0,0,0,0,0,0,0,0.000000,0,False,False
18,442,0,0,0,0,0,0,0,0,0,0,0,0,0.000000,0,False,False
18,443,0,0,0,0,0,0,0,0,0,0,0,0,0.000000,0,False,False
18,444,0,0,0,0,0,0,0,0,0,0,0,0,0.000000,0,False,False
18,445,0,0,0,0,0,0,0,0,0,0,0,0,0.000000,0,False,False
18,446,0,0,0,0,0,0,0,0,0,0,0,0,0.000000,0,False,False
18,447,0,0,0,0,0,0,0,0,0,0,0,0,0.000000,0,False,False
18,448,10,0,0,0,1,0,0,0,0,0,0,0,0.000000,1,True,False
18,449,0,0,0,0,0,0,0,0,0,0,0,0,0.000000,0,False,False
18,450,8,0,0,0,0,0,0,0,0,0,0,0,0.000000,1,True,False
18,451,31,0,1,0,0,0,0,0,0,0,0,0,0.000000,4,True,False
18,452,90,0,0,1,0,0,0,0,0,0,0,0,0.000000,6,True,False
18,453,0,0,0,0,0,0,0,0,0,0,0,0,0.000000,0,False,False
18,454,90,0,0,0,2,0,0,0,0,0,4,0,0.000000,2,True,False
18,455,14,0,0,0,0,0,0,0,0,0,0,0,0.000000,1,True,False
18,456,29,0,0,0,0,0,0,0,0,0,0,0,0.000000,1,True,False
18,457,60,0,0,0,1,0,0,0,0,0,0,0,0.000000,2,True,False
18,458,0,0,0,0,0,0,0,0,0,0,0,0,0.000000,0,False,False
18,459,0,0,0,0,0,0,0,0,0,0,0,0,0.000000,0,False,False
18,460,90,0,0,1,0,0,0,0,0,0,0,0,0.000000,3,True,False
18,461,0,0,0,0,0,0,0,0,0,0,0,0,0.000000,0,False,False
18,462,0,0,0,0,0,0,0,0,0,0,0,0,0.000000,0,False,False
18,463,0,0,0,0,0,0,0,0,0,0,0,0,0.000000,0,False,False
18,464,0,0,0,0,0,0,0,0,0,0,0,0,0.000000,0,False,False
18,465,0,0,0,0,0,0,0,0,0,0,0,0,0.000000,0,False,False
18,466,0,0,0,0,0,0,0,0,0,0,0,0,0.000000,0,False,False
18,467,0,0,0,0,0,0,0,0,0,0,0,0,0.000000,0,False,False
18,468,31,0,0,0,0,0,0,0,0,0,0,0,0.000000,1,True,False
18,469,22,1,0,0,0,0,0,0,0,0,0,0,0.000000,6,True,False
18,470,0,0,0,0,0,0,0,0,0,0,0,0,0.000000,0,False,False
18,471,0,0,0,0,0,0,0,0,0,0,0,0,0.000000,0,False,False
18,472,26,0,0,0,1,0,0,0,0,0,0,0,0.000000,1,True,False
18,473,0,0,0,0,0,0,0,0,0,0,0,0,0.000000,0,False,False
18,474,0,0,0,0,0,0,0,0,0,0,0,0,0.000000,0,False,False
18,475,6,0,0,0,0,0,0,0,0,0,0,0,0.000000,1,True,False
18,476,90,1,0,0,2,0,0,0,0,0,0,2,0.000000,9,True,False
18,477,0,0,0,0,0,0,0,0,0,0,0,0,0.000000,0,False,False
18,478,0,0,0,0,0,0,0,0,0,0,0,0,0.000000,0,False,False
18,479,0,0,0,0,0,0,0,0,0,0,0,0,0.000000,0,False,False
18,480,0,0,0,0,0,0,0,0,0,0,0,0,0.000000,0,False,False
18,481,0,0,0,0,0,0,0,0,0,0,0,0,0.000000,0,False,False
18,482,0,0,0,0,0,0,0,0,0,0,0,0,0.000000,0,False,False
18,483,90,0,0,0,1,0,0,0,0,0,0,0,0.000000,2,True,False
18,484,0,0,0,0,0,0,0,0,0,0,0,0,0.000000,0,False,False
18,485,90,0,0,0,1,0,0,0,0,0,0,0,0.000000,2,True,False
18,486,0,0,0,0,0,0,0,0,0,0,0,0,0.000000,0,False,False
18,487,74,0,0,1,0,0,0,0,0,0,0,0,0.000000,2,True,False
18,488,67,0,0,0,2,0,0,0,0,0,0,0,0.000000,2,True,False
18,489,90,0,0,1,0,0,0,0,1,0,0,3,0.000000,5,True,False
18,490,45,0,0,0,2,0,0,0,1,0,0,0,0.000000,0,True,False
18,491,13,0,0,0,0,0,0,0,0,0,0,0,0.000000,1,True,False
18,492,0,0,0,0,0,0,0,0,0,0,0,0,0.000000,0,False,False
18,493,24,0,0,0,0,0,0,0,1,0,0,0,0.000000,0,True,False
18,494,0,0,0,0,0,0,0,0,0,0,0,0,0.000000,0,False,False
18,495,0,0,0,0,0,0,0,0,0,0,0,0,0.000000,0,False,False
18,496,0,0,0,0,0,0,0,0,0,0,0,0,0.000000,0,False,False
18,497,0,0,0,0,0,0,0,0,0,0,0,0,0.000000,0,False,False
18,498,90,0,0,1,0,0,0,0,1,0,0,0,0.000000,5,True,False
18,499,67,0,1,0,1,0,0,0,0,0,0,3,0.000000,8,True,False
18,500,90,0,0,1,0,0,0,0,0,0,0,0,0.000000,6,True,False
18,501,25,0,0,0,1,0,0,0,0,0,0,0,0.000000,1,True,False
18,502,60,0,0,0,1,0,0,0,0,0,0,0,0.000000,2,True,False
18,503,0,0,0,0,0,0,0,0,0,0,0,0,0.000000,0,False,False
18,504,0,0,0,0,0,0,0,0,0,0,0,0,0.000000,0,False,False
18,505,0,0,0,0,0,0,0,0,0,0,0,0,0.000000,0,False,False
18,506,22,0,0,0,1,0,0,0,0,0,0,0,0.000000,1,True,False
18,507,60,0,0,1,0,0,0,0,0,0,0,0,0.000000,6,True,False
18,508,0,0,0,0,0,0,0,0,0,0,0,0,0.000000,0,False,False
18,509,0,0,0,0,0,0,0,0,0,0,0,0,0.000000,0,False,False
18,510,0,0,0,0,0,0,0,0,0,0,0,0,0.000000,0,False,False
2,1,0,0,0,0,0,0,0,0,0,0,0,0,0.000000,0,False,False
2,2,0,0,0,0,0,0,0,0,0,0,0,0,0.000000,0,False,False
2,3,0,0,0,0,0,0,0,0,0,0,0,0,0.000000,0,False,False
2,4,0,0,0,0,0,0,0,0,0,0,0,0,0.000000,0,False,False
2,5,0,0,0,0,0,0,0,0,0,0,0,0,0.000000,0,False,False
2,6,0,0,0,0,0,0,0,0,0,0,0,0,0.000000,0,False,False
2,7,0,0,0,0,0,0,0,0,0,0,0,0,0.000000,0,False,False
2,8,0,0,0,0,0,0,0,0,0,0,0,0,0.000000,0,False,False
2,9,0,0,0,0,0,0,0,0,0,0,0,0,0.000000,0,False,False
2,10,0,0,0,0,0,0,0,0,0,0,0,0,0.000000,0,False,False
2,11,0,0,0,0,0,0,0,0,0,0,0,0,0.000000,0,False,False
2,12,0,0,0,0,0,0,0,0,0,0,0,0,0.000000,0,False,False
2,13,0,0,0,0,0,0,0,0,0,0,0,0,0.000000,0,False,False
2,14,0,0,0,0,0,0,0,0,0,0,0,0,0.000000,0,False,False
2,15,0,0,0,0,0,0,0,0,0,0,0,0,0.000000,0,False,False
2,16,0,0,0,0,0,0,0,0,0,0,0,0,0.000000,0,False,False
2,17,0,0,0,0,0,0,0,0,0,0,0,0,0.000000,0,False,False
2,18,0,0,0,0,0,0,0,0,0,0,0,0,0.000000,0,False,False
2,19,0,0,0,0,0,0,0,0,0,0,0,0,0.000000,0,False,False
2,20,0,0,0,0,0,0,0,0,0,0,0,0,0.000000,0,False,False
2,21,0,0,0,0,0,0,0,0,0,0,0,0,0.000000,0,False,False
2,22,0,0,0,0,0,0,0,0,0,0,0,0,0.000000,0,False,False
2,23,0,0,0,0,0,0,0,0,0,0,0,0,0.000000,0,False,False
2,24,0,0,0,0,0,0,0,0,0,0,0,0,0.000000,0,False,False
2,25,0,0,0,0,0,0,0,0,0,0,0,0,0.000000,0,False,False
2,26,0,0,0,0,0,0,0,0,0,0,0,0,0.000000,0,False,False
2,27,47,0,0,0,1,0,0,0,0,0,0,0,0.000000,1,True,False
2,28,90,0,0,0,2,0,0,0,0,0,0,0,0.000000,1,True,False
2,29,90,0,0,0,2,0,0,0,0,0,0,0,0.000000,1,True,False
2,30,0,0,0,0,0,0,0,0,0,0,0,0,0.000000,0,False,False
2,31,58,0,1,0,2,0,0,0,0,0,0,0,0.000000,4,True,False
2,32,90,0,0,0,2,0,0,0,0,0,4,0,0.000000,2,True,False
2,33,0,0,0,0,0,0,0,0,0,0,0,0,0.000000,0,False,False
2,34,0,0,0,0,0,0,0,0,0,0,0,0,0.000000,0,False,False
2,35,0,0,0,0,0,0,0,0,0,0,0,0,0.000000,0,False,False
2,36,37,0,0,0,0,0,0,0,0,0,0,0,0.000000,1,True,False
2,37,90,1,0,0,2,0,0,0,0,0,0,0,0.000000,7,True,False
2,38,37,0,0,0,0,0,0,0,0,0,0,0,0.000000,1,True,False
2,39,58,0,0,0,2,0,0,0,0,0,0,0,0.000000,1,True,False
2,40,0,0,0,0,0,0,0,0,0,0,0,0,0.000000,0,False,False
2,41,0,0,0,0,0,0,0,0,0,0,0,0,0.000000,0,False,False
2,42,0,0,0,0,0,0,0,0,0,0,0,0,0.000000,0,False,False
2,43,0,0,0,0,0,0,0,0,0,0,0,0,0.000000,0,False,False
2,44,90,0,0,0,2,0,0,0,0,0,0,0,0.000000,1,True,False
2,45,90,0,0,0,2,0,0,0,1,0,0,0,0.000000,1,True,False
2,46,90,0,0,0,2,0,0,0,0,0,0,0,0.000000,2,True,False
2,47,0,0,0,0,0,0,0,0,0,0,0,0,0.000000,0,False,False
2,48,0,0,0,0,0,0,0,0,0,0,0,0,0.000000,0,False,False
2,49,45,0,0,0,1,0,0,0,0,0,0,0,0.000000,1,True,False
2,50,37,0,0,0,0,0,0,0,0,0,0,0,0.000000,1,True,False
2,51,58,0,0,0,2,0,0,0,0,0,0,0,0.000000,1,True,False
2,52,0,0,0,0,0,0,0,0,0,0,0,0,0.000000,0,False,False
2,53,0,0,0,0,0,0,0,0,0,0,0,0,0.000000,0,False,False
2,54,90,0,0,0,1,0,0,0,0,0,6,0,0.000000,4,True,False
2,55,90,0,1,0,1,0,0,0,0,0,0,2,0.000000,7,True,False
2,56,0,0,0,0,0,0,0,0,0,0,0,0,0.000000,0,False,False
2,57,5,0,0,0,0,0,0,0,0,0,0,0,0.000000,1,True,False
2,58,32,0,0,0,0,0,0,0,0,0,0,0,0.000000,1,True,False
2,59,90,0,0,0,1,0,0,0,0,0,0,0,0.000000,2,True,False
2,60,0,0,0,0,0,0,0,0,0,0,0,0,0.000000,0,False,False
2,61,0,0,0,0,0,0,0,0,0,0,0,0,0.000000,0,False,False
2,62,0,0,0,0,0,0,0,0,0,0,0,0,0.000000,0,False,False
2,63,90,0,0,0,1,0,0,0,0,0,0,0,0.000000,2,True,False
2,64,90,1,0,0,1,0,0,0,0,0,0,3,0.000000,10,True,True
2,65,90,0,1,0,1,0,0,0,0,0,0,0,0.000000,5,True,False
2,66,90,0,0,0,1,0,0,0,0,0,0,0,0.000000,2,True,False
2,67,45,1,0,0,1,0,0,0,0,0,0,0,0.000000,5,True,False
2,68,0,0,0,0,0,0,0,0,0,0,0,0,0.000000,0,False,False
2,69,0,0,0,0,0,0,0,0,0,0,0,0,0.000000,0,False,False
2,70,65,0,0,0,1,0,0,0,0,0,0,0,0.000000,2,True,False
2,71,5,0,0,0,0,0,0,0,0,0,0,0,0.000000,1,True,False
2,72,45,0,0,0,0,0,0,0,0,0,0,0,0.000000,1,True,False
2,73,0,0,0,0,0,0,0,0,0,0,0,0,0.000000,0,False,False
2,74,90,0,0,0,1,0,0,0,0,0,0,0,0.000000,2,True,False
2,75,16,0,0,0,0,0,0,0,0,0,0,0,0.000000,1,True,False
2,76,0,0,0,0,0,0,0,0,0,0,0,0,0.000000,0,False,False
2,77,0,0,0,0,0,0,0,0,0,0,0,0,0.000000,0,False,False
2,78,0,0,0,0,0,0,0,0,0,0,0,0,0.000000,0,False,False
2,79,0,0,0,0,0,0,0,0,0,0,0,0,0.000000,0,False,False
2,80,0,0,0,0,0,0,0,0,0,0,0,0,0.000000,0,False,False
2,81,0,0,0,0,0,0,0,0,0,0,0,0,0.000000,0,False,False
2,82,0,0,0,0,0,0,0,0,0,0,0,0,0.000000,0,False,False
2,83,0,0,0,0,0,0,0,0,0,0,0,0,0.000000,0,False,False
2,84,0,0,0,0,0,0,0,0,0,0,0,0,0.000000,0,False,False
2,85,0,0,0,0,0,0,0,0,0,0,0,0,0.000000,0,False,False
2,86,0,0,0,0,0,0,0,0,0,0,0,0,0.000000,0,False,False
2,87,0,0,0,0,0,0,0,0,0,0,0,0,0.000000,0,False,False
2,88,0,0,0,0,0,0,0,0,0,0,0,0,0.000000,0,False,False
2,89,0,0,0,0,0,0,0,0,0,0,0,0,0.000000,0,False,False
2,90,0,0,0,0,0,0,0,0,0,0,0,0,0.000000,0,False,False
2,91,0,0,0,0,0,0,0,0,0,0,0,0,0.000000,0,False,False
2,92,0,0,0,0,0,0,0,0,0,0,0,0,0.000000,0,False,False
2,93,0,0,0,0,0,0,0,0,0,0,0,0,0.000000,0,False,False
2,94,0,0,0,0,0,0,0,0,0,0,0,0,0.000000,0,False,False
2,95,0,0,0,0,0,0,0,0,0,0,0,0,0.000000,0,False,False
2,96,0,0,0,0,0,0,0,0,0,0,0,0,0.000000,0,False,False
2,97,0,0,0,0,0,0,0,0,0,0,0,0,0.000000,0,False,False
2,98,0,0,0,0,0,0,0,0,0,0,0,0,0.000000,0,False,False
2,99,0,0,0,0,0,0,0,0,0,0,0,0,0.000000,0,False,False
2,100,0,0,0,0,0,0,0,0,0,0,0,0,0.000000,0,False,False
2,101,0,0,0,0,0,0,0,0,0,0,0,0,0.000000,0,False,False
2,102,0,0,0,0,0,0,0,0,0,0,0,0,0.000000,0,False,False
2,103,0,0,0,0,0,0,0,0,0,0,0,0,0.000000,0,False,False
2,104,0,0,0,0,0,0,0,0,0,0,0,0,0.000000,0,False,False
2,105,0,0,0,0,0,0,0,0,0,0,0,0,0.000000,0,False,False
2,106,0,0,0,0,0,0,0,0,0,0,0,0,0.000000,0,False,False
2,107,0,0,0,0,0,0,0,0,0,0,0,0,0.000000,0,False,False
2,108,0,0,0,0,0,0,0,0,0,0,0,0,0.000000,0,False,False
2,109,90,0,0,0,3,0,0,0,0,0,0,0,0.000000,1,True,False
2,110,0,0,0,0,0,0,0,0,0,0,0,0,0.000000,0,False,False
2,111,45,0,0,0,3,0,0,0,0,0,0,0,0.000000,0,True,False
2,112,45,0,0,0,0,0,0,0,1,0,0,0,0.000000,0,True,False
2,113,23,0,0,0,0,0,0,0,0,0,0,0,0.000000,1,True,False
2,114,0,0,0,0,0,0,0,0,0,0,0,0,0.000000,0,False,False
2,115,0,0,0,0,0,0,0,0,0,0,0,0,0.000000,0,False,False
2,116,90,1,0,0,3,0,0,0,0,0,0,1,0.000000,8,True,False
2,117,90,0,0,0,3,1,0,0,0,0,0,0,0.000000,0,True,False
2,118,45,0,0,0,3,0,0,0,0,0,0,0,0.000000,1,True,False
2,119,0,0,0,0,0,0,0,0,0,0,0,0,0.000000,0,False,False
2,120,38,0,0,0,0,0,0,0,0,0,0,0,0.000000,1,True,False
2,121,0,0,0,0,0,0,0,0,0,0,0,0,0.000000,0,False,False
2,122,90,0,0,0,3,0,0,0,0,0,0,0,0.000000,1,True,False
2,123,0,0,0,0,0,0,0,0,0,0,0,0,0.000000,0,False,False
2,124,90,0,0,0,3,0,0,0,1,0,0,0,0.000000,0,True,False
2,125,0,0,0,0,0,0,0,0,0,0,0,0,0.000000,0,False,False
2,126,0,0,0,0,0,0,0,0,0,0,0,0,0.000000,0,False,False
2,127,74,0,0,0,3,0,0,0,0,0,0,0,0.000000,1,True,False
2,128,38,0,0,0,0,0,0,0,0,0,0,0,0.000000,1,True,False
2,129,59,0,1,0,3,0,0,0,0,0,0,0,0.000000,4,True,False
2,130,0,0,0,0,0,0,0,0,0,0,0,0,0.000000,0,False,False
2,131,90,0,0,0,3,0,0,0,0,0,4,0,0.000000,2,True,False
2,132,0,0,0,0,0,0,0,0,0,0,0,0,0.000000,0,False,False
2,133,45,0,0,0,0,0,0,0,0,0,0,0,0.000000,1,True,False
2,134,59,0,0,0,3,0,0,0,0,0,0,0,0.000000,1,True,False
2,135,0,0,0,0,0,0,0,0,0,0,0,0,0.000000,0,False,False
2,136,0,0,0,0,0,0,0,0,0,0,0,0,0.000000,0,False,False
2,137,0,0,0,0,0,0,0,0,0,0,0,0,0.000000,0,False,False
2,138,0,0,0,0,0,0,0,0,0,0,0,0,0.000000,0,False,False
2,139,0,0,0,0,0,0,0,0,0,0,0,0,0.000000,0,False,False
2,140,0,0,0,0,0,0,0,0,0,0,0,0,0.000000,0,False,False
2,141,0,0,0,0,0,0,0,0,0,0,0,0,0.000000,0,False,False
2,142,0,0,0,0,0,0,0,0,0,0,0,0,0.000000,0,False,False
2,143,0,0,0,0,0,0,0,0,0,0,0,0,0.000000,0,False,False
2,144,0,0,0,0,0,0,0,0,0,0,0,0,0.000000,0,False,False
2,145,0,0,0,0,0,0,0,0,0,0,0,0,0.000000,0,False,False
2,146,0,0,0,0,0,0,0,0,0,0,0,0,0.000000,0,False,False
2,147,0,0,0,0,0,0,0,0,0,0,0,0,0.000000,0,False,False
2,148,0,0,0,0,0,0,0,0,0,0,0,0,0.000000,0,False,False
2,149,0,0,0,0,0,0,0,0,0,0,0,0,0.000000,0,False,False
2,150,0,0,0,0,0,0,0,0,0,0,0,0,0.000000,0,False,False
2,151,0,0,0,0,0,0,0,0,0,0,0,0,0.000000,0,False,False
2,152,0,0,0,0,0,0,0,0,0,0,0,0,0.000000,0,False,False
2,153,0,0,0,0,0,0,0,0,0,0,0,0,0.000000,0,False,False
2,154,0,0,0,0,0,0,0,0,0,0,0,0,0.000000,0,False,False
2,155,0,0,0,0,0,0,0,0,0,0,0,0,0.000000,0,False,False
2,156,0,0,0,0,0,0,0,0,0,0,0,0,0.000000,0,False,False
2,157,0,0,0,0,0,0,0,0,0,0,0,0,0.000000,0,False,False
2,158,0,0,0,0,0,0,0,0,0,0,0,0,0.000000,0,False,False
2,159,0,0,0,0,0,0,0,0,0,0,0,0,0.000000,0,False,False
2,160,0,0,0,0,0,0,0,0,0,0,0,0,0.000000,0,False,False
2,161,0,0,0,0,0,0,0,0,0,0,0,0,0.000000,0,False,False
2,162,0,0,0,0,0,0,0,0,0,0,0,0,0.000000,0,False,False
2,163,0,0,0,0,0,0,0,0,0,0,0,0,0.000000,0,False,False
2,164,0,0,0,0,0,0,0,0,0,0,0,0,0.000000,0,False,False
2,165,0,0,0,0,0,0,0,0,0,0,0,0,0.000000,0,False,False
2,166,0,0,0,0,0,0,0,0,0,0,0,0,0.000000,0,False,False
2,167,0,0,0,0,0,0,0,0,0,0,0,0,0.000000,0,False,False
2,168,0,0,0,0,0,0,0,0,0,0,0,0,0.000000,0,False,False
2,169,35,0,0,0,0,0,0,0,0,0,0,0,0.000000,1,True,False
2,170,0,0,0,0,0,0,0,0,0,0,0,0,0.000000,0,False,False
2,171,0,0,0,0,0,0,0,0,0,0,0,0,0.000000,0,False,False
2,172,0,0,0,0,0,0,0,0,0,0,0,0,0.000000,0,False,False
2,173,0,0,0,0,0,0,0,0,0,0,0,0,0.000000,0,False,False
2,174,0,0,0,0,0,0,0,0,0,0,0,0,0.000000,0,False,False
2,175,0,0,0,0,0,0,0,0,0,0,0,0,0.000000,0,False,False
2,176,0,0,0,0,0,0,0,0,0,0,0,0,0.000000,0,False,False
2,177,0,0,0,0,0,0,0,0,0,0,0,0,0.000000,0,False,False
2,178,0,0,0,0,0,0,0,0,0,0,0,0,0.000000,0,False,False
2,179,0,0,0,0,0,0,0,0,0,0,0,0,0.000000,0,False,False
2,180,0,0,0,0,0,0,0,0,0,0,0,0,0.000000,0,False,False
2,181,0,0,0,0,0,0,0,0,0,0,0,0,0.000000,0,False,False
2,182,0,0,0,0,0,0,0,0,0,0,0,0,0.000000,0,False,False
2,183,0,0,0,0,0,0,0,0,0,0,0,0,0.000000,0,False,False
2,184,0,0,0,0,0,0,0,0,0,0,0,0,0.000000,0,False,False
2,185,0,0,0,0,0,0,0,0,0,0,0,0,0.000000,0,False,False
2,186,19,0,0,0,0,0,0,0,0,0,0,0,0.000000,1,True,False
2,187,76,0,0,0,4,0,0,0,0,0,0,0,0.000000,0,True,False
2,188,0,0,0,0,0,0,0,0,0,0,0,0,0.000000,0,False,False
2,189,0,0,0,0,0,0,0,0,0,0,0,0,0.000000,0,False,False
2,190,90,0,0,0,4,0,0,0,0,0,0,0,0.000000,0,True,False
2,191,31,0,0,0,0,0,0,0,0,0,0,0,0.000000,1,True,False
2,192,0,0,0,0,0,0,0,0,0,0,0,0,0.000000,0,False,False
2,193,90,1,0,0,4,0,0,0,0,0,0,0,0.000000,7,True,False
2,194,0,0,0,0,0,0,0,0,0,0,0,0,0.000000,0,False,False
2,195,76,0,0,0,4,0,0,0,0,0,0,0,0.000000,2,True,False
2,196,9,0,0,0,0,0,0,0,0,0,0,0,0.000000,1,True,False
2,197,0,0,0,0,0,0,0,0,0,0,0,0,0.000000,0,False,False
2,198,0,0,0,0,0,0,0,0,0,0,0,0,0.000000,0,False,False
2,199,90,0,0,0,4,0,0,0,0,1,0,0,0.000000,-3,True,False
2,200,31,0,0,0,0,0,0,0,0,0,0,0,0.000000,1,True,False
2,201,0,0,0,0,0,0,0,0,0,0,0,0,0.000000,0,False,False
2,202,0,0,0,0,0,0,0,0,0,0,0,0,0.000000,0,False,False
2,203,90,0,0,0,4,0,0,0,0,0,0,0,0.000000,2,True,False
2,204,0,0,0,0,0,0,0,0,0,0,0,0,0.000000,0,False,False
2,205,90,0,0,0,4,0,0,0,0,0,1,0,0.000000,0,True,False
2,206,0,0,0,0,0,0,0,0,0,0,0,0,0.000000,0,False,False
2,207,19,0,0,0,0,0,0,0,0,0,0,0,0.000000,1,True,False
2,208,90,0,0,0,4,0,0,0,0,0,0,0,0.000000,0,True,False
2,209,0,0,0,0,0,0,0,0,0,0,0,0,0.000000,0,False,False
2,210,90,0,0,0,2,0,0,0,0,0,0,0,0.000000,1,True,False
2,211,0,0,0,0,0,0,0,0,0,0,0,0,0.000000,0,False,False
2,212,0,0,0,0,0,0,0,0,0,0,0,0,0.000000,0,False,False
2,213,0,0,0,0,0,0,0,0,0,0,0,0,0.000000,0,False,False
2,214,0,0,0,0,0,0,0,0,0,0,0,0,0.000000,0,False,False
2,215,0,0,0,0,0,0,0,0,0,0,0,0,0.000000,0,False,False
2,216,90,0,0,0,2,0,0,0,0,0,0,0,0.000000,1,True,False
2,217,0,0,0,0,0,0,0,0,0,0,0,0,0.000000,0,False,False
2,218,90,0,0,0,2,0,0,0,0,0,0,0,0.000000,2,True,False
2,219,0,0,0,0,0,0,0,0,0,0,0,0,0.000000,0,False,False
2,220,70,0,0,0,2,0,0,0,0,0,0,0,0.000000,2,True,False
2,221,90,0,0,0,2,0,0,0,0,0,0,0,0.000000,2,True,False
2,222,0,0,0,0,0,0,0,0,0,0,0,0,0.000000,0,False,False
2,223,34,0,0,0,0,0,0,0,0,0,0,0,0.000000,1,True,False
2,224,28,0,0,0,0,0,0,0,0,0,0,0,0.000000,1,True,False
2,225,0,0,0,0,0,0,0,0,0,0,0,0,0.000000,0,False,False
2,226,0,0,0,0,0,0,0,0,0,0,0,0,0.000000,0,False,False
2,227,0,0,0,0,0,0,0,0,0,0,0,0,0.000000,0,False,False
2,228,90,0,0,0,2,0,0,0,1,0,0,0,0.000000,0,True,False
2,229,0,0,0,0,0,0,0,0,0,0,0,0,0.000000,0,False,False
2,230,0,0,0,0,0,0,0,0,0,0,0,0,0.000000,0,False,False
2,231,0,0,0,0,0,0,0,0,0,0,0,0,0.000000,0,False,False
2,232,90,0,0,0,2,0,0,0,0,0,4,0,0.000000,2,True,False
2,233,0,0,0,0,0,0,0,0,0,0,0,0,0.000000,0,False,False
2,234,0,0,0,0,0,0,0,0,0,0,0,0,0.000000,0,False,False
2,235,90,0,0,0,2,0,0,0,0,0,0,0,0.000000,1,True,False
2,236,90,0,0,0,2,0,0,0,0,0,0,0,0.000000,2,True,False
2,237,90,0,0,0,2,0,0,0,0,0,0,0,0.000000,2,True,False
2,238,64,0,0,0,2,0,0,0,0,0,0,0,0.000000,2,True,False
2,239,34,0,0,0,0,0,0,0,1,0,0,0,0.000000,0,True,False
2,240,0,0,0,0,0,0,0,0,0,0,0,0,0.000000,0,False,False
2,241,16,0,0,0,0,0,0,0,0,0,0,0,0.000000,1,True,False
2,242,77,0,0,0,2,0,0,0,0,0,0,0,0.000000,1,True,False
2,243,90,0,0,0,2,0,0,0,0,0,0,0,0.000000,1,True,False
2,244,90,0,0,0,2,0,0,0,0,0,0,0,0.000000,1,True,False
2,245,0,0,0,0,0,0,0,0,0,0,0,0,0.000000,0,False,False
2,246,90,0,0,0,2,0,0,0,0,0,3,0,0.000000,2,True,False
2,247,86,0,0,0,2,0,0,0,0,0,0,0,0.000000,2,True,False
2,248,16,0,0,0,0,0,0,0,0,0,0,0,0.000000,1,True,False
2,249,16,0,0,0,0,0,0,0,0,0,0,0,0.000000,1,True,False
2,250,0,0,0,0,0,0,0,0,0,0,0,0,0.000000,0,False,False
2,251,59,0,0,0,2,0,0,0,0,0,0,0,0.000000,1,True,False
2,252,90,0,0,0,2,0,0,0,0,0,0,0,0.000000,2,True,False
2,253,0,0,0,0,0,0,0,0,0,0,0,0,0.000000,0,False,False
2,254,90,0,0,0,2,0,0,0,0,0,0,0,0.000000,2,True,False
2,255,0,0,0,0,0,0,0,0,0,0,0,0,0.000000,0,False,False
2,256,77,0,0,0,2,0,0,0,1,0,0,0,0.000000,1,True,False
2,257,0,0,0,0,0,0,0,0,0,0,0,0,0.000000,0,False,False
2,258,77,0,0,0,2,0,0,0,0,0,0,0,0.000000,2,True,False
2,259,90,0,0,0,2,0,0,0,0,0,0,0,0.000000,1,True,False
2,260,90,1,0,1,0,0,0,0,0,0,0,2,0.000000,10,True,True
2,261,0,0,0,0,0,0,0,0,0,0,0,0,0.000000,0,False,False
2,262,0,0,0,0,0,0,0,0,0,0,0,0,0.000000,0,False,False
2,263,90,0,0,1,0,0,0,0,0,0,0,0,0.000000,6,True,False
2,264,7,0,0,0,0,0,0,0,0,0,0,0,0.000000,1,True,False
2,265,7,0,0,0,0,0,0,0,0,0,0,0,0.000000,1,True,False
2,266,0,0,0,0,0,0,0,0,0,0,0,0,0.000000,0,False,False
2,267,0,0,0,0,0,0,0,0,0,0,0,0,0.000000,0,False,False
2,268,0,0,0,0,0,0,0,0,0,0,0,0,0.000000,0,False,False
2,269,15,0,0,0,0,0,0,0,0,0,0,0,0.000000,1,True,False
2,270,78,1,0,1,0,0,0,0,0,0,0,0,0.000000,6,True,False
2,271,0,0,0,0,0,0,0,0,0,0,0,0,0.000000,0,False,False
2,272,90,0,0,1,0,0,0,0,1,0,6,1,0.000000,8,True,True
2,273,0,0,0,0,0,0,0,0,0,0,0,0,0.000000,0,False,False
2,274,0,0,0,0,0,0,0,0,0,0,0,0,0.000000,0,False,False
2,275,0,0,0,0,0,0,0,0,0,0,0,0,0.000000,0,False,False
2,276,90,0,1,1,0,0,0,0,0,0,0,0,0.000000,6,True,False
2,277,0,0,0,0,0,0,0,0,0,0,0,0,0.000000,0,False,False
2,278,86,0,1,1,0,0,0,0,0,0,0,0,0.000000,6,True,False
2,279,0,0,0,0,0,0,0,0,0,0,0,0,0.000000,0,False,False
2,280,0,0,0,0,0,0,0,0,0,0,0,0,0.000000,0,False,False
2,281,26,0,0,0,0,0,0,0,0,0,0,0,0.000000,1,True,False
2,282,90,0,0,1,0,0,0,0,0,0,0,0,0.000000,3,True,False
2,283,90,0,0,1,0,0,0,0,0,0,0,0,0.000000,6,True,False
2,284,90,0,0,1,0,0,0,0,0,0,0,0,0.000000,6,True,False
2,285,86,0,0,1,0,0,0,0,0,0,0,3,0.000000,9,True,False
2,286,0,0,0,0,0,0,0,0,0,0,0,0,0.000000,0,False,False
2,287,0,0,0,0,0,0,0,0,0,0,0,0,0.000000,0,False,False
2,288,67,0,0,1,0,0,0,0,0,0,0,0,0.000000,3,True,False
2,289,0,0,0,0,0,0,0,0,0,0,0,0,0.000000,0,False,False
2,290,90,0,0,0,1,0,0,0,0,0,2,0,0.000000,2,True,False
2,291,0,0,0,0,0,0,0,0,0,0,0,0,0.000000,0,False,False
2,292,0,0,0,0,0,0,0,0,0,0,0,0,0.000000,0,False,False
2,293,0,0,0,0,0,0,0,0,0,0,0,0,0.000000,0,False,False
2,294,2,0,0,0,0,0,0,0,0,0,0,0,0.000000,1,True,False
2,295,90,0,0,0,1,0,0,0,0,0,0,0,0.000000,2,True,False
2,296,0,0,0,0,0,0,0,0,0,0,0,0,0.000000,0,False,False
2,297,90,0,0,0,1,0,0,0,1,0,0,0,0.000000,1,True,False
2,298,0,0,0,0,0,0,0,0,0,0,0,0,0.000000,0,False,False
2,299,0,0,0,0,0,0,0,0,0,0,0,0,0.000000,0,False,False
2,300,78,0,0,0,1,0,0,0,0,0,0,0,0.000000,2,True,False
2,301,90,0,1,0,1,0,0,0,0,0,0,0,0.000000,5,True,False
2,302,0,0,0,0,0,0,0,0,0,0,0,0,0.000000,0,False,False
2,303,25,0,0,0,0,0,0,0,0,0,0,0,0.000000,1,True,False
2,304,90,0,0,0,1,0,0,0,0,0,0,0,0.000000,2,True,False
2,305,0,0,0,0,0,0,0,0,0,0,0,0,0.000000,0,False,False
2,306,0,0,0,0,0,0,0,0,0,0,0,0,0.000000,0,False,False
2,307,0,0,0,0,0,0,0,0,0,0,0,0,0.000000,0,False,False
2,308,15,0,0,0,0,0,0,0,0,0,0,0,0.000000,1,True,False
2,309,90,0,0,0,1,0,0,0,0,0,0,2,0.000000,4,True,False
2,310,0,0,0,0,0,0,0,0,0,0,0,0,0.000000,0,False,False
2,311,0,0,0,0,0,0,0,0,0,0,0,0,0.000000,0,False,False
2,312,90,0,0,0,1,0,0,1,0,0,0,0,0.000000,0,True,False
2,313,68,0,0,0,1,0,0,0,0,0,0,0,0.000000,2,True,False
2,314,90,0,0,0,1,0,0,0,0,0,0,0,0.000000,2,True,False
2,315,90,1,0,0,1,0,0,0,0,0,0,3,0.000000,11,True,True
2,316,0,0,0,0,0,0,0,0,0,0,0,0,0.000000,0,False,False
2,317,0,0,0,0,0,0,0,0,0,0,0,0,0.000000,0,False,False
2,318,90,0,0,0,1,0,0,0,0,0,0,0,0.000000,2,True,False
2,319,90,0,0,0,1,0,0,0,1,0,0,1,0.000000,2,True,False
2,320,90,0,0,0,1,0,0,0,0,0,0,0,0.000000,2,True,False
2,321,90,0,0,0,1,0,0,0,0,0,0,0,0.000000,2,True,False
2,322,90,0,0,0,1,0,0,0,0,0,2,0,0.000000,2,True,False
2,323,90,0,0,0,1,0,0,0,0,0,0,0,0.000000,2,True,False
2,324,0,0,0,0,0,0,0,0,0,0,0,0,0.000000,0,False,False
2,325,90,0,0,0,1,0,0,0,0,0,0,2,0.000000,4,True,False
2,326,69,1,0,0,1,0,0,0,0,0,0,0,0.000000,6,True,False
2,327,0,0,0,0,0,0,0,0,0,0,0,0,0.000000,0,False,False
2,328,4,0,0,0,0,0,0,0,0,0,0,0,0.000000,1,True,False
2,329,0,0,0,0,0,0,0,0,0,0,0,0,0.000000,0,False,False
2,330,90,1,1,0,1,0,0,0,0,0,0,3,0.000000,14,True,True
2,331,90,0,0,0,1,0,0,0,1,0,0,0,0.000000,1,True,False
2,332,0,0,0,0,0,0,0,0,0,0,0,0,0.000000,0,False,False
2,333,0,0,0,0,0,0,0,0,0,0,0,0,0.000000,0,False,False
2,334,0,0,0,0,0,0,0,0,0,0,0,0,0.000000,0,False,False
2,335,17,0,0,0,0,0,0,0,1,0,0,0,0.000000,0,True,False
2,336,78,0,1,0,1,0,0,0,0,0,0,0,0.000000,5,True,False
2,337,26,0,0,0,0,0,0,0,0,0,0,0,0.000000,1,True,False
2,338,0,0,0,0,0,0,0,0,0,0,0,0,0.000000,0,False,False
2,339,90,0,1,0,1,0,0,0,0,0,0,0,0.000000,5,True,False
2,340,0,0,0,0,0,0,0,0,0,0,0,0,0.000000,0,False,False
2,341,0,0,0,0,0,0,0,0,0,0,0,0,0.000000,0,False,False
2,342,0,0,0,0,0,0,0,0,0,0,0,0,0.000000,0,False,False
2,343,0,0,0,0,0,0,0,0,0,0,0,0,0.000000,0,False,False
2,344,90,0,0,0,1,0,0,0,1,0,0,0,0.000000,1,True,False
2,345,30,0,0,0,0,0,0,0,0,0,0,0,0.000000,1,True,False
2,346,83,2,0,0,1,0,0,0,1,0,0,3,0.000000,16,True,True
2,347,0,0,0,0,0,0,0,0,0,0,0,0,0.000000,0,False,False
2,348,90,0,0,0,1,0,0,0,0,0,0,0,0.000000,2,True,False
2,349,11,0,0,0,0,0,0,0,0,0,0,0,0.000000,1,True,False
2,350,0,0,0,0,0,0,0,0,0,0,0,0,0.000000,0,False,False
2,351,22,0,0,0,0,0,0,0,0,0,0,0,0.000000,1,True,False
2,352,0,0,0,0,0,0,0,0,0,0,0,0,0.000000,0,False,False
2,353,90,0,0,0,1,0,0,0,0,0,4,0,0.000000,3,True,False
2,354,0,0,0,0,0,0,0,0,0,0,0,0,0.000000,0,False,False
2,355,90,0,0,0,1,0,0,0,0,0,0,0,0.000000,2,True,False
2,356,73,0,1,0,1,0,0,0,0,0,0,0,0.000000,5,True,False
2,357,65,2,0,0,1,0,0,0,0,0,0,1,0.000000,13,True,True
2,358,30,0,0,0,0,0,0,0,0,0,0,0,0.000000,1,True,False
2,359,90,0,1,0,1,0,0,0,0,0,0,0,0.000000,5,True,False
2,360,84,0,1,0,1,0,0,0,0,0,0,2,0.000000,7,True,False
2,361,11,0,0,0,0,0,0,0,0,0,0,0,0.000000,1,True,False
2,362,0,0,0,0,0,0,0,0,0,0,0,0,0.000000,0,False,False
2,363,65,0,0,0,1,0,0,0,1,0,0,0,0.000000,1,True,False
2,364,0,0,0,0,0,0,0,0,0,0,0,0,0.000000,0,False,False
2,365,0,0,0,0,0,0,0,0,0,0,0,0,0.000000,0,False,False
2,366,90,0,0,1,0,0,0,0,0,0,0,0,0.000000,6,True,False
2,367,0,0,0,0,0,0,0,0,0,0,0,0,0.000000,0,False,False
2,368,0,0,0,0,0,0,0,0,0,0,0,0,0.000000,0,False,False
2,369,90,0,0,1,0,0,0,0,0,0,0,0,0.000000,3,True,False
2,370,32,0,0,0,0,0,0,0,0,0,0,0,0.000000,1,True,False
2,371,90,0,0,1,0,0,0,0,0,0,0,0,0.000000,3,True,False
2,372,0,0,0,0,0,0,0,0,0,0,0,0,0.000000,0,False,False
2,373,66,1,0,1,0,0,0,0,0,0,0,2,0.000000,10,True,True
2,374,0,0,0,0,0,0,0,0,0,0,0,0,0.000000,0,False,False
2,375,0,0,0,0,0,0,0,0,0,0,0,0,0.000000,0,False,False
2,376,58,0,0,0,0,0,0,0,0,0,0,0,0.000000,1,True,False
2,377,40,0,0,0,0,0,0,0,0,0,0,0,0.000000,1,True,False
2,378,58,0,0,0,0,0,0,0,0,0,0,0,0.000000,1,True,False
2,379,0,0,0,0,0,0,0,0,0,0,0,0,0.000000,0,False,False
2,380,90,0,0,1,0,0,0,0,0,0,0,1,0.000000,7,True,False
2,381,0,0,0,0,0,0,0,0,0,0,0,0,0.000000,0,False,False
2,382,58,0,0,0,0,0,0,0,0,0,0,0,0.000000,1,True,False
2,383,90,0,0,1,0,0,0,0,0,0,0,0,0.000000,6,True,False
2,384,0,0,0,0,0,0,0,0,0,0,0,0,0.000000,0,False,False
2,385,90,1,0,1,0,0,0,0,0,0,0,3,0.000000,15,True,True
2,386,90,0,2,1,0,0,0,0,1,0,0,0,0.000000,11,True,True
2,387,18,0,0,0,0,0,0,0,0,0,0,0,0.000000,1,True,False
2,388,40,0,0,0,0,0,0,0,1,0,0,0,0.000000,0,True,False
2,389,0,0,0,0,0,0,0,0,0,0,0,0,0.000000,0,False,False
2,390,0,0,0,0,0,0,0,0,0,0,0,0,0.000000,0,False,False
2,391,21,0,0,0,0,0,0,0,0,0,0,0,0.000000,1,True,False
2,392,90,0,0,0,1,0,0,0,1,0,2,0,0.000000,1,True,False
2,393,0,0,0,0,0,0,0,0,0,0,0,0,0.000000,0,False,False
2,394,10,0,0,0,0,0,0,0,0,0,0,0,0.000000,1,True,False
2,395,58,0,0,0,1,0,0,0,0,0,0,0,0.000000,1,True,False
2,396,90,0,0,0,1,0,0,0,0,0,0,0,0.000000,2,True,False
2,397,83,0,0,0,1,0,0,0,0,0,0,0,0.000000,2,True,False
2,398,0,0,0,0,0,0,0,0,0,0,0,0,0.000000,0,False,False
2,399,0,0,0,0,0,0,0,0,0,0,0,0,0.000000,0,False,False
2,400,83,0,0,0,1,0,0,0,0,0,0,0,0.000000,2,True,False
2,401,90,0,1,0,1,0,0,0,0,0,0,0,0.000000,5,True,False
2,402,58,0,0,0,1,0,0,0,0,0,0,0,0.000000,1,True,False
2,403,90,0,0,0,1,0,0,0,0,0,0,0,0.000000,2,True,False
2,404,0,0,0,0,0,0,0,0,0,0,0,0,0.000000,0,False,False
2,405,90,0,0,0,1,0,0,0,0,0,0,0,0.000000,2,True,False
2,406,0,0,0,0,0,0,0,0,0,0,0,0,0.000000,0,False,False
2,407,45,0,0,0,0,0,0,0,1,0,0,0,0.000000,0,True,False
2,408,45,0,0,0,1,0,0,0,0,0,0,0,0.000000,1,True,False
2,409,0,0,0,0,0,0,0,0,0,0,0,0,0.000000,0,False,False
2,410,35,0,0,0,0,0,0,0,0,0,0,0,0.000000,1,True,False
2,411,0,0,0,0,0,0,0,0,0,0,0,0,0.000000,0,False,False
2,412,0,0,0,0,0,0,0,0,0,0,0,0,0.000000,0,False,False
2,413,0,0,0,0,0,0,0,0,0,0,0,0,0.000000,0,False,False
2,414,90,1,0,0,1,0,0,0,0,0,0,1,0.000000,7,True,True
2,415,10,0,0,0,0,0,0,0,0,0,0,0,0.000000,1,True,False
2,416,0,0,0,0,0,0,0,0,0,0,0,0,0.000000,0,False,False
2,417,0,0,0,0,0,0,0,0,0,0,0,0,0.000000,0,False,False
2,418,81,0,1,0,1,0,0,0,0,0,0,0,0.000000,5,True,False
2,419,0,0,0,0,0,0,0,0,0,0,0,0,0.000000,0,False,False
2,420,85,0,0,0,4,0,0,0,0,0,0,0,0.000000,2,True,False
2,421,64,0,0,0,4,0,0,0,0,0,0,0,0.000000,2,True,False
2,422,7,0,0,0,0,0,0,0,0,0,0,0,0.000000,1,True,False
2,423,0,0,0,0,0,0,0,0,0,0,0,0,0.000000,0,False,False
2,424,0,0,0,0,0,0,0,0,0,0,0,0,0.000000,0,False,False
2,425,64,0,0,0,4,0,0,0,0,0,0,0,0.000000,2,True,False
2,426,0,0,0,0,0,0,0,0,0,0,0,0,0.000000,0,False,False
2,427,0,0,0,0,0,0,0,0,0,0,0,0,0.000000,0,False,False
3,1,62,1,0,1,0,0,0,0,0,0,0,3,0.000000,15,True,True
3,2,90,0,0,1,0,0,0,0,0,0,0,0,0.000000,6,True,False
3,3,0,0,0,0,0,0,0,0,0,0,0,0,0.000000,0,False,False
3,4,0,0,0,0,0,0,0,0,0,0,0,0,0.000000,0,False,False
3,5,90,1,0,1,0,0,0,0,0,0,0,0,0.000000,12,True,True
3,6,13,0,0,0,0,0,0,0,0,0,0,0,0.000000,1,True,False
3,7,0,0,0,0,0,0,0,0,0,0,0,0,0.000000,0,False,False
3,8,76,0,2,1,0,0,0,0,0,0,0,0,0.000000,8,True,False
3,9,0,0,0,0,0,0,0,0,0,0,0,0,0.000000,0,False,False
3,10,90,0,0,1,0,0,0,0,0,0,2,0,0.000000,6,True,False
3,11,0,0,0,0,0,0,0,0,0,0,0,0,0.000000,0,False,False
3,12,90,0,0,1,0,0,0,0,0,0,0,0,0.000000,3,True,False
3,13,0,0,0,0,0,0,0,0,0,0,0,0,0.000000,0,False,False
3,14,90,0,0,1,0,0,0,0,0,0,0,0,0.000000,3,True,False
3,15,76,1,1,1,0,0,0,0,0,0,0,2,0.000000,13,True,True
3,16,62,0,0,1,0,0,0,0,0,0,0,0,0.000000,3,True,False
3,17,27,0,0,0,0,0,0,0,1,0,0,0,0.000000,0,True,False
3,18,83,0,0,1,0,0,0,0,0,0,0,0,0.000000,3,True,False
3,19,27,0,0,0,0,0,0,0,0,0,0,0,0.000000,1,True,False
3,20,13,0,0,0,0,0,0,0,0,0,0,0,0.000000,1,True,False
3,21,90,0,0,1,0,0,0,0,0,0,0,1,0.000000,7,True,False
3,22,0,0,0,0,0,0,0,0,0,0,0,0,0.000000,0,False,False
3,23,0,0,0,0,0,0,0,0,0,0,0,0,0.000000,0,False,False
3,24,0,0,0,0,0,0,0,0,0,0,0,0,0.000000,0,False,False
3,25,6,0,0,0,0,0,0,0,0,0,0,0,0.000000,1,True,False
3,26,0,0,0,0,0,0,0,0,0,0,0,0,0.000000,0,False,False
3,27,62,0,0,1,0,0,0,0,0,0,0,0,0.000000,6,True,False
3,28,90,0,0,0,1,0,0,0,0,0,0,0,0.000000,2,True,False
3,29,90,0,0,0,1,0,0,0,0,0,0,0,0.000000,2,True,False
3,30,0,0,0,0,0,0,0,0,0,0,0,0,0.000000,0,False,False
3,31,78,1,1,0,1,0,0,0,0,0,0,3,0.000000,12,True,True
3,32,90,0,0,0,1,0,0,0,0,0,3,0,0.000000,3,True,False
3,33,0,0,0,0,0,0,0,0,0,0,0,0,0.000000,0,False,False
3,34,0,0,0,0,0,0,0,0,0,0,0,0,0.000000,0,False,False
3,35,0,0,0,0,0,0,0,0,0,0,0,0,0.000000,0,False,False
3,36,11,1,0,0,0,0,0,0,0,0,0,0,0.000000,6,True,False
3,37,90,0,0,0,1,0,0,0,0,0,0,0,0.000000,2,True,False
3,38,11,0,1,0,0,0,0,0,0,0,0,0,0.000000,4,True,False
3,39,27,0,0,0,1,0,0,0,0,0,0,0,0.000000,1,True,False
3,40,0,0,0,0,0,0,0,0,0,0,0,0,0.000000,0,False,False
3,41,0,0,0,0,0,0,0,0,0,0,0,0,0.000000,0,False,False
3,42,0,0,0,0,0,0,0,0,0,0,0,0,0.000000,0,False,False
3,43,0,0,0,0,0,0,0,0,0,0,0,0,0.000000,0,False,False
3,44,90,0,0,0,1,0,0,0,0,0,0,0,0.000000,2,True,False
3,45,83,1,1,0,1,0,0,0,0,0,0,2,0.000000,11,True,True
3,46,90,0,1,0,1,0,0,0,0,0,0,1,0.000000,6,True,False
3,47,0,0,0,0,0,0,0,0,0,0,0,0,0.000000,0,False,False
3,48,0,0,0,0,0,0,0,0,0,0,0,0,0.000000,0,False,False
3,49,0,0,0,0,0,0,0,0,0,0,0,0,0.000000,0,False,False
3,50,62,0,0,1,0,0,0,0,0,0,0,0,0.000000,3,True,False
3,51,78,1,0,0,1,0,0,0,0,0,0,0,0.000000,7,True,False
3,52,6,0,0,0,0,0,0,0,0,0,0,0,0.000000,1,True,False
3,53,0,0,0,0,0,0,0,0,0,0,0,0,0.000000,0,False,False
3,54,90,0,0,0,2,0,0,0,1,0,4,0,0.000000,1,True,False
3,55,90,0,0,0,2,0,0,0,0,0,0,0,0.000000,1,True,False
3,56,0,0,0,0,0,0,0,0,0,0,0,0,0.000000,0,False,False
3,57,0,0,0,0,0,0,0,0,0,0,0,0,0.000000,0,False,False
3,58,84,0,0,0,2,0,0,0,0,0,0,0,0.000000,1,True,False
3,59,58,0,0,0,2,0,0,0,0,0,0,0,0.000000,1,True,False
3,60,0,0,0,0,0,0,0,0,0,0,0,0,0.000000,0,False,False
3,61,0,0,0,0,0,0,0,0,0,0,0,0,0.000000,0,False,False
3,62,0,0,0,0,0,0,0,0,0,0,0,0,0.000000,0,False,False
3,63,90,0,2,0,2,0,0,0,0,0,0,3,0.000000,11,True,True
3,64,83,1,0,0,2,0,0,0,0,0,0,2,0.000000,9,True,False
3,65,58,0,0,0,2,0,0,0,0,0,0,0,0.000000,0,True,False
3,66,90,0,0,0,2,0,0,0,0,0,0,0,0.000000,1,True,False
3,67,90,0,0,0,2,0,0,0,0,0,0,0,0.000000,2,True,False
3,68,0,0,0,0,0,0,0,0,0,0,0,0,0.000000,0,False,False
3,69,6,1,0,0,0,0,0,0,1,0,0,0,0.000000,5,True,False
3,70,0,0,0,0,0,0,0,0,0,0,0,0,0.000000,0,False,False
3,71,31,0,0,0,0,0,0,0,0,0,0,0,0.000000,1,True,False
3,72,31,0,1,0,0,0,0,0,0,0,0,0,0.000000,4,True,False
3,73,0,0,0,0,0,0,0,0,0,0,0,0,0.000000,0,False,False
3,74,37,0,0,0,1,0,0,0,0,0,0,0,0.000000,1,True,False
3,75,52,1,0,0,1,0,0,0,0,0,0,0,0.000000,6,True,False
3,76,0,0,0,0,0,0,0,0,0,0,0,0,0.000000,0,False,False
3,77,0,0,0,0,0,0,0,0,0,0,0,0,0.000000,0,False,False
3,78,0,0,0,0,0,0,0,0,0,0,0,0,0.000000,0,False,False
3,79,90,0,0,0,5,0,0,0,0,0,0,0,0.000000,0,True,False
3,80,0,0,0,0,0,0,0,0,0,0,0,0,0.000000,0,False,False
3,81,0,0,0,0,0,0,0,0,0,0,0,0,0.000000,0,False,False
3,82,33,0,1,0,3,0,0,0,0,0,0,0,0.000000,3,True,False
3,83,0,0,0,0,0,0,0,0,0,0,0,0,0.000000,0,False,False
3,84,90,0,0,0,5,0,0,0,0,0,0,0,0.000000,0,True,False
3,85,0,0,0,0,0,0,0,0,0,0,0,0,0.000000,0,False,False
3,86,56,0,0,0,2,0,0,0,0,0,0,0,0.000000,1,True,False
3,87,0,0,0,0,0,0,0,0,0,0,0,0,0.000000,0,False,False
3,88,90,0,0,0,5,0,0,0,0,0,4,0,0.000000,1,True,False
3,89,0,0,0,0,0,0,0,0,0,0,0,0,0.000000,0,False,False
3,90,0,0,0,0,0,0,0,0,0,0,0,0,0.000000,0,False,False
3,91,56,0,0,0,2,0,0,0,1,0,0,0,0.000000,0,True,False
3,92,74,0,0,0,3,0,0,0,0,0,0,0,0.000000,2,True,False
3,93,32,0,0,0,3,0,0,0,0,0,0,0,0.000000,1,True,False
3,94,0,0,0,0,0,0,0,0,0,0,0,0,0.000000,0,False,False
3,95,0,0,0,0,0,0,0,0,0,0,0,0,0.000000,0,False,False
3,96,0,0,0,0,0,0,0,0,0,0,0,0,0.000000,0,False,False
3,97,90,0,0,0,5,0,0,0,0,0,0,0,0.000000,0,True,False
3,98,0,0,0,0,0,0,0,0,0,0,0,0,0.000000,0,False,False
3,99,15,0,0,0,2,0,0,0,0,0,0,0,0.000000,1,True,False
3,100,90,0,0,0,5,0,0,0,0,0,0,0,0.000000,2,True,False
3,101,0,0,0,0,0,0,0,0,0,0,0,0,0.000000,0,False,False
3,102,90,0,0,0,5,0,0,0,0,0,0,0,0.000000,0,True,False
3,103,90,0,0,0,5,0,0,0,0,0,0,0,0.000000,0,True,False
3,104,57,0,0,0,2,0,0,0,0,0,0,0,0.000000,1,True,False
3,105,0,0,0,0,0,0,0,0,0,0,0,0,0.000000,0,False,False
3,106,0,0,0,0,0,0,0,0,0,0,0,0,0.000000,0,False,False
3,107,0,0,0,0,0,0,0,0,0,0,0,0,0.000000,0,False,False
3,108,0,0,0,0,0,0,0,0,0,0,0,0,0.000000,0,False,False
3,109,90,0,0,0,2,0,0,0,1,0,0,0,0.000000,0,True,False
3,110,0,0,0,0,0,0,0,0,0,0,0,0,0.000000,0,False,False
3,111,90,0,1,0,2,0,0,0,0,0,0,0,0.000000,4,True,False
3,112,60,0,0,0,2,0,0,0,0,0,0,0,0.000000,1,True,False
3,113,0,0,0,0,0,0,0,0,0,0,0,0,0.000000,0,False,False
3,114,0,0,0,0,0,0,0,0,0,0,0,0,0.000000,0,False,False
3,115,0,0,0,0,0,0,0,0,0,0,0,0,0.000000,0,False,False
3,116,90,1,0,0,2,0,0,0,0,0,0,0,0.000000,7,True,False
3,117,90,0,0,0,2,0,0,0,0,0,0,0,0.000000,2,True,False
3,118,45,0,0,0,0,0,0,0,0,0,0,0,0.000000,1,True,False
3,119,0,0,0,0,0,0,0,0,0,0,0,0,0.000000,0,False,False
3,120,45,0,0,0,2,0,0,0,0,0,0,0,0.000000,1,True,False
3,121,0,0,0,0,0,0,0,0,0,0,0,0,0.000000,0,False,False
3,122,90,0,0,0,2,0,0,0,0,0,0,0,0.000000,1,True,False
3,123,0,0,0,0,0,0,0,0,0,0,0,0,0.000000,0,False,False
3,124,90,0,0,0,2,0,0,0,0,0,0,0,0.000000,1,True,False
3,125,0,0,0,0,0,0,0,0,0,0,0,0,0.000000,0,False,False
3,126,0,0,0,0,0,0,0,0,0,0,0,0,0.000000,0,False,False
3,127,29,0,0,0,0,0,0,0,0,0,0,0,0.000000,1,True,False
3,128,60,0,0,0,2,0,0,0,0,0,0,0,0.000000,2,True,False
3,129,90,0,0,0,2,0,0,0,0,0,0,0,0.000000,2,True,False
3,130,0,0,0,0,0,0,0,0,0,0,0,0,0.000000,0,False,False
3,131,0,0,0,0,0,0,0,0,0,0,0,0,0.000000,0,False,False
3,132,29,0,0,0,0,0,0,0,0,0,0,0,0.000000,1,True,False
3,133,0,0,0,0,0,0,0,0,0,0,0,0,0.000000,0,False,False
3,134,0,0,0,0,0,0,0,0,0,0,0,0,0.000000,0,False,False
3,135,61,0,0,0,3,0,0,0,0,0,0,0,0.000000,2,True,False
3,136,0,0,0,0,0,0,0,0,0,0,0,0,0.000000,0,False,False
3,137,0,0,0,0,0,0,0,0,0,0,0,0,0.000000,0,False,False
3,138,90,0,0,0,3,0,0,0,0,0,0,0,0.000000,1,True,False
3,139,90,0,0,0,3,0,0,0,0,0,0,0,0.000000,1,True,False
3,140,0,0,0,0,0,0,0,0,0,0,0,0,0.000000,0,False,False
3,141,28,0,0,0,0,0,0,0,0,0,0,0,0.000000,1,True,False
3,142,61,0,0,0,3,0,0,0,0,0,0,0,0.000000,2,True,False
3,143,0,0,0,0,0,0,0,0,0,0,0,0,0.000000,0,False,False
3,144,90,0,0,0,3,0,0,0,0,0,5,0,0.000000,2,True,False
3,145,45,0,0,0,2,0,0,0,0,0,0,0,0.000000,0,True,False
3,146,90,0,0,0,3,0,0,0,0,0,0,0,0.000000,2,True,False
3,147,28,0,0,0,0,0,0,0,0,0,0,0,0.000000,1,True,False
3,148,0,0,0,0,0,0,0,0,0,0,0,0,0.000000,0,False,False
3,149,0,0,0,0,0,0,0,0,0,0,0,0,0.000000,0,False,False
3,150,62,0,0,0,3,0,0,0,0,0,0,0,0.000000,2,True,False
3,151,0,0,0,0,0,0,0,0,0,0,0,0,0.000000,0,False,False
3,152,0,0,0,0,0,0,0,0,0,0,0,0,0.000000,0,False,False
3,153,0,0,0,0,0,0,0,0,0,0,0,0,0.000000,0,False,False
3,154,90,0,0,0,3,0,0,0,0,0,0,0,0.000000,1,True,False
3,155,79,0,0,0,3,0,0,0,1,0,0,0,0.000000,1,True,False
3,156,27,0,0,0,0,0,0,0,0,0,0,0,0.000000,1,True,False
3,157,0,0,0,0,0,0,0,0,0,0,0,0,0.000000,0,False,False
3,158,90,0,0,0,3,0,0,0,0,0,0,0,0.000000,1,True,False
3,159,10,0,0,0,0,0,0,0,0,0,0,0,0.000000,1,True,False
3,160,90,0,0,1,0,0,0,0,1,0,3,0,0.000000,6,True,False
3,161,0,0,0,0,0,0,0,0,0,0,0,0,0.000000,0,False,False
3,162,90,0,0,1,0,0,0,0,0,0,0,0,0.000000,6,True,False
3,163,90,0,0,1,0,0,0,0,0,0,0,0,0.000000,6,True,False
3,164,0,0,0,0,0,0,0,0,0,0,0,0,0.000000,0,False,False
3,165,90,0,0,1,0,0,0,0,0,0,0,0,0.000000,6,True,False
3,166,0,0,0,0,0,0,0,0,0,0,0,0,0.000000,0,False,False
3,167,1,0,0,0,0,0,0,0,0,0,0,0,0.000000,1,True,False
3,168,0,0,0,0,0,0,0,0,0,0,0,0,0.000000,0,False,False
3,169,63,0,0,0,1,0,0,0,0,0,0,0,0.000000,2,True,False
3,170,90,0,0,1,0,0,0,0,1,0,0,0,0.000000,2,True,False
3,171,90,0,0,1,0,0,0,0,0,0,0,0,0.000000,3,True,False
3,172,90,0,0,1,0,0,0,0,0,0,0,0,0.000000,3,True,False
3,173,0,0,0,0,0,0,0,0,0,0,0,0,0.000000,0,False,False
3,174,0,0,0,0,0,0,0,0,0,0,0,0,0.000000,0,False,False
3,175,0,0,0,0,0,0,0,0,0,0,0,0,0.000000,0,False,False
3,176,82,0,0,1,0,0,0,0,0,0,0,0,0.000000,3,True,False
3,177,0,0,0,0,0,0,0,0,0,0,0,0,0.000000,0,False,False
3,178,0,0,0,0,0,0,0,0,0,0,0,0,0.000000,0,False,False
3,179,90,0,1,1,0,0,0,0,0,0,0,3,0.000000,9,True,False
3,180,1,0,0,0,0,0,0,0,0,0,0,0,0.000000,1,True,False
3,181,7,0,0,0,0,0,0,0,0,0,0,0,0.000000,1,True,False
3,182,0,0,0,0,0,0,0,0,0,0,0,0,0.000000,0,False,False
3,183,90,1,0,1,0,0,0,0,0,0,0,2,0.000000,8,True,False
3,184,0,0,0,0,0,0,0,0,0,0,0,0,0.000000,0,False,False
3,185,14,0,0,0,0,0,0,0,0,0,0,0,0.000000,1,True,False
3,186,0,0,0,0,0,0,0,0,0,0,0,0,0.000000,0,False,False
3,187,1,0,0,0,0,0,0,0,0,0,0,0,0.000000,1,True,False
3,188,65,0,0,0,1,0,0,0,0,0,0,0,0.000000,2,True,False
3,189,0,0,0,0,0,0,0,0,0,0,0,0,0.000000,0,False,False
3,190,90,0,0,0,1,0,0,0,1,0,0,0,0.000000,1,True,False
3,191,24,0,0,0,0,0,0,0,0,0,0,0,0.000000,1,True,False
3,192,0,0,0,0,0,0,0,0,0,0,0,0,0.000000,0,False,False
3,193,90,0,0,0,1,0,0,0,0,0,0,1,0.000000,3,True,False
3,194,0,0,0,0,0,0,0,0,0,0,0,0,0.000000,0,False,False
3,195,27,1,1,0,1,0,0,0,0,0,0,0,0.000000,9,True,False
3,196,0,0,0,0,0,0,0,0,0,0,0,0,0.000000,0,False,False
3,197,79,0,0,0,1,0,0,0,0,0,0,0,0.000000,2,True,False
3,198,0,0,0,0,0,0,0,0,0,0,0,0,0.000000,0,False,False
3,199,0,0,0,0,0,0,0,0,0,0,0,0,0.000000,0,False,False
3,200,65,0,0,0,1,0,0,0,0,0,0,0,0.000000,2,True,False
3,201,90,0,0,0,1,0,0,0,0,0,0,0,0.000000,2,True,False
3,202,0,0,0,0,0,0,0,0,0,0,0,0,0.000000,0,False,False
3,203,45,0,0,0,0,0,0,0,0,0,0,0,0.000000,1,True,False
3,204,0,0,0,0,0,0,0,0,0,0,0,0,0.000000,0,False,False
3,205,90,0,0,0,1,0,0,0,0,0,3,0,0.000000,3,True,False
3,206,43,0,0,0,1,0,0,0,0,0,0,0,0.000000,1,True,False
3,207,10,0,0,0,0,0,0,0,0,0,0,0,0.000000,1,True,False
3,208,90,0,0,0,1,0,0,0,0,0,0,0,0.000000,2,True,False
3,209,0,0,0,0,0,0,0,0,0,0,0,0,0.000000,0,False,False
3,210,90,0,0,0,2,0,0,0,1,0,0,0,0.000000,0,True,False
3,211,71,0,0,0,2,0,0,0,0,0,0,0,0.000000,1,True,False
3,212,49,0,0,0,1,0,0,0,0,0,0,0,0.000000,1,True,False
3,213,0,0,0,0,0,0,0,0,0,0,0,0,0.000000,0,False,False
3,214,0,0,0,0,0,0,0,0,0,0,0,0,0.000000,0,False,False
3,215,0,0,0,0,0,0,0,0,0,0,0,0,0.000000,0,False,False
3,216,0,0,0,0,0,0,0,0,0,0,0,0,0.000000,0,False,False
3,217,75,0,0,1,0,0,0,0,0,0,0,0,0.000000,6,True,False
3,218,44,0,0,0,1,0,0,0,0,0,0,0,0.000000,1,True,False
3,219,0,0,0,0,0,0,0,0,0,0,0,0,0.000000,0,False,False
3,220,45,0,0,0,1,0,0,0,0,0,0,0,0.000000,1,True,False
3,221,89,0,0,0,2,0,0,0,0,0,0,0,0.000000,2,True,False
3,222,0,0,0,0,0,0,0,0,0,0,0,0,0.000000,0,False,False
3,223,45,0,0,0,1,0,0,0,0,0,0,0,0.000000,1,True,False
3,224,44,0,0,0,1,0,0,0,0,0,0,0,0.000000,1,True,False
3,225,0,0,0,0,0,0,0,0,0,0,0,0,0.000000,0,False,False
3,226,0,0,0,0,0,0,0,0,0,0,0,0,0.000000,0,False,False
3,227,0,0,0,0,0,0,0,0,0,0,0,0,0.000000,0,False,False
3,228,18,0,0,0,0,0,0,0,0,0,0,0,0.000000,1,True,False
3,229,0,0,0,0,0,0,0,0,0,0,0,0,0.000000,0,False,False
3,230,1,0,0,0,0,0,0,0,0,0,0,0,0.000000,1,True,False
3,231,0,0,0,0,0,0,0,0,0,0,0,0,0.000000,0,False,False
3,232,90,0,0,0,2,0,0,0,1,0,4,0,0.000000,1,True,False
3,233,0,0,0,0,0,0,0,0,0,0,0,0,0.000000,0,False,False
3,234,90,0,0,0,2,0,0,0,0,0,0,0,0.000000,1,True,False
3,235,40,0,0,0,1,0,0,0,1,0,0,0,0.000000,0,True,False
3,236,90,0,0,0,2,0,0,0,0,0,0,0,0.000000,2,True,False
3,237,90,0,0,0,2,0,0,0,0,0,0,0,0.000000,2,True,False
3,238,90,0,0,0,2,0,0,0,0,0,0,0,0.000000,2,True,False
3,239,0,0,0,0,0,0,0,0,0,0,0,0,0.000000,0,False,False
3,240,1,0,0,0,0,0,0,0,0,0,0,0,0.000000,1,True,False
3,241,7,0,0,0,0,0,0,0,0,0,0,0,0.000000,1,True,False
3,242,82,0,0,0,1,0,0,0,0,0,0,0,0.000000,2,True,False
3,243,90,0,1,0,1,0,0,0,0,0,0,3,0.000000,8,True,False
3,244,90,0,0,0,1,0,0,0,0,0,0,0,0.000000,2,True,False
3,245,0,0,0,0,0,0,0,0,0,0,0,0,0.000000,0,False,False
3,246,90,0,0,0,1,0,0,0,0,0,0,0,0.000000,2,True,False
3,247,90,0,0,0,1,0,0,0,1,0,0,0,0.000000,1,True,False
3,248,0,0,0,0,0,0,0,0,0,0,0,0,0.000000,0,False,False
3,249,0,0,0,0,0,0,0,0,0,0,0,0,0.000000,0,False,False
3,250,7,0,0,0,0,0,0,0,0,0,0,0,0.000000,1,True,False
3,251,82,1,0,0,1,0,0,0,0,0,0,2,0.000000,9,True,False
3,252,90,0,0,0,1,0,0,0,0,0,0,0,0.000000,2,True,False
3,253,7,0,0,0,0,0,0,0,0,0,0,0,0.000000,1,True,False
3,254,82,0,0,0,1,0,0,0,1,0,0,0,0.000000,1,True,False
3,255,0,0,0,0,0,0,0,0,0,0,0,0,0.000000,0,False,False
3,256,62,1,0,0,1,0,0,0,0,0,0,0,0.000000,7,True,False
3,257,0,0,0,0,0,0,0,0,0,0,0,0,0.000000,0,False,False
3,258,90,0,0,0,1,0,0,0,1,0,0,0,0.000000,1,True,False
3,259,90,0,0,0,1,0,0,0,0,0,0,1,0.000000,3,True,False
3,260,90,0,0,0,1,0,0,0,0,0,0,0,0.000000,2,True,False
3,261,90,0,0,0,2,0,0,0,0,0,3,0,0.000000,2,True,False
3,262,0,0,0,0,0,0,0,0,0,0,0,0,0.000000,0,False,False
3,263,90,0,0,0,1,0,0,0,0,0,0,0,0.000000,2,True,False
3,264,1,0,0,0,0,0,0,0,0,0,0,0,0.000000,1,True,False
3,265,0,0,0,0,0,0,0,0,0,0,0,0,0.000000,0,False,False
3,266,0,0,0,0,0,0,0,0,0,0,0,0,0.000000,0,False,False
3,267,0,0,0,0,0,0,0,0,0,0,0,0,0.000000,0,False,False
3,268,20,0,0,0,0,0,0,0,0,0,0,0,0.000000,1,True,False
3,269,0,0,0,0,0,0,0,0,0,0,0,0,0.000000,0,False,False
3,270,90,0,0,0,1,0,0,0,0,0,0,0,0.000000,2,True,False
3,271,0,0,0,0,0,0,0,0,0,0,0,0,0.000000,0,False,False
3,272,90,0,0,0,1,0,0,0,0,0,0,0,0.000000,2,True,False
3,273,0,0,0,0,0,0,0,0,0,0,0,0,0.000000,0,False,False
3,274,0,0,0,0,0,0,0,0,0,0,0,0,0.000000,0,False,False
3,275,0,0,0,0,0,0,0,0,0,0,0,0,0.000000,0,False,False
3,276,81,0,0,0,1,0,0,0,0,0,0,1,0.000000,3,True,False
3,277,0,0,0,0,0,0,0,0,0,0,0,0,0.000000,0,False,False
3,278,90,0,0,0,1,0,0,0,0,0,0,0,0.000000,2,True,False
3,279,0,0,0,0,0,0,0,0,0,0,0,0,0.000000,0,False,False
3,280,0,0,0,0,0,0,0,0,0,0,0,0,0.000000,0,False,False
3,281,81,0,1,0,1,0,0,0,0,0,0,0,0.000000,5,True,False
3,282,89,0,0,0,1,0,0,0,0,0,0,0,0.000000,2,True,False
3,283,90,0,0,0,1,0,0,0,0,0,0,0,0.000000,2,True,False
3,284,90,0,0,0,1,0,0,0,0,0,0,0,0.000000,2,True,False
3,285,69,1,0,0,1,0,0,0,0,0,0,0,0.000000,8,True,False
3,286,0,0,0,0,0,0,0,0,0,0,0,0,0.000000,0,False,False
3,287,8,0,0,0,0,0,0,0,0,0,0,0,0.000000,1,True,False
3,288,8,0,0,0,0,0,0,0,0,0,0,0,0.000000,1,True,False
3,289,0,0,0,0,0,0,0,0,0,0,0,0,0.000000,0,False,False
3,290,90,0,0,0,1,0,0,0,0,0,4,3,0.000000,6,True,False
3,291,0,0,0,0,0,0,0,0,0,0,0,0,0.000000,0,False,False
3,292,0,0,0,0,0,0,0,0,0,0,0,0,0.000000,0,False,False
3,293,0,0,0,0,0,0,0,0,0,0,0,0,0.000000,0,False,False
3,294,1,0,0,0,0,0,0,0,0,0,0,0,0.000000,1,True,False
3,295,90,0,0,0,1,0,0,0,0,0,0,0,0.000000,2,True,False
3,296,0,0,0,0,0,0,0,0,0,0,0,0,0.000000,0,False,False
3,297,90,0,0,0,1,0,0,0,0,0,0,0,0.000000,2,True,False
3,298,0,0,0,0,0,0,0,0,0,0,0,0,0.000000,0,False,False
3,299,0,0,0,0,0,0,0,0,0,0,0,0,0.000000,0,False,False
3,300,90,0,0,0,1,0,0,0,0,0,0,0,0.000000,2,True,False
3,301,75,0,0,0,1,0,0,0,1,0,0,0,0.000000,1,True,False
3,302,0,0,0,0,0,0,0,0,0,0,0,0,0.000000,0,False,False
3,303,14,0,0,0,0,0,0,0,0,0,0,0,0.000000,1,True,False
3,304,90,0,0,0,1,0,0,0,1,0,0,0,0.000000,1,True,False
3,305,0,0,0,0,0,0,0,0,0,0,0,0,0.000000,0,False,False
3,306,0,0,0,0,0,0,0,0,0,0,0,0,0.000000,0,False,False
3,307,0,0,0,0,0,0,0,0,0,0,0,0,0.000000,0,False,False
3,308,28,0,0,0,0,0,0,0,0,0,0,0,0.000000,1,True,False
3,309,90,0,0,0,1,0,0,0,0,0,0,0,0.000000,2,True,False
3,310,0,0,0,0,0,0,0,0,0,0,0,0,0.000000,0,False,False
3,311,0,0,0,0,0,0,0,0,0,0,0,0,0.000000,0,False,False
3,312,90,1,0,0,1,0,0,0,0,0,0,2,0.000000,8,True,False
3,313,61,0,1,0,1,0,0,0,0,0,0,0,0.000000,5,True,False
3,314,61,0,0,0,1,0,0,0,0,0,0,0,0.000000,2,True,False
3,315,90,0,0,0,1,0,0,0,1,0,0,0,0.000000,1,True,False
3,316,0,0,0,0,0,0,0,0,0,0,0,0,0.000000,0,False,False
3,317,0,0,0,0,0,0,0,0,0,0,0,0,0.000000,0,False,False
3,318,90,0,1,1,0,0,0,0,0,0,0,0,0.000000,9,True,False
3,319,90,0,0,1,0,0,0,0,0,0,0,0,0.000000,6,True,False
3,320,90,0,0,1,0,0,0,0,0,0,0,0,0.000000,6,True,False
3,321,90,0,0,1,0,0,0,0,0,0,0,0,0.000000,6,True,False
3,322,90,0,0,1,0,0,0,0,0,0,0,0,0.000000,6,True,False
3,323,90,0,0,1,0,0,0,0,0,0,0,0,0.000000,3,True,False
3,324,76,1,0,1,0,0,0,0,0,0,0,2,0.000000,10,True,True
3,325,90,0,0,1,0,0,0,0,0,0,0,0,0.000000,3,True,False
3,326,13,0,0,0,0,0,0,0,0,0,0,0,0.000000,1,True,False
3,327,0,0,0,0,0,0,0,0,0,0,0,0,0.000000,0,False,False
3,328,9,0,0,0,0,0,0,0,0,0,0,0,0.000000,1,True,False
3,329,0,0,0,0,0,0,0,0,0,0,0,0,0.000000,0,False,False
3,330,80,0,1,1,0,0,0,0,0,0,0,1,0.000000,10,True,True
3,331,90,0,0,1,0,0,0,0,0,0,0,0,0.000000,3,True,False
3,332,0,0,0,0,0,0,0,0,0,0,0,0,0.000000,0,False,False
3,333,0,0,0,0,0,0,0,0,0,0,0,0,0.000000,0,False,False
3,334,0,0,0,0,0,0,0,0,0,0,0,0,0.000000,0,False,False
3,335,1,0,0,0,0,0,0,0,0,0,0,0,0.000000,1,True,False
3,336,88,1,0,1,0,0,0,0,0,0,0,3,0.000000,11,True,True
3,337,0,0,0,0,0,0,0,0,0,0,0,0,0.000000,0,False,False
3,338,0,0,0,0,0,0,0,0,0,0,0,0,0.000000,0,False,False
3,339,79,0,0,1,0,0,0,0,0,0,0,0,0.000000,6,True,False
3,340,0,0,0,0,0,0,0,0,0,0,0,0,0.000000,0,False,False
3,341,44,0,0,0,0,0,0,0,0,0,0,0,0.000000,1,True,False
3,342,27,0,0,0,0,0,0,0,0,0,0,0,0.000000,1,True,False
3,343,10,0,0,0,0,0,0,0,0,0,0,0,0.000000,1,True,False
3,344,45,0,0,0,0,0,0,0,1,0,0,0,0.000000,0,True,False
3,345,17,0,0,0,0,0,0,0,0,0,0,0,0.000000,1,True,False
3,346,90,0,0,1,0,0,0,0,1,0,0,1,0.000000,6,True,False
3,347,0,0,0,0,0,0,0,0,0,0,0,0,0.000000,0,False,False
3,348,90,0,0,1,0,0,0,0,0,0,0,0,0.000000,6,True,False
3,349,0,0,0,0,0,0,0,0,0,0,0,0,0.000000,0,False,False
3,350,0,0,0,0,0,0,0,0,0,0,0,0,0.000000,0,False,False
3,351,0,0,0,0,0,0,0,0,0,0,0,0,0.000000,0,False,False
3,352,0,0,0,0,0,0,0,0,0,0,0,0,0.000000,0,False,False
3,353,90,0,0,1,0,0,0,0,0,0,2,0,0.000000,6,True,True
3,354,0,0,0,0,0,0,0,0,0,0,0,0,0.000000,0,False,False
3,355,90,0,0,1,0,0,0,0,0,0,0,0,0.000000,3,True,False
3,356,90,0,0,1,0,0,0,0,0,0,0,0,0.000000,2,True,False
3,357,72,0,0,1,0,0,0,0,0,0,0,0,0.000000,3,True,False
3,358,10,0,0,0,0,0,0,0,0,0,0,0,0.000000,1,True,False
3,359,90,1,0,1,0,0,0,0,1,0,0,0,0.000000,7,True,False
3,360,90,0,0,1,0,0,0,0,1,0,0,2,0.000000,4,True,False
3,361,1,0,0,0,0,0,0,0,0,0,0,0,0.000000,1,True,False
3,362,0,0,0,0,0,0,0,0,0,0,0,0,0.000000,0,False,False
3,363,79,0,0,1,0,0,0,0,0,0,0,0,0.000000,3,True,False
3,364,0,0,0,0,0,0,0,0,0,0,0,0,0.000000,0,False,False
3,365,0,0,0,0,0,0,0,0,0,1,0,0,0.000000,-3,False,False
3,366,90,0,0,0,1,0,0,0,1,0,0,0,0.000000,1,True,False
3,367,0,0,0,0,0,0,0,0,0,0,0,0,0.000000,0,False,False
3,368,0,0,0,0,0,0,0,0,0,0,0,0,0.000000,0,False,False
3,369,72,0,0,0,1,0,0,0,0,0,0,0,0.000000,2,True,False
3,370,17,0,0,0,0,0,0,0,0,0,0,0,0.000000,1,True,False
3,371,90,0,0,0,1,0,0,0,0,0,0,0,0.000000,2,True,False
3,372,90,0,0,0,3,0,0,0,0,0,0,0,0.000000,2,True,False
3,373,90,0,0,0,1,0,0,0,0,0,0,0,0.000000,2,True,False
3,374,0,0,0,0,0,0,0,0,0,0,0,0,0.000000,0,False,False
3,375,0,0,0,0,0,0,0,0,0,0,0,0,0.000000,0,False,False
3,376,45,0,0,0,1,0,0,0,1,0,0,0,0.000000,0,True,False
3,377,17,0,0,0,0,0,0,0,0,0,0,0,0.000000,1,True,False
3,378,86,0,0,0,1,0,0,0,0,0,0,0,0.000000,2,True,False
3,379,0,0,0,0,0,0,0,0,0,0,0,0,0.000000,0,False,False
3,380,72,0,0,0,1,0,0,0,0,0,0,0,0.000000,2,True,False
3,381,0,0,0,0,0,0,0,0,0,0,0,0,0.000000,0,False,False
3,382,29,0,0,0,0,0,0,0,0,0,0,0,0.000000,1,True,False
3,383,90,0,0,0,1,0,0,0,0,0,5,3,0.000000,6,True,False
3,384,45,0,0,0,1,0,0,0,1,0,0,0,0.000000,0,True,False
3,385,90,0,0,0,1,0,0,0,0,0,0,0,0.000000,2,True,False
3,386,90,0,0,0,1,0,0,0,0,0,0,0,0.000000,2,True,False
3,387,60,0,0,0,1,0,0,0,0,0,0,0,0.000000,2,True,False
3,388,44,0,0,0,0,0,0,0,0,0,0,0,0.000000,1,True,False
3,389,0,0,0,0,0,0,0,0,0,0,0,0,0.000000,0,False,False
3,390,0,0,0,0,0,0,0,0,0,0,0,0,0.000000,0,False,False
3,391,3,0,0,0,0,0,0,0,0,0,0,0,0.000000,1,True,False
3,392,90,0,0,0,3,0,0,0,0,0,4,0,0.000000,2,True,False
3,393,0,0,0,0,0,0,0,0,0,0,0,0,0.000000,0,False,False
3,394,0,0,0,0,0,0,0,0,0,0,0,0,0.000000,0,False,False
3,395,0,0,0,0,0,0,0,0,0,0,0,0,0.000000,0,False,False
3,396,0,0,0,0,0,0,0,0,0,0,0,0,0.000000,0,False,False
3,397,90,0,0,0,3,0,0,0,1,0,0,0,0.000000,0,True,False
3,398,0,0,0,0,0,0,0,0,0,0,0,0,0.000000,0,False,False
3,399,0,0,0,0,0,0,0,0,0,0,0,0,0.000000,0,False,False
3,400,90,0,0,0,3,0,0,0,1,0,0,0,0.000000,0,True,False
3,401,26,0,0,0,2,0,0,0,1,0,0,0,0.000000,0,True,False
3,402,75,1,1,0,2,0,0,0,0,0,0,1,0.000000,11,True,True
3,403,75,0,0,0,2,0,0,0,1,0,0,0,0.000000,1,True,False
3,404,0,0,0,0,0,0,0,0,0,0,0,0,0.000000,0,False,False
3,405,63,0,1,0,1,0,0,0,0,0,0,0,0.000000,5,True,False
3,406,0,0,0,0,0,0,0,0,0,0,0,0,0.000000,0,False,False
3,407,0,0,0,0,0,0,0,0,0,0,0,0,0.000000,0,False,False
3,408,26,0,0,0,2,0,0,0,0,0,0,0,0.000000,0,True,False
3,409,90,0,0,0,3,0,0,0,0,0,0,0,0.000000,1,True,False
3,410,14,0,0,0,1,0,0,0,0,0,0,0,0.000000,1,True,False
3,411,14,0,0,0,1,0,0,0,0,0,0,0,0.000000,1,True,False
3,412,0,0,0,0,0,0,0,0,0,0,0,0,0.000000,0,False,False
3,413,1,0,0,0,0,0,0,0,0,0,0,0,0.000000,1,True,False
3,414,90,1,0,0,3,0,0,0,0,0,0,0,0.000000,6,True,False
3,415,88,0,0,0,3,0,0,0,0,0,0,0,0.000000,1,True,False
3,416,0,0,0,0,0,0,0,0,0,0,0,0,0.000000,0,False,False
3,417,0,0,0,0,0,0,0,0,0,0,0,0,0.000000,0,False,False
3,418,90,0,0,0,2,0,0,0,0,0,0,0,0.000000,2,True,False
3,419,0,0,0,0,0,0,0,0,0,0,0,0,0.000000,0,False,False
3,420,90,0,0,0,1,0,0,0,0,0,0,0,0.000000,2,True,False
3,421,90,0,0,0,1,0,0,0,0,0,0,0,0.000000,2,True,False
3,422,0,0,0,0,0,0,0,0,0,0,0,0,0.000000,0,False,False
3,423,0,0,0,0,0,0,0,0,0,0,0,0,0.000000,0,False,False
3,424,0,0,0,0,0,0,0,0,0,0,0,0,0.000000,0,False,False
3,425,24,0,0,0,0,0,0,0,0,0,0,0,0.000000,1,True,False
3,426,0,0,0,0,0,0,0,0,0,0,0,0,0.000000,0,False,False
3,427,0,0,0,0,0,0,0,0,0,0,0,0,0.000000,0,False,False
3,428,28,0,0,0,0,0,0,0,0,0,0,0,0.000000,1,True,False
3,429,0,0,0,0,0,0,0,0,0,0,0,0,0.000000,0,False,False
3,430,0,0,0,0,0,0,0,0,0,0,0,0,0.000000,0,False,False
3,431,0,0,0,0,0,0,0,0,0,0,0,0,0.000000,0,False,False
3,432,0,0,0,0,0,0,0,0,0,0,0,0,0.000000,0,False,False
3,433,0,0,0,0,0,0,0,0,0,0,0,0,0.000000,0,False,False
3,434,0,0,0,0,0,0,0,0,0,0,0,0,0.000000,0,False,False
3,435,33,1,0,0,3,0,0,0,0,0,0,0,0.000000,5,True,False
3,436,5,0,0,0,0,0,0,0,0,0,0,0,0.000000,1,True,False
3,437,0,0,0,0,0,0,0,0,0,0,0,0,0.000000,0,False,False
3,438,0,0,0,0,0,0,0,0,0,0,0,0,0.000000,0,False,False
3,439,0,0,0,0,0,0,0,0,0,0,0,0,0.000000,0,False,False
4,1,180,0,0,0,6,0,0,0,0,0,0,0,0.000000,2,True,False
4,2,180,0,0,0,6,0,0,0,0,0,0,0,0.000000,2,True,False
4,3,129,0,0,0,4,0,0,0,0,0,0,0,0.000000,2,True,False
4,4,0,0,0,0,0,0,0,0,0,0,0,0,0.000000,0,False,False
4,5,135,0,0,0,6,0,0,0,0,0,0,0,0.000000,1,True,False
4,6,0,0,0,0,0,0,0,0,0,0,0,0,0.000000,0,False,False
4,7,11,0,0,0,0,0,0,0,0,0,0,0,0.000000,1,True,False
4,8,168,0,1,0,6,0,0,0,0,0,0,0,0.000000,7,True,False
4,9,0,0,0,0,0,0,0,0,0,0,0,0,0.000000,0,False,False
4,10,180,0,0,0,6,0,0,0,0,0,10,0,0.000000,5,True,False
4,11,0,0,0,0,0,0,0,0,0,0,0,0,0.000000,0,False,False
4,12,123,0,0,0,3,0,0,0,0,0,0,0,0.000000,3,True,False
4,13,29,0,0,0,2,0,0,0,0,0,0,0,0.000000,2,True,False
4,14,180,0,0,0,6,0,0,0,0,0,0,0,0.000000,4,True,False
4,15,157,0,0,0,4,0,0,0,1,0,0,0,0.000000,3,True,False
4,16,170,1,0,0,5,0,0,0,1,0,0,0,0.000000,8,True,False
4,17,56,0,0,0,3,0,0,0,0,0,0,0,0.000000,2,True,False
4,18,155,0,0,0,4,0,0,0,1,0,0,0,0.000000,3,True,False
4,19,61,0,0,0,2,0,0,0,0,0,0,0,0.000000,2,True,False
4,20,0,0,0,0,0,0,0,0,0,0,0,0,0.000000,0,False,False
4,21,50,0,0,0,2,0,0,0,0,0,0,0,0.000000,1,True,False
4,22,0,0,0,0,0,0,0,0,0,0,0,0,0.000000,0,False,False
4,23,9,0,0,0,1,0,0,0,0,0,0,0,0.000000,1,True,False
4,24,0,0,0,0,0,0,0,0,0,0,0,0,0.000000,0,False,False
4,25,0,0,0,0,0,0,0,0,0,0,0,0,0.000000,0,False,False
4,26,0,0,0,0,0,0,0,0,0,0,0,0,0.000000,0,False,False
4,27,60,0,0,0,1,0,0,0,0,0,0,0,0.000000,2,True,False
4,28,90,0,0,0,1,0,0,0,0,0,0,0,0.000000,2,True,False
4,29,14,0,0,0,0,0,0,0,0,0,0,0,0.000000,1,True,False
4,30,0,0,0,0,0,0,0,0,0,0,0,0,0.000000,0,False,False
4,31,60,0,0,0,1,0,0,0,0,0,0,0,0.000000,2,True,False
4,32,90,0,0,0,1,0,0,0,0,0,1,0,0.000000,2,True,False
4,33,0,0,0,0,0,0,0,0,0,0,0,0,0.000000,0,False,False
4,34,0,0,0,0,0,0,0,0,0,0,0,0,0.000000,0,False,False
4,35,0,0,0,0,0,0,0,0,0,0,0,0,0.000000,0,False,False
4,36,29,0,0,0,0,0,0,0,0,0,0,0,0.000000,1,True,False
4,37,90,0,0,0,1,0,0,0,1,0,0,0,0.000000,1,True,False
4,38,29,0,0,0,0,0,0,0,0,0,0,0,0.000000,1,True,False
4,39,29,0,0,0,0,0,0,0,0,0,0,0,0.000000,1,True,False
4,40,0,0,0,0,0,0,0,0,0,0,0,0,0.000000,0,False,False
4,41,0,0,0,0,0,0,0,0,0,0,0,0,0.000000,0,False,False
4,42,0,0,0,0,0,0,0,0,0,0,0,0,0.000000,0,False,False
4,43,0,0,0,0,0,0,0,0,0,0,0,0,0.000000,0,False,False
4,44,90,0,0,0,1,0,0,0,0,0,0,0,0.000000,2,True,False
4,45,90,0,0,0,1,0,0,0,0,0,0,0,0.000000,2,True,False
4,46,90,0,0,0,1,0,0,0,0,0,0,0,0.000000,2,True,False
4,47,0,0,0,0,0,0,0,0,0,0,0,0,0.000000,0,False,False
4,48,75,0,0,0,1,0,0,0,0,0,0,0,0.000000,2,True,False
4,49,0,0,0,0,0,0,0,0,0,0,0,0,0.000000,0,False,False
4,50,14,0,0,0,0,0,0,0,0,0,0,0,0.000000,1,True,False
4,51,60,0,0,0,1,0,0,0,0,0,0,0,0.000000,2,True,False
4,52,0,0,0,0,0,0,0,0,0,0,0,0,0.000000,0,False,False
4,53,0,0,0,0,0,0,0,0,0,0,0,0,0.000000,0,False,False
4,54,90,0,0,0,1,0,0,0,0,0,3,0,0.000000,3,True,False
4,55,90,1,0,0,1,0,0,0,0,0,0,3,0.000000,11,True,True
4,56,7,0,0,0,0,0,0,0,1,0,0,0,0.000000,0,True,False
4,57,0,0,0,0,0,0,0,0,0,0,0,0,0.000000,0,False,False
4,58,0,0,0,0,0,0,0,0,0,0,0,0,0.000000,0,False,False
4,59,19,0,0,0,0,0,0,0,0,0,0,0,0.000000,1,True,False
4,60,0,0,0,0,0,0,0,0,0,0,0,0,0.000000,0,False,False
4,61,0,0,0,0,0,0,0,0,0,0,0,0,0.000000,0,False,False
4,62,0,0,0,0,0,0,0,0,0,0,0,0,0.000000,0,False,False
4,63,90,0,0,0,1,0,0,0,0,0,0,0,0.000000,2,True,False
4,64,82,0,0,0,1,0,0,0,0,0,0,0,0.000000,2,True,False
4,65,45,0,0,0,1,0,0,0,0,0,0,0,0.000000,1,True,False
4,66,90,0,0,0,1,0,0,0,0,0,0,0,0.000000,2,True,False
4,67,44,0,1,0,0,0,0,0,1,0,0,0,0.000000,3,True,False
4,68,0,0,0,0,0,0,0,0,0,0,0,0,0.000000,0,False,False
4,69,7,0,0,0,0,0,0,0,0,0,0,0,0.000000,1,True,False
4,70,50,0,0,0,1,0,0,0,0,0,0,0,0.000000,1,True,False
4,71,90,0,0,0,1,0,0,0,0,0,0,0,0.000000,2,True,False
4,72,82,0,0,0,1,0,0,0,0,0,0,0,0.000000,2,True,False
4,73,0,0,0,0,0,0,0,0,0,0,0,0,0.000000,0,False,False
4,74,0,0,0,0,0,0,0,0,0,0,0,0,0.000000,0,False,False
4,75,90,0,0,0,1,0,0,0,0,0,0,0,0.000000,2,True,False
4,76,0,0,0,0,0,0,0,0,0,0,0,0,0.000000,0,False,False
4,77,0,0,0,0,0,0,0,0,0,0,0,0,0.000000,0,False,False
4,78,0,0,0,0,0,0,0,0,0,0,0,0,0.000000,0,False,False
4,79,90,0,0,0,4,0,0,0,0,0,0,0,0.000000,0,True,False
4,80,35,0,1,0,0,0,0,0,0,0,0,0,0.000000,4,True,False
4,81,0,0,0,0,0,0,0,0,0,0,0,0,0.000000,0,False,False
4,82,1,0,0,0,0,0,0,0,0,0,0,0,0.000000,1,True,False
4,83,0,0,0,0,0,0,0,0,0,0,0,0,0.000000,0,False,False
4,84,88,0,0,0,4,1,0,0,0,0,0,0,0.000000,-2,True,False
4,85,0,0,0,0,0,0,0,0,0,0,0,0,0.000000,0,False,False
4,86,20,0,0,0,0,0,0,0,0,0,0,0,0.000000,1,True,False
4,87,0,0,0,0,0,0,0,0,0,0,0,0,0.000000,0,False,False
4,88,90,0,0,0,4,0,0,0,0,0,3,0,0.000000,1,True,False
4,89,0,0,0,0,0,0,0,0,0,0,0,0,0.000000,0,False,False
4,90,20,0,0,0,0,0,0,0,0,0,0,0,0.000000,1,True,False
4,91,34,0,0,0,0,0,0,0,0,0,0,0,0.000000,1,True,False
4,92,69,0,0,0,4,0,0,0,0,0,0,0,0.000000,2,True,False
4,93,90,0,0,0,4,0,0,0,1,0,0,0,0.000000,1,True,False
4,94,0,0,0,0,0,0,0,0,0,0,0,0,0.000000,0,False,False
4,95,0,0,0,0,0,0,0,0,0,0,0,0,0.000000,0,False,False
4,96,0,0,0,0,0,0,0,0,0,0,0,0,0.000000,0,False,False
4,97,90,0,0,0,4,0,0,0,0,0,0,0,0.000000,0,True,False
4,98,0,0,0,0,0,0,0,0,0,0,0,0,0.000000,0,False,False
4,99,0,0,0,0,0,0,0,0,0,0,0,0,0.000000,0,False,False
4,100,90,1,0,0,4,0,0,0,0,0,0,0,0.000000,6,True,False
4,101,0,0,0,0,0,0,0,0,0,0,0,0,0.000000,0,False,False
4,102,90,0,0,0,4,0,0,0,0,0,0,0,0.000000,0,True,False
4,103,55,0,0,0,4,0,0,0,1,0,0,0,0.000000,-2,True,False
4,104,0,0,0,0,0,0,0,0,0,0,0,0,0.000000,0,False,False
4,105,0,0,0,0,0,0,0,0,0,0,0,0,0.000000,0,False,False
4,106,0,0,0,0,0,0,0,0,0,0,0,0,0.000000,0,False,False
4,107,0,0,0,0,0,0,0,0,0,0,0,0,0.000000,0,False,False
4,108,0,0,0,0,0,0,0,0,0,0,0,0,0.000000,0,False,False
4,109,90,0,0,0,2,0,0,0,0,0,0,0,0.000000,1,True,False
4,110,0,0,0,0,0,0,0,0,0,0,0,0,0.000000,0,False,False
4,111,57,0,1,0,1,0,0,0,0,0,0,0,0.000000,4,True,False
4,112,32,1,0,0,1,0,0,0,0,0,0,0,0.000000,7,True,False
4,113,6,0,0,0,1,0,0,0,0,0,0,0,0.000000,1,True,False
4,114,0,0,0,0,0,0,0,0,0,0,0,0,0.000000,0,False,False
4,115,0,0,0,0,0,0,0,0,0,0,0,0,0.000000,0,False,False
4,116,84,0,0,0,1,0,0,0,0,0,0,0,0.000000,2,True,False
4,117,90,1,0,0,2,0,0,0,0,0,0,3,0.000000,10,True,False
4,118,15,0,0,0,1,0,0,0,0,0,0,0,0.000000,1,True,False
4,119,0,0,0,0,0,0,0,0,0,0,0,0,0.000000,0,False,False
4,120,74,0,0,0,1,0,0,0,1,0,0,0,0.000000,1,True,False
4,121,0,0,0,0,0,0,0,0,0,0,0,0,0.000000,0,False,False
4,122,90,0,0,0,2,0,0,0,0,0,0,1,0.000000,2,True,False
4,123,0,0,0,0,0,0,0,0,0,0,0,0,0.000000,0,False,False
4,124,90,0,0,0,2,0,0,0,0,0,0,0,0.000000,1,True,False
4,125,0,0,0,0,0,0,0,0,0,0,0,0,0.000000,0,False,False
4,126,0,0,0,0,0,0,0,0,0,0,0,0,0.000000,0,False,False
4,127,90,0,1,0,2,0,0,0,0,0,0,0,0.000000,4,True,False
4,128,32,0,0,0,1,0,0,0,0,0,0,0,0.000000,1,True,False
4,129,83,0,0,0,1,0,0,0,1,0,0,0,0.000000,1,True,False
4,130,0,0,0,0,0,0,0,0,0,0,0,0,0.000000,0,False,False
4,131,0,0,0,0,0,0,0,0,0,0,0,0,0.000000,0,False,False
4,132,57,0,0,0,1,0,0,0,0,0,0,0,0.000000,1,True,False
4,133,6,0,0,0,1,0,0,0,0,0,0,0,0.000000,1,True,False
4,134,0,0,0,0,0,0,0,0,0,0,0,0,0.000000,0,False,False
4,135,66,0,0,0,1,0,0,0,0,0,0,0,0.000000,2,True,False
4,136,0,0,0,0,0,0,0,0,0,0,0,0,0.000000,0,False,False
4,137,0,0,0,0,0,0,0,0,0,0,0,0,0.000000,0,False,False
4,138,0,0,0,0,0,0,0,0,0,0,0,0,0.000000,0,False,False
4,139,89,0,0,0,2,0,0,0,0,0,0,0,0.000000,1,True,False
4,140,0,0,0,0,0,0,0,0,0,0,0,0,0.000000,0,False,False
4,141,90,0,0,0,2,0,0,0,1,0,0,0,0.000000,1,True,False
4,142,75,0,0,0,2,0,0,0,0,0,0,0,0.000000,2,True,False
4,143,0,0,0,0,0,0,0,0,0,0,0,0,0.000000,0,False,False
4,144,90,0,0,0,2,0,0,0,0,0,4,0,0.000000,2,True,False
4,145,90,0,0,0,2,0,0,0,1,0,0,0,0.000000,0,True,False
4,146,88,0,0,0,2,0,0,0,0,0,0,0,0.000000,2,True,False
4,147,23,0,0,0,1,0,0,0,0,0,0,0,0.000000,1,True,False
4,148,0,0,0,0,0,0,0,0,0,0,0,0,0.000000,0,False,False
4,149,0,0,0,0,0,0,0,0,0,0,0,0,0.000000,0,False,False
4,150,66,0,0,0,1,0,0,0,0,0,0,0,0.000000,2,True,False
4,151,0,0,0,0,0,0,0,0,0,0,0,0,0.000000,0,False,False
4,152,0,0,0,0,0,0,0,0,0,0,0,0,0.000000,0,False,False
4,153,0,0,0,0,0,0,0,0,0,0,0,0,0.000000,0,False,False
4,154,90,0,0,0,2,0,0,0,0,0,0,0,0.000000,1,True,False
4,155,90,0,0,0,2,0,0,0,0,0,0,0,0.000000,2,True,False
4,156,23,0,0,0,1,0,0,0,0,0,0,0,0.000000,1,True,False
4,157,0,0,0,0,0,0,0,0,0,0,0,0,0.000000,0,False,False
4,158,90,0,0,0,2,0,0,0,0,0,0,0,0.000000,1,True,False
4,159,1,0,0,0,0,0,0,0,0,0,0,0,0.000000,1,True,False
4,160,180,0,0,1,1,0,0,0,0,0,11,2,0.000000,13,True,False
4,161,0,0,0,0,0,0,0,0,0,0,0,0,0.000000,0,False,False
4,162,90,0,0,0,1,0,0,0,0,0,0,0,0.000000,2,True,False
4,163,180,0,1,1,1,0,0,0,0,0,0,1,0.000000,12,True,True
4,164,0,0,0,0,0,0,0,0,0,0,0,0,0.000000,0,False,False
4,165,90,0,0,0,1,0,0,0,0,0,0,0,0.000000,2,True,False
4,166,180,0,0,1,1,0,0,0,0,0,0,0,0.000000,8,True,False
4,167,0,0,0,0,0,0,0,0,0,0,0,0,0.000000,0,False,False
4,168,0,0,0,0,0,0,0,0,0,0,0,0,0.000000,0,False,False
4,169,74,0,1,0,2,0,0,0,0,0,0,2,0.000000,6,True,False
4,170,180,0,0,1,1,0,0,0,2,0,0,0,0.000000,3,True,False
4,171,180,2,0,1,1,0,0,0,0,0,0,4,0.000000,19,True,True
4,172,173,0,0,1,1,0,0,0,0,0,0,0,0.000000,5,True,False
4,173,0,0,0,0,0,0,0,0,0,0,0,0,0.000000,0,False,False
4,174,0,0,0,0,0,0,0,0,0,0,0,0,0.000000,0,False,False
4,175,2,0,0,0,0,0,0,0,0,0,0,0,0.000000,1,True,False
4,176,138,0,0,2,0,0,0,0,0,0,0,0,0.000000,6,True,False
4,177,0,0,0,0,0,0,0,0,0,0,0,0,0.000000,0,False,False
4,178,0,0,0,0,0,0,0,0,0,0,0,0,0.000000,0,False,False
4,179,177,1,0,1,1,0,0,0,0,0,0,2,0.000000,12,True,True
4,180,5,0,0,0,0,0,0,0,0,0,0,0,0.000000,2,True,False
4,181,40,0,0,0,1,0,0,0,1,0,0,0,0.000000,1,True,False
4,182,40,0,0,0,1,0,0,0,0,0,0,0,0.000000,2,True,False
4,183,138,0,2,2,0,0,0,0,0,0,0,0,0.000000,10,True,False
4,184,0,0,0,0,0,0,0,0,0,0,0,0,0.000000,0,False,False
4,185,90,0,0,1,0,0,0,0,1,0,0,0,0.000000,5,True,False
4,186,0,0,0,0,0,0,0,0,0,0,0,0,0.000000,0,False,False
4,187,0,0,0,0,0,0,0,0,0,0,0,0,0.000000,0,False,False
4,188,10,0,0,0,0,0,0,0,0,0,0,0,0.000000,1,True,False
4,189,0,0,0,0,0,0,0,0,0,0,0,0,0.000000,0,False,False
4,190,90,0,0,0,1,0,0,0,0,0,0,0,0.000000,2,True,False
4,191,30,0,0,0,0,0,0,0,1,0,0,0,0.000000,0,True,False
4,192,17,0,0,0,0,0,0,0,0,0,1,0,0.000000,1,True,False
4,193,90,2,0,0,1,0,0,0,0,0,0,3,0.000000,15,True,True
4,194,0,0,0,0,0,0,0,0,0,0,0,0,0.000000,0,False,False
4,195,75,0,0,0,1,0,0,0,0,0,0,0,0.000000,2,True,False
4,196,30,0,0,0,0,0,0,0,1,0,0,0,0.000000,0,True,False
4,197,30,0,0,0,0,0,0,0,1,0,0,0,0.000000,0,True,False
4,198,0,0,0,0,0,0,0,0,0,0,0,0,0.000000,0,False,False
4,199,90,0,0,0,1,0,0,0,0,1,0,0,0.000000,-1,True,False
4,200,59,0,1,0,1,0,0,0,0,0,0,1,0.000000,5,True,False
4,201,90,0,0,0,1,0,0,0,0,0,0,2,0.000000,4,True,False
4,202,0,0,0,0,0,0,0,0,0,0,0,0,0.000000,0,False,False
4,203,79,0,0,0,1,0,0,0,0,0,0,0,0.000000,2,True,False
4,204,0,0,0,0,0,0,0,0,0,0,0,0,0.000000,0,False,False
4,205,72,0,1,0,1,0,0,0,0,0,2,0,0.000000,5,True,False
4,206,0,0,0,0,0,0,0,0,0,0,0,0,0.000000,0,False,False
4,207,0,0,0,0,0,0,0,0,0,0,0,0,0.000000,0,False,False
4,208,90,0,0,0,1,0,0,0,0,0,0,0,0.000000,2,True,False
4,209,0,0,0,0,0,0,0,0,0,0,0,0,0.000000,0,False,False
4,210,0,0,0,0,0,0,0,0,0,0,0,0,0.000000,0,False,False
4,211,76,0,0,0,1,0,0,0,0,0,0,1,0.000000,3,True,False
4,212,80,0,0,0,1,0,0,0,1,0,0,0,0.000000,1,True,False
4,213,79,0,0,0,1,0,0,0,0,0,0,0,0.000000,2,True,False
4,214,30,0,0,0,0,0,0,0,0,0,0,0,0.000000,1,True,False
4,215,0,0,0,0,0,0,0,0,0,0,0,0,0.000000,0,False,False
4,216,0,0,0,0,0,0,0,0,0,0,0,0,0.000000,0,False,False
4,217,91,0,0,1,0,0,0,0,0,0,0,0,0.000000,7,True,False
4,218,9,0,0,0,0,0,0,0,0,0,0,0,0.000000,1,True,False
4,219,0,0,0,0,0,0,0,0,0,0,0,0,0.000000,0,False,False
4,220,90,0,1,0,1,0,0,0,0,0,0,0,0.000000,5,True,False
4,221,90,0,0,0,1,0,0,0,0,0,0,0,0.000000,2,True,False
4,222,13,0,0,0,0,0,0,0,0,0,0,0,0.000000,1,True,False
4,223,0,0,0,0,0,0,0,0,0,0,0,0,0.000000,0,False,False
4,224,90,0,1,0,1,0,0,0,1,0,0,0,0.000000,4,True,False
4,225,10,0,0,0,0,0,0,0,0,0,0,0,0.000000,1,True,False
4,226,0,0,0,0,0,0,0,0,0,0,0,0,0.000000,0,False,False
4,227,0,0,0,0,0,0,0,0,0,0,0,0,0.000000,0,False,False
4,228,0,0,0,0,0,0,0,0,0,0,0,0,0.000000,0,False,False
4,229,0,0,0,0,0,0,0,0,0,0,0,0,0.000000,0,False,False
4,230,59,1,0,0,1,0,0,0,0,0,0,0,0.000000,6,True,False
4,231,0,0,0,0,0,0,0,0,0,0,0,0,0.000000,0,False,False
4,232,90,0,0,0,1,0,0,0,0,0,3,0,0.000000,3,True,False
4,233,0,0,0,0,0,0,0,0,0,0,0,0,0.000000,0,False,False
4,234,90,0,0,0,1,0,0,0,0,0,0,2,0.000000,4,True,False
4,235,9,0,0,0,0,0,0,0,0,0,0,0,0.000000,1,True,False
4,236,90,1,0,0,1,0,0,0,1,0,0,3,0.000000,9,True,False
4,237,80,0,0,0,1,0,0,0,0,0,0,0,0.000000,2,True,False
4,238,0,0,0,0,0,0,0,0,0,0,0,0,0.000000,0,False,False
4,239,0,0,0,0,0,0,0,0,0,0,0,0,0.000000,0,False,False
4,240,4,0,0,0,0,0,0,0,0,0,0,0,0.000000,1,True,False
4,241,0,0,0,0,0,0,0,0,0,0,0,0,0.000000,0,False,False
4,242,90,0,0,1,0,0,0,0,0,0,0,0,0.000000,6,True,False
4,243,90,0,0,1,0,0,0,0,0,0,0,3,0.000000,9,True,False
4,244,90,0,0,1,0,0,0,0,0,0,0,0,0.000000,6,True,False
4,245,0,0,0,0,0,0,0,0,0,0,0,0,0.000000,0,False,False
4,246,90,0,0,1,0,0,0,0,0,0,3,1,0.000000,8,True,False
4,247,90,0,0,1,0,0,0,0,0,0,0,0,0.000000,3,True,False
4,248,0,0,0,0,0,0,0,0,0,0,0,0,0.000000,0,False,False
4,249,4,0,0,0,0,0,0,0,0,0,0,0,0.000000,1,True,False
4,250,0,0,0,0,0,0,0,0,0,0,0,0,0.000000,0,False,False
4,251,32,0,0,0,0,0,0,0,0,0,0,0,0.000000,1,True,False
4,252,90,1,0,1,0,0,0,0,0,0,0,2,0.000000,10,True,False
4,253,57,0,1,0,0,0,0,0,1,0,0,0,0.000000,3,True,False
4,254,85,0,0,1,0,0,0,0,0,0,0,0,0.000000,3,True,False
4,255,0,0,0,0,0,0,0,0,0,0,0,0,0.000000,0,False,False
4,256,53,0,0,0,0,0,0,0,0,0,0,0,0.000000,1,True,False
4,257,0,0,0,0,0,0,0,0,0,0,0,0,0.000000,0,False,False
4,258,85,0,0,1,0,0,0,0,0,0,0,0,0.000000,2,True,False
4,259,90,0,0,1,0,0,0,0,0,0,0,0,0.000000,6,True,False
4,260,172,0,1,0,3,0,0,0,0,0,0,0,0.000000,7,True,False
4,261,90,0,0,0,2,0,0,0,0,0,2,0,0.000000,1,True,False
4,262,116,1,0,0,1,0,0,0,0,0,0,1,0.000000,9,True,False
4,263,180,0,0,0,3,0,0,0,0,0,0,0,0.000000,3,True,False
4,264,8,0,0,0,0,0,0,0,0,0,0,0,0.000000,1,True,False
4,265,0,0,0,0,0,0,0,0,0,0,0,0,0.000000,0,False,False
4,266,0,0,0,0,0,0,0,0,0,0,0,0,0.000000,0,False,False
4,267,1,0,0,0,0,0,0,0,0,0,0,0,0.000000,1,True,False
4,268,83,0,0,0,1,0,0,0,0,0,0,0,0.000000,3,True,False
4,269,0,0,0,0,0,0,0,0,0,0,0,0,0.000000,0,False,False
4,270,180,0,0,0,3,0,0,0,1,0,0,0,0.000000,3,True,False
4,271,0,0,0,0,0,0,0,0,0,0,0,0,0.000000,0,False,False
4,272,180,0,0,0,3,0,0,0,1,0,7,0,0.000000,4,True,False
4,273,0,0,0,0,0,0,0,0,0,0,0,0,0.000000,0,False,False
4,274,0,0,0,0,0,0,0,0,0,0,0,0,0.000000,0,False,False
4,275,0,0,0,0,0,0,0,0,0,0,0,0,0.000000,0,False,False
4,276,92,0,0,0,3,0,0,0,0,0,0,0,0.000000,3,True,False
4,277,0,0,0,0,0,0,0,0,0,0,0,0,0.000000,0,False,False
4,278,180,1,0,0,3,0,0,0,0,0,0,0,0.000000,9,True,False
4,279,0,0,0,0,0,0,0,0,0,0,0,0,0.000000,0,False,False
4,280,0,0,0,0,0,0,0,0,0,0,0,0,0.000000,0,False,False
4,281,69,0,0,0,2,0,0,0,0,0,0,0,0.000000,2,True,False
4,282,158,0,0,0,3,0,0,0,0,0,0,0,0.000000,4,True,False
4,283,180,0,1,0,3,0,0,0,0,0,0,3,0.000000,9,True,False
4,284,180,0,0,0,3,0,0,0,0,0,0,2,0.000000,5,True,False
4,285,95,0,0,0,2,0,0,0,0,0,0,0,0.000000,2,True,False
4,286,0,0,0,0,0,0,0,0,0,0,0,0,0.000000,0,False,False
4,287,20,0,0,0,0,0,0,0,0,0,0,0,0.000000,2,True,False
4,288,81,0,0,1,0,0,0,0,0,0,0,0,0.000000,4,True,False
4,289,0,0,0,0,0,0,0,0,0,0,0,0,0.000000,0,False,False
4,290,90,0,0,0,3,0,0,0,0,0,2,0,0.000000,1,True,False
4,291,0,0,0,0,0,0,0,0,0,0,0,0,0.000000,0,False,False
4,292,0,0,0,0,0,0,0,0,0,0,0,0,0.000000,0,False,False
4,293,0,0,0,0,0,0,0,0,0,0,0,0,0.000000,0,False,False
4,294,44,0,0,0,1,0,0,0,1,0,0,0,0.000000,0,True,False
4,295,45,0,0,0,2,0,0,0,0,0,0,0,0.000000,0,True,False
4,296,0,0,0,0,0,0,0,0,0,0,0,0,0.000000,0,False,False
4,297,90,0,0,0,3,0,0,0,0,0,0,0,0.000000,1,True,False
4,298,0,0,0,0,0,0,0,0,0,0,0,0,0.000000,0,False,False
4,299,0,0,0,0,0,0,0,0,0,0,0,0,0.000000,0,False,False
4,300,18,0,0,0,0,0,0,0,0,0,0,0,0.000000,1,True,False
4,301,90,0,0,0,3,0,0,0,1,0,0,0,0.000000,1,True,False
4,302,0,0,0,0,0,0,0,0,0,0,0,0,0.000000,0,False,False
4,303,60,0,0,0,2,0,0,0,0,0,0,0,0.000000,2,True,False
4,304,90,0,0,0,3,0,0,0,1,0,0,0,0.000000,1,True,False
4,305,18,0,0,0,0,0,0,0,0,0,0,0,0.000000,1,True,False
4,306,0,0,0,0,0,0,0,0,0,0,0,0,0.000000,0,False,False
4,307,0,0,0,0,0,0,0,0,0,0,0,0,0.000000,0,False,False
4,308,29,1,0,0,1,0,0,0,1,0,0,0,0.000000,6,True,False
4,309,90,0,0,0,3,0,0,0,0,0,0,0,0.000000,1,True,False
4,310,0,0,0,0,0,0,0,0,0,0,0,0,0.000000,0,False,False
4,311,0,0,0,0,0,0,0,0,0,0,0,0,0.000000,0,False,False
4,312,60,0,0,0,2,0,0,0,0,0,0,0,0.000000,2,True,False
4,313,71,0,0,0,3,0,0,0,0,0,0,0,0.000000,2,True,False
4,314,29,0,1,0,1,0,0,0,0,0,0,0,0.000000,4,True,False
4,315,90,0,0,0,3,0,0,0,0,0,0,0,0.000000,1,True,False
4,316,0,0,0,0,0,0,0,0,0,0,0,0,0.000000,0,False,False
4,317,18,0,0,0,0,0,0,0,0,0,0,0,0.000000,2,True,False
4,318,160,0,0,2,0,0,0,0,1,0,0,0,0.000000,11,True,False
4,319,180,0,0,2,0,0,0,0,0,0,0,3,0.000000,15,True,True
4,320,98,0,0,1,0,0,0,0,0,0,0,0,0.000000,7,True,False
4,321,180,0,0,2,0,0,0,0,0,0,0,0,0.000000,12,True,True
4,322,180,0,1,2,0,0,0,0,0,0,8,3,0.000000,20,True,True
4,323,180,0,0,2,0,0,0,0,0,0,0,0,0.000000,6,True,False
4,324,180,0,0,2,0,0,0,0,0,0,0,0,0.000000,6,True,False
4,325,180,0,1,2,0,0,0,0,0,0,0,2,0.000000,11,True,False
4,326,119,1,0,1,0,0,0,0,0,0,0,0,0.000000,7,True,False
4,327,0,0,0,0,0,0,0,0,0,0,0,0,0.000000,0,False,False
4,328,90,0,0,1,0,0,0,0,0,0,0,0,0.000000,6,True,False
4,329,0,0,0,0,0,0,0,0,0,0,0,0,0.000000,0,False,False
4,330,171,0,0,2,0,0,0,0,0,0,0,0,0.000000,12,True,True
4,331,124,1,0,1,0,0,0,0,0,0,0,1,0.000000,10,True,False
4,332,1,0,0,0,0,0,0,0,0,0,0,0,0.000000,1,True,False
4,333,1,0,0,0,0,0,0,0,0,0,0,0,0.000000,1,True,False
4,334,0,0,0,0,0,0,0,0,0,0,0,0,0.000000,0,False,False
4,335,10,0,0,0,0,0,0,0,0,0,0,0,0.000000,1,True,False
4,336,105,0,0,1,0,0,0,0,0,0,0,0,0.000000,4,True,False
4,337,0,0,0,0,0,0,0,0,0,0,0,0,0.000000,0,False,False
4,338,0,0,0,0,0,0,0,0,0,0,0,0,0.000000,0,False,False
4,339,88,0,0,1,0,0,0,0,0,0,0,0,0.000000,6,True,False
4,340,0,0,0,0,0,0,0,0,0,0,0,0,0.000000,0,False,False
4,341,0,0,0,0,0,0,0,0,0,0,0,0,0.000000,0,False,False
4,342,36,0,0,0,0,0,0,0,1,0,0,0,0.000000,0,True,False
4,343,0,0,0,0,0,0,0,0,0,0,0,0,0.000000,0,False,False
4,344,90,0,0,1,0,0,0,0,0,0,0,2,0.000000,8,True,False
4,345,62,0,1,1,0,0,0,0,0,0,0,0,0.000000,9,True,False
4,346,90,0,0,1,0,0,0,0,0,0,0,0,0.000000,6,True,False
4,347,0,0,0,0,0,0,0,0,0,0,0,0,0.000000,0,False,False
4,348,90,0,0,1,0,0,0,0,0,0,0,0,0.000000,6,True,False
4,349,1,0,0,0,0,0,0,0,0,0,0,0,0.000000,1,True,False
4,350,0,0,0,0,0,0,0,0,0,0,0,0,0.000000,0,False,False
4,351,2,0,0,0,0,0,0,0,0,0,0,0,0.000000,1,True,False
4,352,0,0,0,0,0,0,0,0,0,0,0,0,0.000000,0,False,False
4,353,90,0,0,1,0,0,0,0,0,0,2,0,0.000000,6,True,False
4,354,0,0,0,0,0,0,0,0,0,0,0,0,0.000000,0,False,False
4,355,90,0,1,1,0,0,0,0,0,0,0,0,0.000000,6,True,False
4,356,87,1,2,1,0,0,0,0,1,0,0,3,0.000000,14,True,True
4,357,1,0,0,0,0,0,0,0,0,0,0,0,0.000000,1,True,False
4,358,11,0,0,0,0,0,0,0,0,0,0,0,0.000000,1,True,False
4,359,90,2,0,1,0,0,0,0,0,0,0,0,0.000000,13,True,True
4,360,88,1,1,1,0,0,0,0,0,0,0,0,0.000000,11,True,False
4,361,27,0,0,0,0,0,0,0,0,0,0,0,0.000000,1,True,False
4,362,0,0,0,0,0,0,0,0,0,0,0,0,0.000000,0,False,False
4,363,78,1,0,1,0,0,0,0,1,0,0,1,0.000000,8,True,False
4,364,0,0,0,0,0,0,0,0,0,0,0,0,0.000000,0,False,False
4,365,0,0,0,0,0,0,0,0,0,0,0,0,0.000000,0,False,False
4,366,90,0,0,0,1,0,0,0,0,0,0,0,0.000000,2,True,False
4,367,0,0,0,0,0,0,0,0,0,0,0,0,0.000000,0,False,False
4,368,0,0,0,0,0,0,0,0,0,0,0,0,0.000000,0,False,False
4,369,90,0,1,0,1,0,0,0,1,0,0,0,0.000000,4,True,False
4,370,22,0,0,0,1,0,0,0,0,0,0,0,0.000000,1,True,False
4,371,90,0,0,0,1,0,0,0,0,0,0,0,0.000000,2,True,False
4,372,90,0,0,0,2,0,0,0,0,0,0,0,0.000000,2,True,False
4,373,85,0,0,0,1,0,0,0,0,0,0,0,0.000000,2,True,False
4,374,0,0,0,0,0,0,0,0,0,0,0,0,0.000000,0,False,False
4,375,0,0,0,0,0,0,0,0,0,0,0,0,0.000000,0,False,False
4,376,67,0,0,1,0,0,0,0,0,0,0,0,0.000000,3,True,False
4,377,22,0,0,0,1,0,0,0,0,0,0,0,0.000000,1,True,False
4,378,4,0,0,0,0,0,0,0,0,0,0,0,0.000000,1,True,False
4,379,0,0,0,0,0,0,0,0,0,0,0,0,0.000000,0,False,False
4,380,90,0,0,0,1,0,0,0,0,0,0,0,0.000000,2,True,False
4,381,0,0,0,0,0,0,0,0,0,0,0,0,0.000000,0,False,False
4,382,85,1,0,0,1,0,0,0,0,0,0,2,0.000000,8,True,False
4,383,90,0,0,0,1,0,0,0,0,0,1,0,0.000000,2,True,False
4,384,14,0,0,0,0,0,0,0,0,0,0,0,0.000000,1,True,False
4,385,90,0,0,0,1,0,0,0,1,0,0,1,0.000000,2,True,False
4,386,90,0,0,0,1,0,0,0,0,0,0,0,0.000000,2,True,False
4,387,4,0,0,0,0,0,0,0,1,0,0,0,0.000000,0,True,False
4,388,67,0,0,1,0,0,0,0,0,0,0,0,0.000000,3,True,False
4,389,0,0,0,0,0,0,0,0,0,0,0,0,0.000000,0,False,False
4,390,0,0,0,0,0,0,0,0,0,0,0,0,0.000000,0,False,False
4,391,0,0,0,0,0,0,0,0,0,0,0,0,0.000000,0,False,False
4,392,90,0,0,0,2,0,0,0,0,0,5,0,0.000000,2,True,False
4,393,0,0,0,0,0,0,0,0,0,0,0,0,0.000000,0,False,False
4,394,0,0,0,0,0,0,0,0,0,0,0,0,0.000000,0,False,False
4,395,90,0,0,0,2,0,0,0,0,0,0,0,0.000000,1,True,False
4,396,0,0,0,0,0,0,0,0,0,0,0,0,0.000000,0,False,False
4,397,90,0,0,0,2,0,0,0,0,0,0,0,0.000000,1,True,False
4,398,0,0,0,0,0,0,0,0,0,0,0,0,0.000000,0,False,False
4,399,0,0,0,0,0,0,0,0,0,0,0,0,0.000000,0,False,False
4,400,80,0,0,0,2,0,0,0,0,0,0,0,0.000000,1,True,False
4,401,1,0,0,0,0,0,0,0,0,0,0,0,0.000000,1,True,False
4,402,90,1,0,0,2,0,0,0,0,0,0,0,0.000000,7,True,False
4,403,74,0,0,0,2,0,0,0,1,0,0,0,0.000000,1,True,False
4,404,0,0,0,0,0,0,0,0,0,0,0,0,0.000000,0,False,False
4,405,75,0,0,0,2,0,0,0,0,0,0,0,0.000000,2,True,False
4,406,0,0,0,0,0,0,0,0,0,0,0,0,0.000000,0,False,False
4,407,0,0,0,0,0,0,0,0,0,0,0,0,0.000000,0,False,False
4,408,15,0,0,0,0,0,0,0,0,0,0,0,0.000000,1,True,False
4,409,90,0,1,0,2,0,0,0,0,0,0,0,0.000000,4,True,False
4,410,14,0,0,0,0,0,0,0,1,0,0,0,0.000000,0,True,False
4,411,9,1,0,0,0,0,0,0,0,0,0,0,0.000000,5,True,False
4,412,0,0,0,0,0,0,0,0,0,0,0,0,0.000000,0,False,False
4,413,15,0,0,0,0,0,0,0,0,0,0,0,0.000000,1,True,False
4,414,90,0,0,0,2,0,0,0,0,0,0,0,0.000000,2,True,False
4,415,0,0,0,0,0,0,0,0,0,0,0,0,0.000000,0,False,False
4,416,0,0,0,0,0,0,0,0,0,0,0,0,0.000000,0,False,False
4,417,0,0,0,0,0,0,0,0,0,0,0,0,0.000000,0,False,False
4,418,70,0,0,0,1,0,0,0,0,0,0,0,0.000000,2,True,False
4,419,0,0,0,0,0,0,0,0,0,0,0,0,0.000000,0,False,False
4,420,90,0,0,0,1,0,0,0,0,0,0,0,0.000000,2,True,False
4,421,59,1,0,0,1,0,0,0,0,0,0,0,0.000000,5,True,False
4,422,0,0,0,0,0,0,0,0,0,0,0,0,0.000000,0,False,False
4,423,0,0,0,0,0,0,0,0,0,0,0,0,0.000000,0,False,False
4,424,0,0,0,0,0,0,0,0,0,0,0,0,0.000000,0,False,False
4,425,59,0,0,0,1,0,0,0,0,0,0,0,0.000000,1,True,False
4,426,0,0,0,0,0,0,0,0,0,0,0,0,0.000000,0,False,False
4,427,0,0,0,0,0,0,0,0,0,0,0,0,0.000000,0,False,False
4,428,71,0,0,0,3,0,0,0,0,0,0,0,0.000000,2,True,False
4,429,0,0,0,0,0,0,0,0,0,0,0,0,0.000000,0,False,False
4,430,0,0,0,0,0,0,0,0,0,0,0,0,0.000000,0,False,False
4,431,0,0,0,0,0,0,0,0,0,0,0,0,0.000000,0,False,False
4,432,0,0,0,0,0,0,0,0,0,0,0,0,0.000000,0,False,False
4,433,0,0,0,0,0,0,0,0,0,0,0,0,0.000000,0,False,False
4,434,0,0,0,0,0,0,0,0,0,0,0,0,0.000000,0,False,False
4,435,69,0,0,0,4,0,0,0,0,0,0,0,0.000000,2,True,False
4,436,39,0,0,0,0,0,0,0,0,0,0,0,0.000000,1,True,False
4,437,0,0,0,0,0,0,0,0,0,0,0,0,0.000000,0,False,False
4,438,0,0,0,0,0,0,0,0,0,0,0,0,0.000000,0,False,False
4,439,0,0,0,0,0,0,0,0,0,0,0,0,0.000000,0,False,False
4,440,55,0,0,0,4,0,0,0,0,0,0,0,0.000000,1,True,False
5,1,25,0,0,0,0,0,0,0,0,0,0,0,0.000000,1,True,False
5,2,90,0,0,1,0,0,0,0,0,0,0,0,0.000000,6,True,False
5,3,0,0,0,0,0,0,0,0,0,0,0,0,0.000000,0,False,False
5,4,0,0,0,0,0,0,0,0,0,0,0,0,0.000000,0,False,False
5,5,90,1,0,1,0,0,0,0,0,0,0,1,0.000000,13,True,True
5,6,0,0,0,0,0,0,0,0,0,0,0,0,0.000000,0,False,False
5,7,11,0,0,0,0,0,0,0,0,0,0,0,0.000000,1,True,False
5,8,78,0,0,1,0,0,0,0,0,0,0,0,0.000000,2,True,False
5,9,0,0,0,0,0,0,0,0,0,0,0,0,0.000000,0,False,False
5,10,90,0,0,1,0,0,0,0,0,0,4,0,0.000000,7,True,False
5,11,0,0,0,0,0,0,0,0,0,0,0,0,0.000000,0,False,False
5,12,25,0,0,0,0,0,0,0,0,0,0,0,0.000000,1,True,False
5,13,11,0,0,0,0,0,0,0,0,0,0,0,0.000000,1,True,False
5,14,90,0,0,1,0,0,0,0,0,0,0,0,0.000000,3,True,False
5,15,64,0,1,1,0,0,0,0,0,0,0,0,0.000000,6,True,False
5,16,7,0,0,0,0,0,0,0,0,0,0,0,0.000000,1,True,False
5,17,82,0,0,1,0,0,0,0,0,0,0,3,0.000000,6,True,False
5,18,78,0,0,1,0,0,0,0,0,0,0,0,0.000000,3,True,False
5,19,90,0,0,1,0,0,0,0,0,0,0,2,0.000000,5,True,False
5,20,0,0,0,0,0,0,0,0,0,0,0,0,0.000000,0,False,False
5,21,90,0,0,1,0,0,0,0,0,0,0,0,0.000000,6,True,False
5,22,0,0,0,0,0,0,0,0,0,0,0,0,0.000000,0,False,False
5,23,64,1,0,1,0,0,0,0,0,0,0,0,0.000000,8,True,False
5,24,0,0,0,0,0,0,0,0,0,0,0,0,0.000000,0,False,False
5,25,0,0,0,0,0,0,0,0,0,0,0,0,0.000000,0,False,False
5,26,0,0,0,0,0,0,0,0,0,0,0,0,0.000000,0,False,False
5,27,0,0,0,0,0,0,0,0,0,0,0,0,0.000000,0,False,False
5,28,90,0,0,0,3,0,0,0,0,0,0,0,0.000000,1,True,False
5,29,90,1,0,0,3,0,0,1,0,0,0,0,0.000000,5,True,False
5,30,0,0,0,0,0,0,0,0,0,0,0,0,0.000000,0,False,False
5,31,54,0,0,0,2,0,0,0,0,0,0,0,0.000000,1,True,False
5,32,90,0,0,0,3,0,0,0,1,0,3,0,0.000000,1,True,False
5,33,0,0,0,0,0,0,0,0,0,0,0,0,0.000000,0,False,False
5,34,0,0,0,0,0,0,0,0,0,0,0,0,0.000000,0,False,False
5,35,0,0,0,0,0,0,0,0,0,0,0,0,0.000000,0,False,False
5,36,35,0,0,0,1,0,0,0,0,0,0,0,0.000000,1,True,False
5,37,90,0,1,0,3,0,0,0,1,0,0,0,0.000000,4,True,False
5,38,35,0,0,0,1,0,0,0,0,0,0,0,0.000000,1,True,False
5,39,90,0,0,0,3,0,0,0,0,0,0,0,0.000000,2,True,False
5,40,0,0,0,0,0,0,0,0,0,0,0,0,0.000000,0,False,False
5,41,0,0,0,0,0,0,0,0,0,0,0,0,0.000000,0,False,False
5,42,0,0,0,0,0,0,0,0,0,0,0,0,0.000000,0,False,False
5,43,0,0,0,0,0,0,0,0,0,0,0,0,0.000000,0,False,False
5,44,90,0,0,0,3,0,0,0,1,0,0,0,0.000000,0,True,False
5,45,90,1,0,0,3,0,0,0,0,0,0,2,0.000000,8,True,False
5,46,90,0,0,0,3,0,0,0,0,0,0,0,0.000000,2,True,False
5,47,0,0,0,0,0,0,0,0,0,0,0,0,0.000000,0,False,False
5,48,0,0,0,0,0,0,0,0,0,0,0,0,0.000000,0,False,False
5,49,0,0,0,0,0,0,0,0,0,0,0,0,0.000000,0,False,False
5,50,19,0,0,0,1,0,0,0,0,0,0,0,0.000000,1,True,False
5,51,54,0,0,0,2,0,0,0,1,0,0,0,0.000000,0,True,False
5,52,0,0,0,0,0,0,0,0,0,0,0,0,0.000000,0,False,False
5,53,0,0,0,0,0,0,0,0,0,0,0,0,0.000000,0,False,False
5,54,90,0,0,0,2,0,0,0,0,0,5,0,0.000000,2,True,False
5,55,66,0,0,0,2,0,0,0,1,0,0,0,0.000000,0,True,False
5,56,23,0,0,0,0,0,0,0,0,0,0,0,0.000000,1,True,False
5,57,0,0,0,0,0,0,0,0,0,0,0,0,0.000000,0,False,False
5,58,0,0,0,0,0,0,0,0,0,0,0,0,0.000000,0,False,False
5,59,32,0,0,0,1,0,0,0,0,0,0,0,0.000000,1,True,False
5,60,0,0,0,0,0,0,0,0,0,0,0,0,0.000000,0,False,False
5,61,0,0,0,0,0,0,0,0,0,0,0,0,0.000000,0,False,False
5,62,0,0,0,0,0,0,0,0,0,0,0,0,0.000000,0,False,False
5,63,90,0,0,0,2,0,0,0,0,0,0,0,0.000000,2,True,False
5,64,90,0,0,0,2,0,0,0,0,0,0,0,0.000000,2,True,False
5,65,90,0,0,0,2,0,0,0,0,0,0,0,0.000000,1,True,False
5,66,90,0,0,0,2,0,0,0,0,0,0,0,0.000000,1,True,False
5,67,57,0,0,0,1,0,0,0,0,0,0,0,0.000000,1,True,False
5,68,0,0,0,0,0,0,0,0,0,0,0,0,0.000000,0,False,False
5,69,12,0,0,0,0,0,0,0,0,0,0,0,0.000000,1,True,False
5,70,0,0,0,0,0,0,0,0,0,0,0,0,0.000000,0,False,False
5,71,23,0,0,0,0,0,0,0,0,0,0,0,0.000000,1,True,False
5,72,77,0,0,0,2,0,0,0,0,0,0,0,0.000000,2,True,False
5,73,0,0,0,0,0,0,0,0,0,0,0,0,0.000000,0,False,False
5,74,0,0,0,0,0,0,0,0,0,0,0,0,0.000000,0,False,False
5,75,90,0,0,0,2,0,0,0,0,0,0,0,0.000000,2,True,False
5,76,0,0,0,0,0,0,0,0,0,0,0,0,0.000000,0,False,False
5,77,0,0,0,0,0,0,0,0,0,0,0,0,0.000000,0,False,False
5,78,0,0,0,0,0,0,0,0,0,0,0,0,0.000000,0,False,False
5,79,90,0,0,1,0,0,0,0,0,0,0,0,0.000000,6,True,False
5,80,72,0,1,1,0,0,0,0,0,0,0,1,0.000000,10,True,True
5,81,0,0,0,0,0,0,0,0,0,0,0,0,0.000000,0,False,False
5,82,45,0,0,0,0,0,0,0,0,0,0,0,0.000000,1,True,False
5,83,0,0,0,0,0,0,0,0,0,0,0,0,0.000000,0,False,False
5,84,45,0,0,0,0,0,0,0,0,0,0,0,0.000000,1,True,False
5,85,0,0,0,0,0,0,0,0,0,0,0,0,0.000000,0,False,False
5,86,9,0,0,0,0,0,0,0,0,0,0,0,0.000000,1,True,False
5,87,0,0,0,0,0,0,0,0,0,0,0,0,0.000000,0,False,False
5,88,90,0,0,1,0,0,0,0,0,0,2,0,0.000000,6,True,False
5,89,0,0,0,0,0,0,0,0,0,0,0,0,0.000000,0,False,False
5,90,0,0,0,0,0,0,0,0,0,0,0,0,0.000000,0,False,False
5,91,45,0,0,0,0,0,0,0,0,0,0,0,0.000000,1,True,False
5,92,45,0,1,0,0,0,0,0,1,0,0,0,0.000000,3,True,False
5,93,0,0,0,0,0,0,0,0,0,0,0,0,0.000000,0,False,False
5,94,0,0,0,0,0,0,0,0,0,0,0,0,0.000000,0,False,False
5,95,0,0,0,0,0,0,0,0,0,0,0,0,0.000000,0,False,False
5,96,0,0,0,0,0,0,0,0,0,0,0,0,0.000000,0,False,False
5,97,90,0,0,1,0,0,0,0,0,0,0,0,0.000000,6,True,False
5,98,0,0,0,0,0,0,0,0,0,0,0,0,0.000000,0,False,False
5,99,0,0,0,0,0,0,0,0,0,0,0,0,0.000000,0,False,False
5,100,90,2,0,1,0,0,0,0,0,0,0,2,0.000000,12,True,True
5,101,0,0,0,0,0,0,0,0,0,0,0,0,0.000000,0,False,False
5,102,90,0,0,1,0,0,0,0,0,0,0,0,0.000000,6,True,False
5,103,17,0,0,0,0,0,0,0,0,0,0,0,0.000000,1,True,False
5,104,90,0,1,1,0,0,0,0,0,0,0,0,0.000000,6,True,False
5,105,0,0,0,0,0,0,0,0,0,0,0,0,0.000000,0,False,False
5,106,0,0,0,0,0,0,0,0,0,0,0,0,0.000000,0,False,False
5,107,0,0,0,0,0,0,0,0,0,0,0,0,0.000000,0,False,False
5,108,0,0,0,0,0,0,0,0,0,0,0,0,0.000000,0,False,False
5,109,81,0,0,0,4,0,0,0,0,0,0,0,0.000000,0,True,False
5,110,0,0,0,0,0,0,0,0,0,0,0,0,0.000000,0,False,False
5,111,59,0,0,0,3,0,0,0,0,0,0,0,0.000000,0,True,False
5,112,45,0,0,0,2,0,0,0,0,0,0,0,0.000000,0,True,False
5,113,30,0,0,0,1,0,0,0,0,0,0,0,0.000000,1,True,False
5,114,8,0,0,0,0,0,0,0,0,0,0,0,0.000000,1,True,False
5,115,0,0,0,0,0,0,0,0,0,0,0,0,0.000000,0,False,False
5,116,0,0,0,0,0,0,0,0,0,0,0,0,0.000000,0,False,False
5,117,90,0,0,0,4,0,0,0,0,0,0,0,0.000000,2,True,False
5,118,30,0,0,0,1,0,0,0,0,0,0,0,0.000000,1,True,False
5,119,0,0,0,0,0,0,0,0,0,0,0,0,0.000000,0,False,False
5,120,44,0,0,0,2,0,0,0,0,0,0,0,0.000000,1,True,False
5,121,0,0,0,0,0,0,0,0,0,0,0,0,0.000000,0,False,False
5,122,90,0,0,0,4,0,0,0,0,0,0,0,0.000000,0,True,False
5,123,0,0,0,0,0,0,0,0,0,0,0,0,0.000000,0,False,False
5,124,90,0,0,0,4,0,0,0,0,0,0,0,0.000000,0,True,False
5,125,0,0,0,0,0,0,0,0,0,0,0,0,0.000000,0,False,False
5,126,0,0,0,0,0,0,0,0,0,0,0,0,0.000000,0,False,False
5,127,90,0,0,0,4,0,0,0,0,1,0,0,0.000000,-3,True,False
5,128,59,0,0,0,3,0,0,0,0,0,0,0,0.000000,1,True,False
5,129,90,0,0,0,4,0,0,0,0,0,0,0,0.000000,2,True,False
5,130,0,0,0,0,0,0,0,0,0,0,0,0,0.000000,0,False,False
5,131,0,0,0,0,0,0,0,0,0,0,0,0,0.000000,0,False,False
5,132,59,0,0,0,3,0,0,0,0,0,0,0,0.000000,1,True,False
5,133,30,0,0,0,1,0,0,0,0,0,0,0,0.000000,1,True,False
5,134,0,0,0,0,0,0,0,0,0,0,0,0,0.000000,0,False,False
5,135,0,0,0,0,0,0,0,0,0,0,0,0,0.000000,0,False,False
5,136,0,0,0,0,0,0,0,0,0,0,0,0,0.000000,0,False,False
5,137,0,0,0,0,0,0,0,0,0,0,0,0,0.000000,0,False,False
5,138,69,0,0,1,0,0,0,0,1,0,0,0,0.000000,5,True,False
5,139,90,0,0,1,0,0,0,0,0,0,0,0,0.000000,6,True,False
5,140,0,0,0,0,0,0,0,0,0,0,0,0,0.000000,0,False,False
5,141,32,1,0,0,0,0,0,0,0,0,0,2,0.000000,7,True,False
5,142,86,0,0,1,0,0,0,0,0,0,0,0,0.000000,2,True,False
5,143,0,0,0,0,0,0,0,0,0,0,0,0,0.000000,0,False,False
5,144,90,0,0,1,0,0,0,0,0,0,5,1,0.000000,8,True,True
5,145,21,0,0,0,0,0,0,0,0,0,0,0,0.000000,1,True,False
5,146,90,0,0,1,0,0,0,0,0,0,0,0,0.000000,3,True,False
5,147,68,0,1,1,0,0,0,0,0,0,0,0,0.000000,6,True,False
5,148,0,0,0,0,0,0,0,0,0,0,0,0,0.000000,0,False,False
5,149,0,0,0,0,0,0,0,0,0,0,0,0,0.000000,0,False,False
5,150,90,0,1,1,0,0,0,0,0,0,0,0,0.000000,6,True,False
5,151,0,0,0,0,0,0,0,0,0,0,0,0,0.000000,0,False,False
5,152,0,0,0,0,0,0,0,0,0,0,0,0,0.000000,0,False,False
5,153,0,0,0,0,0,0,0,0,0,0,0,0,0.000000,0,False,False
5,154,90,0,0,1,0,0,0,0,0,0,0,0,0.000000,6,True,False
5,155,90,0,0,1,0,0,0,0,1,0,0,0,0.000000,2,True,False
5,156,21,0,0,0,0,0,0,0,0,0,0,0,0.000000,1,True,False
5,157,0,0,0,0,0,0,0,0,0,0,0,0,0.000000,0,False,False
5,158,90,0,0,1,0,0,0,0,0,0,0,0,0.000000,6,True,False
5,159,0,0,0,0,0,0,0,0,0,0,0,0,0.000000,0,False,False
5,160,90,0,0,1,0,0,0,0,1,0,4,2,0.000000,8,True,False
5,161,0,0,0,0,0,0,0,0,0,0,0,0,0.000000,0,False,False
5,162,3,0,0,0,0,0,0,0,0,0,0,0,0.000000,1,True,False
5,163,90,0,0,1,0,0,0,0,1,0,0,0,0.000000,5,True,False
5,164,0,0,0,0,0,0,0,0,0,0,0,0,0.000000,0,False,False
5,165,90,0,0,1,0,0,0,0,0,0,0,0,0.000000,6,True,False
5,166,90,0,0,1,0,0,0,0,1,0,0,0,0.000000,5,True,False
5,167,0,0,0,0,0,0,0,0,0,0,0,0,0.000000,0,False,False
5,168,0,0,0,0,0,0,0,0,0,0,0,0,0.000000,0,False,False
5,169,25,0,0,0,2,0,0,0,0,0,0,0,0.000000,0,True,False
5,170,90,0,1,1,0,0,0,0,0,0,0,1,0.000000,7,True,False
5,171,90,1,0,1,0,0,0,0,1,0,0,3,0.000000,10,True,True
5,172,45,0,0,0,0,0,0,0,0,0,0,0,0.000000,1,True,False
5,173,0,0,0,0,0,0,0,0,0,0,0,0,0.000000,0,False,False
5,174,0,0,0,0,0,0,0,0,0,0,0,0,0.000000,0,False,False
5,175,0,0,0,0,0,0,0,0,0,0,0,0,0.000000,0,False,False
5,176,90,0,0,1,0,0,0,0,0,0,0,0,0.000000,3,True,False
5,177,0,0,0,0,0,0,0,0,0,0,0,0,0.000000,0,False,False
5,178,0,0,0,0,0,0,0,0,0,0,0,0,0.000000,0,False,False
5,179,78,0,0,1,0,0,0,0,0,0,0,0,0.000000,3,True,False
5,180,44,0,1,0,0,0,0,0,1,0,0,0,0.000000,3,True,False
5,181,11,0,0,0,0,0,0,0,0,0,0,0,0.000000,1,True,False
5,182,11,1,0,0,0,0,0,0,0,0,0,0,0.000000,5,True,False
5,183,79,0,0,1,0,0,0,0,0,0,0,0,0.000000,2,True,False
5,184,0,0,0,0,0,0,0,0,0,0,0,0,0.000000,0,False,False
5,185,86,0,0,1,0,0,0,0,0,0,0,0,0.000000,6,True,False
5,186,0,0,0,0,0,0,0,0,0,0,0,0,0.000000,0,False,False
5,187,90,0,0,0,1,0,0,0,0,0,0,0,0.000000,2,True,False
5,188,60,0,0,0,1,0,0,0,0,0,0,0,0.000000,2,True,False
5,189,0,0,0,0,0,0,0,0,0,0,0,0,0.000000,0,False,False
5,190,90,0,0,0,1,0,0,0,0,0,0,0,0.000000,2,True,False
5,191,29,0,0,0,0,0,0,0,0,0,0,0,0.000000,1,True,False
5,192,90,0,0,0,1,0,0,0,0,0,4,0,0.000000,3,True,False
5,193,90,1,0,0,1,0,0,0,0,0,0,2,0.000000,9,True,False
5,194,0,0,0,0,0,0,0,0,0,0,0,0,0.000000,0,False,False
5,195,70,0,1,0,2,0,0,0,0,0,0,0,0.000000,5,True,False
5,196,1,0,0,0,0,0,0,0,0,0,0,0,0.000000,1,True,False
5,197,44,0,0,0,0,0,0,0,1,0,0,0,0.000000,0,True,False
5,198,28,0,0,0,0,0,0,0,0,0,0,0,0.000000,1,True,False
5,199,0,0,0,0,0,0,0,0,0,0,0,0,0.000000,0,False,False
5,200,90,0,0,0,1,0,0,0,0,0,0,0,0.000000,2,True,False
5,201,29,0,0,0,0,0,0,0,1,0,0,0,0.000000,0,True,False
5,202,0,0,0,0,0,0,0,0,0,0,0,0,0.000000,0,False,False
5,203,61,0,0,0,1,0,0,0,0,0,0,0,0.000000,2,True,False
5,204,0,0,0,0,0,0,0,0,0,0,0,0,0.000000,0,False,False
5,205,0,0,0,0,0,0,0,0,0,0,0,0,0.000000,0,False,False
5,206,0,0,0,0,0,0,0,0,0,0,0,0,0.000000,0,False,False
5,207,0,0,0,0,0,0,0,0,0,0,0,0,0.000000,0,False,False
5,208,90,0,1,0,1,0,0,0,0,0,0,0,0.000000,5,True,False
5,209,0,0,0,0,0,0,0,0,0,0,0,0,0.000000,0,False,False
5,210,0,0,0,0,0,0,0,0,0,0,0,0,0.000000,0,False,False
5,211,90,0,0,1,0,0,0,0,0,0,0,0,0.000000,6,True,False
5,212,71,0,0,1,0,0,0,0,0,0,0,0,0.000000,6,True,False
5,213,90,0,0,1,0,0,0,0,0,0,0,0,0.000000,6,True,False
5,214,7,0,0,0,0,0,0,0,0,0,0,0,0.000000,1,True,False
5,215,0,0,0,0,0,0,0,0,0,0,0,0,0.000000,0,False,False
5,216,0,0,0,0,0,0,0,0,0,0,0,0,0.000000,0,False,False
5,217,1,0,0,0,0,0,0,0,0,0,0,0,0.000000,1,True,False
5,218,0,0,0,0,0,0,0,0,0,0,0,0,0.000000,0,False,False
5,219,0,0,0,0,0,0,0,0,0,0,0,0,0.000000,0,False,False
5,220,82,0,0,1,0,0,0,0,0,0,0,0,0.000000,3,True,False
5,221,90,0,0,1,0,0,0,0,0,0,0,0,0.000000,3,True,False
5,222,0,0,0,0,0,0,0,0,0,0,0,0,0.000000,0,False,False
5,223,0,0,0,0,0,0,0,0,0,0,0,0,0.000000,0,False,False
5,224,90,0,0,1,0,0,0,0,0,0,0,2,0.000000,5,True,False
5,225,0,0,0,0,0,0,0,0,0,0,0,0,0.000000,0,False,False
5,226,0,0,0,0,0,0,0,0,0,0,0,0,0.000000,0,False,False
5,227,0,0,0,0,0,0,0,0,0,0,0,0,0.000000,0,False,False
5,228,0,0,0,0,0,0,0,0,0,0,0,0,0.000000,0,False,False
5,229,0,0,0,0,0,0,0,0,0,0,0,0,0.000000,0,False,False
5,230,82,0,0,1,0,0,0,0,1,0,0,0,0.000000,2,True,False
5,231,0,0,0,0,0,0,0,0,0,0,0,0,0.000000,0,False,False
5,232,90,0,0,1,0,0,0,0,0,0,5,0,0.000000,7,True,False
5,233,0,0,0,0,0,0,0,0,0,0,0,0,0.000000,0,False,False
5,234,90,0,0,1,0,0,0,0,0,0,0,0,0.000000,6,True,False
5,235,18,0,0,0,0,0,0,0,0,0,0,0,0.000000,1,True,False
5,236,90,0,0,1,0,0,0,0,0,0,0,0,0.000000,3,True,False
5,237,90,0,0,1,0,0,0,0,0,0,0,0,0.000000,3,True,False
5,238,7,0,0,0,0,0,0,0,0,0,0,0,0.000000,1,True,False
5,239,0,0,0,0,0,0,0,0,0,0,0,0,0.000000,0,False,False
5,240,0,0,0,0,0,0,0,0,0,0,0,0,0.000000,0,False,False
5,241,0,0,0,0,0,0,0,0,0,0,0,0,0.000000,0,False,False
5,242,90,0,0,1,0,0,0,0,0,0,0,0,0.000000,6,True,False
5,243,90,0,0,1,0,0,0,0,0,0,0,0,0.000000,6,True,False
5,244,90,0,0,1,0,0,0,0,1,0,0,1,0.000000,6,True,False
5,245,0,0,0,0,0,0,0,0,0,0,0,0,0.000000,0,False,False
5,246,90,0,0,1,0,0,0,0,0,0,6,0,0.000000,8,True,False
5,247,90,0,0,1,0,0,0,0,0,0,0,0,0.000000,3,True,False
5,248,12,0,0,0,0,0,0,0,0,0,0,0,0.000000,1,True,False
5,249,12,0,0,0,0,0,0,0,0,0,0,0,0.000000,1,True,False
5,250,0,0,0,0,0,0,0,0,0,0,0,0,0.000000,0,False,False
5,251,78,0,0,1,0,0,0,0,0,0,0,0,0.000000,3,True,False
5,252,90,0,0,1,0,0,0,0,0,0,0,0,0.000000,3,True,False
5,253,11,0,0,0,0,0,0,0,0,0,0,0,0.000000,1,True,False
5,254,90,0,0,1,0,0,0,0,1,0,0,0,0.000000,2,True,False
5,255,0,0,0,0,0,0,0,0,0,0,0,0,0.000000,0,False,False
5,256,0,0,0,0,0,0,0,0,0,0,0,0,0.000000,0,False,False
5,257,0,0,0,0,0,0,0,0,0,0,0,0,0.000000,0,False,False
5,258,77,0,0,1,0,0,0,0,1,0,0,0,0.000000,1,True,False
5,259,90,0,0,1,0,0,0,0,0,0,0,3,0.000000,9,True,True
5,260,90,0,0,0,1,0,0,0,0,0,0,0,0.000000,2,True,False
5,261,90,0,0,0,4,0,0,0,0,0,2,0,0.000000,0,True,False
5,262,71,0,0,0,1,0,0,0,0,0,0,0,0.000000,2,True,False
5,263,90,0,0,0,1,0,0,0,0,0,0,0,0.000000,2,True,False
5,264,0,0,0,0,0,0,0,0,0,0,0,0,0.000000,0,False,False
5,265,0,0,0,0,0,0,0,0,0,0,0,0,0.000000,0,False,False
5,266,0,0,0,0,0,0,0,0,0,0,0,0,0.000000,0,False,False
5,267,3,0,0,0,0,0,0,0,0,0,0,0,0.000000,1,True,False
5,268,25,0,0,0,0,0,0,0,0,0,0,0,0.000000,1,True,False
5,269,18,0,0,0,0,0,0,0,0,0,0,0,0.000000,1,True,False
5,270,90,0,0,0,1,0,0,0,0,0,0,0,0.000000,2,True,False
5,271,0,0,0,0,0,0,0,0,0,0,0,0,0.000000,0,False,False
5,272,90,0,0,0,1,0,0,0,0,0,4,0,0.000000,3,True,False
5,273,0,0,0,0,0,0,0,0,0,0,0,0,0.000000,0,False,False
5,274,0,0,0,0,0,0,0,0,0,0,0,0,0.000000,0,False,False
5,275,0,0,0,0,0,0,0,0,0,0,0,0,0.000000,0,False,False
5,276,18,0,0,0,0,0,0,0,0,0,0,0,0.000000,1,True,False
5,277,0,0,0,0,0,0,0,0,0,0,0,0,0.000000,0,False,False
5,278,90,0,0,0,1,0,0,0,0,0,0,0,0.000000,2,True,False
5,279,0,0,0,0,0,0,0,0,0,0,0,0,0.000000,0,False,False
5,280,0,0,0,0,0,0,0,0,0,0,0,0,0.000000,0,False,False
5,281,0,0,0,0,0,0,0,0,0,0,0,0,0.000000,0,False,False
5,282,85,0,0,0,1,0,0,0,0,0,0,0,0.000000,2,True,False
5,283,90,0,0,0,1,0,0,0,0,0,0,0,0.000000,2,True,False
5,284,90,0,0,0,1,0,0,0,0,0,0,0,0.000000,2,True,False
5,285,71,0,0,0,1,0,0,0,0,0,0,0,0.000000,2,True,False
5,286,0,0,0,0,0,0,0,0,0,0,0,0,0.000000,0,False,False
5,287,4,0,0,0,0,0,0,0,0,0,0,0,0.000000,1,True,False
5,288,64,0,0,0,1,0,0,0,0,0,0,0,0.000000,2,True,False
5,289,0,0,0,0,0,0,0,0,0,0,0,0,0.000000,0,False,False
5,290,90,0,0,0,1,0,0,0,0,0,2,0,0.000000,2,True,False
5,291,0,0,0,0,0,0,0,0,0,0,0,0,0.000000,0,False,False
5,292,0,0,0,0,0,0,0,0,0,0,0,0,0.000000,0,False,False
5,293,0,0,0,0,0,0,0,0,0,0,0,0,0.000000,0,False,False
5,294,90,0,0,0,1,0,0,0,0,0,0,1,0.000000,3,True,False
5,295,0,0,0,0,0,0,0,0,0,0,0,0,0.000000,0,False,False
5,296,6,0,0,0,0,0,0,0,0,0,0,0,0.000000,1,True,False
5,297,83,0,0,0,1,0,0,0,0,0,0,0,0.000000,2,True,False
5,298,0,0,0,0,0,0,0,0,0,0,0,0,0.000000,0,False,False
5,299,0,0,0,0,0,0,0,0,0,0,0,0,0.000000,0,False,False
5,300,21,0,0,0,0,0,0,0,0,0,0,0,0.000000,1,True,False
5,301,68,0,0,0,1,0,0,0,0,0,0,0,0.000000,2,True,False
5,302,0,0,0,0,0,0,0,0,0,0,0,0,0.000000,0,False,False
5,303,0,0,0,0,0,0,0,0,0,0,0,0,0.000000,0,False,False
5,304,90,0,0,0,1,0,0,0,0,0,0,0,0.000000,2,True,False
5,305,6,0,0,0,0,0,0,0,0,0,0,0,0.000000,1,True,False
5,306,0,0,0,0,0,0,0,0,0,0,0,0,0.000000,0,False,False
5,307,0,0,0,0,0,0,0,0,0,0,0,0,0.000000,0,False,False
5,308,90,0,0,0,1,0,0,0,1,0,0,0,0.000000,1,True,False
5,309,90,0,1,0,1,0,0,0,0,0,0,0,0.000000,5,True,False
5,310,0,0,0,0,0,0,0,0,0,0,0,0,0.000000,0,False,False
5,311,0,0,0,0,0,0,0,0,0,0,0,0,0.000000,0,False,False
5,312,83,1,0,0,1,0,0,0,0,0,0,3,0.000000,9,True,True
5,313,64,0,0,0,1,0,0,0,0,0,0,0,0.000000,2,True,False
5,314,90,0,0,0,1,0,0,0,0,0,0,0,0.000000,2,True,False
5,315,90,0,0,0,1,0,0,0,0,0,0,0,0.000000,2,True,False
5,316,1,0,0,0,0,0,0,0,0,0,0,0,0.000000,1,True,False
5,317,0,0,0,0,0,0,0,0,0,0,0,0,0.000000,0,False,False
5,318,79,0,0,1,0,0,0,0,1,0,0,0,0.000000,5,True,False
5,319,90,0,0,1,0,0,0,0,0,0,0,0,0.000000,6,True,False
5,320,90,0,0,1,0,0,0,0,0,0,0,1,0.000000,7,True,False
5,321,10,0,0,0,0,0,0,0,0,0,0,0,0.000000,1,True,False
5,322,90,0,0,1,0,0,0,0,0,0,1,0,0.000000,6,True,False
5,323,90,0,0,1,0,0,0,0,0,0,0,0,0.000000,3,True,False
5,324,90,0,1,1,0,0,0,0,0,0,0,0,0.000000,6,True,False
5,325,90,0,0,1,0,0,0,0,0,0,0,0,0.000000,3,True,False
5,326,20,0,0,0,0,0,0,0,0,0,0,0,0.000000,1,True,False
5,327,0,0,0,0,0,0,0,0,0,0,0,0,0.000000,0,False,False
5,328,90,0,0,1,0,0,0,0,0,0,0,2,0.000000,8,True,False
5,329,0,0,0,0,0,0,0,0,0,0,0,0,0.000000,0,False,False
5,330,90,1,0,1,0,0,0,0,0,0,0,3,0.000000,15,True,True
5,331,90,0,0,1,0,0,0,0,0,0,0,0,0.000000,3,True,False
5,332,0,0,0,0,0,0,0,0,0,0,0,0,0.000000,0,False,False
5,333,0,0,0,0,0,0,0,0,0,0,0,0,0.000000,0,False,False
5,334,0,0,0,0,0,0,0,0,0,0,0,0,0.000000,0,False,False
5,335,0,0,0,0,0,0,0,0,0,0,0,0,0.000000,0,False,False
5,336,69,0,0,1,0,0,0,0,0,0,0,0,0.000000,3,True,False
5,337,0,0,0,0,0,0,0,0,0,0,0,0,0.000000,0,False,False
5,338,0,0,0,0,0,0,0,0,0,0,0,0,0.000000,0,False,False
5,339,90,1,0,0,2,0,0,0,0,0,0,0,0.000000,7,True,False
5,340,0,0,0,0,0,0,0,0,0,0,0,0,0.000000,0,False,False
5,341,1,0,0,0,0,0,0,0,0,0,0,0,0.000000,1,True,False
5,342,77,0,0,1,0,0,0,0,0,0,0,0,0.000000,3,True,False
5,343,4,1,0,0,0,0,0,0,0,0,0,0,0.000000,7,True,False
5,344,90,0,1,0,2,0,0,0,0,0,0,0,0.000000,4,True,False
5,345,64,0,0,0,2,0,0,0,0,0,0,0,0.000000,1,True,False
5,346,85,1,0,0,2,0,0,0,1,0,0,1,0.000000,7,True,False
5,347,0,0,0,0,0,0,0,0,0,0,0,0,0.000000,0,False,False
5,348,90,0,0,0,2,0,0,0,0,0,0,0,0.000000,1,True,False
5,349,0,0,0,0,0,0,0,0,0,0,0,0,0.000000,0,False,False
5,350,0,0,0,0,0,0,0,0,0,0,0,0,0.000000,0,False,False
5,351,0,0,0,0,0,0,0,0,0,0,0,0,0.000000,0,False,False
5,352,90,0,0,0,2,0,1,0,0,0,1,0,0.000000,6,True,False
5,353,0,0,0,0,0,0,0,0,0,0,0,0,0.000000,0,False,False
5,354,0,0,0,0,0,0,0,0,0,0,0,0,0.000000,0,False,False
5,355,90,0,0,0,2,0,0,0,0,0,0,0,0.000000,2,True,False
5,356,90,0,0,0,2,0,0,0,0,0,0,0,0.000000,2,True,False
5,357,25,0,0,0,0,0,0,0,0,0,0,0,0.000000,1,True,False
5,358,4,0,0,0,0,0,0,0,0,0,0,0,0.000000,1,True,False
5,359,90,0,0,0,2,0,0,0,0,0,0,0,0.000000,2,True,False
5,360,90,0,2,0,2,0,0,0,0,0,0,3,0.000000,11,True,True
5,361,0,0,0,0,0,0,0,0,0,0,0,0,0.000000,0,False,False
5,362,0,0,0,0,0,0,0,0,0,0,0,0,0.000000,0,False,False
5,363,85,0,0,0,2,0,0,0,0,0,0,0,0.000000,2,True,False
5,364,10,0,0,0,2,0,0,0,0,0,0,0,0.000000,0,True,False
5,365,0,0,0,0,0,0,0,0,0,0,0,0,0.000000,0,False,False
5,366,90,0,0,0,2,0,0,0,1,0,0,0,0.000000,0,True,False
5,367,0,0,0,0,0,0,0,0,0,0,0,0,0.000000,0,False,False
5,368,0,0,0,0,0,0,0,0,0,0,0,0,0.000000,0,False,False
5,369,90,0,0,0,1,0,0,0,0,0,0,0,0.000000,2,True,False
5,370,45,0,0,0,0,0,0,0,1,0,0,0,0.000000,0,True,False
5,371,90,0,0,0,2,0,0,0,0,0,0,0,0.000000,2,True,False
5,372,90,0,0,0,3,0,0,0,0,0,0,0,0.000000,2,True,False
5,373,90,0,0,0,2,0,0,0,1,0,0,0,0.000000,1,True,False
5,374,0,0,0,0,0,0,0,0,0,0,0,0,0.000000,0,False,False
5,375,0,0,0,0,0,0,0,0,0,0,0,0,0.000000,0,False,False
5,376,44,0,0,0,2,0,0,0,0,0,0,0,0.000000,1,True,False
5,377,1,0,0,0,1,0,0,0,0,0,0,0,0.000000,1,True,False
5,378,11,0,0,0,2,0,0,0,0,0,0,0,0.000000,1,True,False
5,379,0,0,0,0,0,0,0,0,0,0,0,0,0.000000,0,False,False
5,380,79,0,0,1,0,0,0,0,0,0,0,0,0.000000,6,True,False
5,381,0,0,0,0,0,0,0,0,0,0,0,0,0.000000,0,False,False
5,382,78,0,0,1,0,0,0,0,0,0,0,0,0.000000,2,True,False
5,383,90,0,0,0,2,0,0,0,0,0,4,0,0.000000,2,True,False
5,384,57,1,0,0,0,0,0,0,0,0,0,3,0.000000,9,True,True
5,385,90,0,0,0,2,0,0,0,0,0,0,0,0.000000,1,True,False
5,386,90,0,0,0,2,0,0,0,0,0,0,0,0.000000,1,True,False
5,387,0,0,0,0,0,0,0,0,0,0,0,0,0.000000,0,False,False
5,388,89,0,0,0,1,0,0,0,0,0,0,0,0.000000,2,True,False
5,389,0,0,0,0,0,0,0,0,0,0,0,0,0.000000,0,False,False
5,390,0,0,0,0,0,0,0,0,0,0,0,0,0.000000,0,False,False
5,391,0,0,0,0,0,0,0,0,0,0,0,0,0.000000,0,False,False
5,392,90,0,0,0,3,0,0,0,0,0,3,0,0.000000,2,True,False
5,393,0,0,0,0,0,0,0,0,0,0,0,0,0.000000,0,False,False
5,394,90,0,0,0,3,1,0,0,0,0,0,0,0.000000,-1,True,False
5,395,0,0,0,0,0,0,0,0,0,0,0,0,0.000000,0,False,False
5,396,90,0,0,0,3,0,0,0,0,0,0,0,0.000000,1,True,False
5,397,90,0,0,0,3,0,0,0,0,0,0,0,0.000000,1,True,False
5,398,0,0,0,0,0,0,0,0,0,0,0,0,0.000000,0,False,False
5,399,0,0,0,0,0,0,0,0,0,0,0,0,0.000000,0,False,False
5,400,0,0,0,0,0,0,0,0,0,0,0,0,0.000000,0,False,False
5,401,90,0,0,0,3,0,0,0,0,0,0,0,0.000000,2,True,False
5,402,18,0,0,0,1,0,0,0,0,0,0,0,0.000000,1,True,False
5,403,64,0,0,0,1,0,0,0,1,0,0,0,0.000000,1,True,False
5,404,0,0,0,0,0,0,0,0,0,0,0,0,0.000000,0,False,False
5,405,25,0,0,0,2,0,0,0,0,0,0,0,0.000000,1,True,False
5,406,0,0,0,0,0,0,0,0,0,0,0,0,0.000000,0,False,False
5,407,64,0,0,0,1,0,0,0,0,0,0,0,0.000000,2,True,False
5,408,64,0,0,0,1,0,0,0,0,0,0,0,0.000000,2,True,False
5,409,25,0,0,0,2,0,0,0,0,0,0,0,0.000000,0,True,False
5,410,71,0,0,0,2,0,0,0,0,0,0,0,0.000000,2,True,False
5,411,0,0,0,0,0,0,0,0,0,0,0,0,0.000000,0,False,False
5,412,0,0,0,0,0,0,0,0,0,0,0,0,0.000000,0,False,False
5,413,4,0,0,0,1,0,0,0,0,0,0,0,0.000000,1,True,False
5,414,85,0,0,0,2,0,0,0,0,0,0,0,0.000000,2,True,False
5,415,0,0,0,0,0,0,0,0,0,0,0,0,0.000000,0,False,False
5,416,0,0,0,0,0,0,0,0,0,0,0,0,0.000000,0,False,False
5,417,30,0,0,0,0,0,0,0,0,0,0,0,0.000000,1,True,False
5,418,90,0,0,0,2,0,0,0,0,0,0,0,0.000000,2,True,False
5,419,0,0,0,0,0,0,0,0,0,0,0,0,0.000000,0,False,False
5,420,60,0,0,0,1,0,0,0,0,0,0,0,0.000000,2,True,False
5,421,90,0,0,0,1,0,0,0,0,0,0,0,0.000000,2,True,False
5,422,0,0,0,0,0,0,0,0,0,0,0,0,0.000000,0,False,False
5,423,0,0,0,0,0,0,0,0,0,0,0,0,0.000000,0,False,False
5,424,0,0,0,0,0,0,0,0,0,0,0,0,0.000000,0,False,False
5,425,45,0,0,0,1,0,0,0,0,0,0,0,0.000000,1,True,False
5,426,0,0,0,0,0,0,0,0,0,0,0,0,0.000000,0,False,False
5,427,0,0,0,0,0,0,0,0,0,0,0,0,0.000000,0,False,False
5,428,25,0,0,0,0,0,0,0,0,0,0,0,0.000000,1,True,False
5,429,1,0,0,0,1,0,0,0,0,0,0,0,0.000000,1,True,False
5,430,1,0,0,0,0,0,0,0,0,0,0,0,0.000000,1,True,False
5,431,0,0,0,0,0,0,0,0,0,0,0,0,0.000000,0,False,False
5,432,0,0,0,0,0,0,0,0,0,0,0,0,0.000000,0,False,False
5,433,0,0,0,0,0,0,0,0,0,0,0,0,0.000000,0,False,False
5,434,0,0,0,0,0,0,0,0,0,0,0,0,0.000000,0,False,False
5,435,80,2,0,1,0,0,0,0,0,0,0,3,0.000000,13,True,True
5,436,66,0,0,0,2,0,0,0,0,0,0,0,0.000000,1,True,False
5,437,0,0,0,0,0,0,0,0,0,0,0,0,0.000000,0,False,False
5,438,0,0,0,0,0,0,0,0,0,0,0,0,0.000000,0,False,False
5,439,0,0,0,0,0,0,0,0,0,0,0,0,0.000000,0,False,False
5,440,59,0,0,0,0,0,0,0,0,0,0,0,0.000000,1,True,False
6,1,113,0,0,1,0,0,0,0,0,0,0,0,0.000000,7,True,False
6,2,180,0,0,2,0,0,0,0,0,0,0,0,0.000000,12,True,True
6,3,90,0,0,1,0,0,0,0,0,0,0,0,0.000000,6,True,False
6,4,0,0,0,0,0,0,0,0,0,0,0,0,0.000000,0,False,False
6,5,163,0,0,2,0,0,0,0,0,0,0,0,0.000000,12,True,True
6,6,7,0,0,0,0,0,0,0,0,0,0,0,0.000000,1,True,False
6,7,37,2,0,0,0,0,0,1,0,0,0,0,0.000000,8,True,False
6,8,141,3,1,2,0,0,0,0,0,0,0,1,0.000000,20,True,True
6,9,0,0,0,0,0,0,0,0,0,0,0,0,0.000000,0,False,False
6,10,180,0,0,2,0,0,0,0,0,0,7,0,0.000000,14,True,True
6,11,0,0,0,0,0,0,0,0,0,0,0,0,0.000000,0,False,False
6,12,180,0,0,2,0,0,0,0,0,0,0,0,0.000000,6,True,False
6,13,25,0,1,0,0,0,0,0,0,0,0,0,0.000000,5,True,False
6,14,180,0,0,2,0,0,0,0,1,0,0,5,0.000000,10,True,False
6,15,141,0,2,2,0,0,0,0,0,0,0,0,0.000000,12,True,True
6,16,96,0,1,1,0,0,0,0,0,0,0,0,0.000000,7,True,False
6,17,75,1,0,1,0,0,0,0,0,0,0,3,0.000000,11,True,False
6,18,153,0,0,2,0,0,0,0,0,0,0,0,0.000000,6,True,False
6,19,104,1,0,1,0,0,0,0,0,0,0,2,0.000000,11,True,False
6,20,0,0,0,0,0,0,0,0,0,0,0,0,0.000000,0,False,False
6,21,90,0,0,1,0,0,0,0,0,0,0,0,0.000000,6,True,False
6,22,16,0,0,0,0,0,0,0,0,0,0,0,0.000000,1,True,False
6,23,1,0,0,0,0,0,0,0,0,0,0,0,0.000000,1,True,False
6,24,0,0,0,0,0,0,0,0,0,0,0,0,0.000000,0,False,False
6,25,0,0,0,0,0,0,0,0,0,0,0,0,0.000000,0,False,False
6,26,0,0,0,0,0,0,0,0,0,0,0,0,0.000000,0,False,False
6,27,0,0,0,0,0,0,0,0,0,0,0,0,0.000000,0,False,False
6,28,150,0,0,1,1,0,0,0,0,0,0,0,0.000000,8,True,False
6,29,44,0,0,0,0,0,0,0,0,0,0,0,0.000000,1,True,False
6,30,0,0,0,0,0,0,0,0,0,0,0,0,0.000000,0,False,False
6,31,21,0,0,0,0,0,0,0,0,0,0,0,0.000000,1,True,False
6,32,0,0,0,0,0,0,0,0,0,0,0,0,0.000000,0,False,False
6,33,180,0,0,1,1,0,0,0,0,0,5,0,0.000000,9,True,False
6,34,0,0,0,0,0,0,0,0,0,0,0,0,0.000000,0,False,False
6,35,0,0,0,0,0,0,0,0,0,0,0,0,0.000000,0,False,False
6,36,7,1,0,0,0,0,0,0,0,0,0,0,0.000000,6,True,False
6,37,180,0,1,1,1,0,0,0,0,0,0,3,0.000000,11,True,False
6,38,128,1,0,1,1,0,0,0,0,0,0,1,0.000000,11,True,False
6,39,180,0,0,1,1,0,0,0,0,0,0,0,0.000000,5,True,False
6,40,0,0,0,0,0,0,0,0,0,0,0,0,0.000000,0,False,False
6,41,0,0,0,0,0,0,0,0,0,0,0,0,0.000000,0,False,False
6,42,0,0,0,0,0,0,0,0,0,0,0,0,0.000000,0,False,False
6,43,0,0,0,0,0,0,0,0,0,0,0,0,0.000000,0,False,False
6,44,135,0,1,0,1,0,0,0,0,0,0,0,0.000000,6,True,False
6,45,97,0,0,0,1,0,0,0,0,0,0,0,0.000000,3,True,False
6,46,180,0,0,1,1,0,0,0,2,0,0,0,0.000000,3,True,False
6,47,0,0,0,0,0,0,0,0,0,0,0,0,0.000000,0,False,False
6,48,180,0,0,1,1,0,0,0,0,0,0,0,0.000000,8,True,False
6,49,0,0,0,0,0,0,0,0,0,0,0,0,0.000000,0,False,False
6,50,156,3,1,1,1,0,0,0,1,0,0,3,0.000000,25,True,True
6,51,151,1,0,1,1,0,0,0,1,0,0,3,0.000000,12,True,True
6,52,35,0,0,0,0,0,0,0,0,0,0,0,0.000000,2,True,False
6,53,0,0,0,0,0,0,0,0,0,0,0,0,0.000000,0,False,False
6,54,90,0,0,0,2,0,0,0,0,0,4,0,0.000000,2,True,False
6,55,90,0,0,0,2,0,0,0,0,0,0,0,0.000000,1,True,False
6,56,0,0,0,0,0,0,0,0,0,0,0,0,0.000000,0,False,False
6,57,1,0,0,0,0,0,0,0,0,0,0,0,0.000000,1,True,False
6,58,0,0,0,0,0,0,0,0,0,0,0,0,0.000000,0,False,False
6,59,62,0,0,0,2,0,0,0,0,0,0,0,0.000000,2,True,False
6,60,0,0,0,0,0,0,0,0,0,0,0,0,0.000000,0,False,False
6,61,0,0,0,0,0,0,0,0,0,0,0,0,0.000000,0,False,False
6,62,0,0,0,0,0,0,0,0,0,0,0,0,0.000000,0,False,False
6,63,90,1,0,0,2,0,0,0,0,0,0,0,0.000000,7,True,False
6,64,90,0,1,0,2,0,0,0,0,0,0,0,0.000000,5,True,False
6,65,74,0,0,0,2,0,0,0,0,0,0,0,0.000000,1,True,False
6,66,90,0,0,0,2,0,0,0,0,0,0,0,0.000000,1,True,False
6,67,0,0,0,0,0,0,0,0,0,0,0,0,0.000000,0,False,False
6,68,0,0,0,0,0,0,0,0,0,0,0,0,0.000000,0,False,False
6,69,15,0,0,0,0,0,0,0,0,0,0,0,0.000000,1,True,False
6,70,0,0,0,0,0,0,0,0,0,0,0,0,0.000000,0,False,False
6,71,27,0,0,0,0,0,0,0,0,0,0,0,0.000000,1,True,False
6,72,27,0,0,0,0,0,0,0,0,0,0,0,0.000000,1,True,False
6,73,0,0,0,0,0,0,0,0,0,0,0,0,0.000000,0,False,False
6,74,62,0,0,0,2,0,0,0,0,0,0,0,0.000000,1,True,False
6,75,90,0,0,0,2,0,0,0,0,0,0,0,0.000000,2,True,False
6,76,0,0,0,0,0,0,0,0,0,0,0,0,0.000000,0,False,False
6,77,0,0,0,0,0,0,0,0,0,0,0,0,0.000000,0,False,False
6,78,0,0,0,0,0,0,0,0,0,0,0,0,0.000000,0,False,False
6,79,90,0,0,0,1,0,0,0,0,0,0,0,0.000000,2,True,False
6,80,59,0,0,0,1,0,0,0,0,0,0,0,0.000000,1,True,False
6,81,0,0,0,0,0,0,0,0,0,0,0,0,0.000000,0,False,False
6,82,0,0,0,0,0,0,0,0,0,0,0,0,0.000000,0,False,False
6,83,0,0,0,0,0,0,0,0,0,0,0,0,0.000000,0,False,False
6,84,89,0,0,0,1,0,0,0,0,0,0,0,0.000000,2,True,False
6,85,0,0,0,0,0,0,0,0,0,0,0,0,0.000000,0,False,False
6,86,0,0,0,0,0,0,0,0,0,0,0,0,0.000000,0,False,False
6,87,1,0,0,0,0,0,0,0,1,0,0,0,0.000000,0,True,False
6,88,90,0,0,0,1,0,0,0,0,0,1,0,0.000000,2,True,False
6,89,0,0,0,0,0,0,0,0,0,0,0,0,0.000000,0,False,False
6,90,19,1,0,0,0,0,0,0,0,0,0,0,0.000000,6,True,False
6,91,1,0,0,0,0,0,0,0,0,0,0,0,0.000000,1,True,False
6,92,90,0,1,0,1,0,0,0,0,0,0,0,0.000000,5,True,False
6,93,0,0,0,0,0,0,0,0,0,0,0,0,0.000000,0,False,False
6,94,0,0,0,0,0,0,0,0,0,0,0,0,0.000000,0,False,False
6,95,0,0,0,0,0,0,0,0,0,0,0,0,0.000000,0,False,False
6,96,0,0,0,0,0,0,0,0,0,0,0,0,0.000000,0,False,False
6,97,90,0,0,0,1,0,0,0,0,0,0,0,0.000000,2,True,False
6,98,0,0,0,0,0,0,0,0,0,0,0,0,0.000000,0,False,False
6,99,0,0,0,0,0,0,0,0,0,0,0,0,0.000000,0,False,False
6,100,70,0,0,0,1,0,0,0,0,0,0,0,0.000000,2,True,False
6,101,0,0,0,0,0,0,0,0,0,0,0,0,0.000000,0,False,False
6,102,90,0,1,0,1,0,0,0,0,0,0,3,0.000000,8,True,False
6,103,30,0,0,0,0,0,0,0,0,0,0,0,0.000000,1,True,False
6,104,89,0,0,0,1,0,0,0,0,0,0,0,0.000000,2,True,False
6,105,0,0,0,0,0,0,0,0,0,0,0,0,0.000000,0,False,False
6,106,0,0,0,0,0,0,0,0,0,0,0,0,0.000000,0,False,False
6,107,0,0,0,0,0,0,0,0,0,0,0,0,0.000000,0,False,False
6,108,0,0,0,0,0,0,0,0,0,0,0,0,0.000000,0,False,False
6,109,90,0,0,1,0,0,0,0,0,0,0,3,0.000000,9,True,False
6,110,0,0,0,0,0,0,0,0,0,0,0,0,0.000000,0,False,False
6,111,89,0,1,1,0,0,0,0,0,0,0,0,0.000000,9,True,False
6,112,69,0,0,1,0,0,0,0,0,0,0,0,0.000000,6,True,False
6,113,20,0,0,0,0,0,0,0,0,0,0,0,0.000000,1,True,False
6,114,1,0,0,0,0,0,0,0,0,0,0,0,0.000000,1,True,False
6,115,90,0,0,1,0,0,0,0,0,0,2,1,0.000000,7,True,False
6,116,0,0,0,0,0,0,0,0,0,0,0,0,0.000000,0,False,False
6,117,90,0,0,1,0,0,0,0,0,0,0,2,0.000000,5,True,False
6,118,69,0,0,1,0,0,0,0,0,0,0,0,0.000000,2,True,False
6,119,0,0,0,0,0,0,0,0,0,0,0,0,0.000000,0,False,False
6,120,90,0,0,1,0,0,0,0,0,0,0,0,0.000000,3,True,False
6,121,0,0,0,0,0,0,0,0,0,0,0,0,0.000000,0,False,False
6,122,90,0,0,1,0,0,0,0,0,0,0,0,0.000000,6,True,False
6,123,20,0,0,0,0,0,0,0,0,0,0,0,0.000000,1,True,False
6,124,90,0,0,1,0,0,0,0,0,0,0,0,0.000000,6,True,False
6,125,0,0,0,0,0,0,0,0,0,0,0,0,0.000000,0,False,False
6,126,0,0,0,0,0,0,0,0,0,0,0,0,0.000000,0,False,False
6,127,0,0,0,0,0,0,0,0,0,0,0,0,0.000000,0,False,False
6,128,29,0,0,0,0,0,0,0,1,0,0,0,0.000000,0,True,False
6,129,44,0,0,0,0,0,0,0,1,0,0,0,0.000000,0,True,False
6,130,0,0,0,0,0,0,0,0,0,0,0,0,0.000000,0,False,False
6,131,0,0,0,0,0,0,0,0,0,0,0,0,0.000000,0,False,False
6,132,60,0,0,1,0,0,0,0,0,0,0,0,0.000000,2,True,False
6,133,45,1,0,0,0,0,0,0,0,0,0,0,0.000000,5,True,False
6,134,0,0,0,0,0,0,0,0,0,0,0,0,0.000000,0,False,False
6,135,18,0,0,0,1,0,0,0,0,0,0,0,0.000000,1,True,False
6,136,0,0,0,0,0,0,0,0,0,0,0,0,0.000000,0,False,False
6,137,0,0,0,0,0,0,0,0,0,0,0,0,0.000000,0,False,False
6,138,88,0,0,0,1,0,0,0,0,0,0,0,0.000000,2,True,False
6,139,90,0,0,0,1,0,0,0,0,0,0,0,0.000000,2,True,False
6,140,1,0,0,0,0,0,0,0,0,0,0,0,0.000000,1,True,False
6,141,90,0,0,0,1,0,0,0,0,0,0,0,0.000000,2,True,False
6,142,71,0,0,1,0,0,0,0,1,0,0,0,0.000000,1,True,False
6,143,0,0,0,0,0,0,0,0,0,0,0,0,0.000000,0,False,False
6,144,90,0,0,0,1,0,0,0,0,0,5,2,0.000000,5,True,False
6,145,1,0,0,0,0,0,0,0,0,0,0,0,0.000000,1,True,False
6,146,90,1,0,0,1,0,0,0,0,0,0,3,0.000000,10,True,False
6,147,59,0,0,0,0,0,0,0,1,0,0,0,0.000000,0,True,False
6,148,0,0,0,0,0,0,0,0,0,0,0,0,0.000000,0,False,False
6,149,0,0,0,0,0,0,0,0,0,0,0,0,0.000000,0,False,False
6,150,88,0,1,0,1,0,0,0,0,0,0,0,0.000000,5,True,False
6,151,0,0,0,0,0,0,0,0,0,0,0,0,0.000000,0,False,False
6,152,0,0,0,0,0,0,0,0,0,0,0,0,0.000000,0,False,False
6,153,0,0,0,0,0,0,0,0,0,0,0,0,0.000000,0,False,False
6,154,90,0,0,0,1,0,0,0,1,0,0,0,0.000000,1,True,False
6,155,88,0,0,0,1,0,0,0,0,0,0,0,0.000000,2,True,False
6,156,30,0,0,0,1,0,0,0,0,0,0,0,0.000000,1,True,False
6,157,2,0,0,0,0,0,0,0,0,0,0,0,0.000000,1,True,False
6,158,90,0,0,0,1,0,0,0,0,0,0,0,0.000000,2,True,False
6,159,0,0,0,0,0,0,0,0,0,0,0,0,0.000000,0,False,False
6,160,90,0,0,0,2,0,0,0,0,0,2,0,0.000000,1,True,False
6,161,0,0,0,0,0,0,0,0,0,0,0,0,0.000000,0,False,False
6,162,90,0,0,0,2,0,0,0,0,0,0,0,0.000000,1,True,False
6,163,90,0,0,0,2,0,0,0,0,0,0,1,0.000000,2,True,False
6,164,0,0,0,0,0,0,0,0,0,0,0,0,0.000000,0,False,False
6,165,0,0,0,0,0,0,0,0,0,0,0,0,0.000000,0,False,False
6,166,90,0,0,0,2,0,0,0,0,0,0,0,0.000000,1,True,False
6,167,0,0,0,0,0,0,0,0,0,0,0,0,0.000000,0,False,False
6,168,0,0,0,0,0,0,0,0,0,0,0,0,0.000000,0,False,False
6,169,90,0,0,0,1,0,0,0,0,0,0,1,0.000000,3,True,False
6,170,90,0,0,0,2,0,0,0,0,0,0,0,0.000000,2,True,False
6,171,90,0,0,0,2,0,0,0,0,0,0,0,0.000000,2,True,False
6,172,0,0,0,0,0,0,0,0,0,0,0,0,0.000000,0,False,False
6,173,0,0,0,0,0,0,0,0,0,0,0,0,0.000000,0,False,False
6,174,3,0,0,0,0,0,0,0,0,0,0,0,0.000000,1,True,False
6,175,27,0,0,0,0,0,0,0,0,0,0,0,0.000000,1,True,False
6,176,78,0,0,0,2,0,0,0,0,0,0,0,0.000000,2,True,False
6,177,0,0,0,0,0,0,0,0,0,0,0,0,0.000000,0,False,False
6,178,0,0,0,0,0,0,0,0,0,0,0,0,0.000000,0,False,False
6,179,62,0,0,0,2,0,0,0,0,0,0,0,0.000000,2,True,False
6,180,86,0,0,0,2,0,0,0,0,0,0,0,0.000000,2,True,False
6,181,11,0,0,0,0,0,0,0,0,0,0,0,0.000000,1,True,False
6,182,10,0,0,0,0,0,0,0,0,0,0,0,0.000000,1,True,False
6,183,79,0,0,0,2,0,0,0,0,0,0,0,0.000000,2,True,False
6,184,0,0,0,0,0,0,0,0,0,0,0,0,0.000000,0,False,False
6,185,0,0,0,0,0,0,0,0,0,0,0,0,0.000000,0,False,False
6,186,0,0,0,0,0,0,0,0,0,0,0,0,0.000000,0,False,False
6,187,0,0,0,0,0,0,0,0,0,0,0,0,0.000000,0,False,False
6,188,0,0,0,0,0,0,0,0,0,0,0,0,0.000000,0,False,False
6,189,0,0,0,0,0,0,0,0,0,0,0,0,0.000000,0,False,False
6,190,90,0,1,0,1,0,0,0,0,0,0,0,0.000000,5,True,False
6,191,62,2,0,0,1,0,0,0,1,0,0,3,0.000000,12,True,True
6,192,90,0,0,0,1,0,0,0,0,0,6,0,0.000000,4,True,False
6,193,88,1,0,0,1,0,0,0,0,0,0,2,0.000000,9,True,False
6,194,0,0,0,0,0,0,0,0,0,0,0,0,0.000000,0,False,False
6,195,111,0,1,1,0,0,0,0,0,0,0,0,0.000000,7,True,False
6,196,87,1,1,0,1,0,0,0,0,0,0,1,0.000000,11,True,True
6,197,79,1,1,0,1,0,0,0,0,0,0,0,0.000000,10,True,False
6,198,62,0,0,0,1,0,0,0,0,0,0,0,0.000000,2,True,False
6,199,90,0,1,0,1,0,0,0,0,0,0,0,0.000000,5,True,False
6,200,0,0,0,0,0,0,0,0,0,0,0,0,0.000000,0,False,False
6,201,90,0,0,0,1,0,0,0,0,0,0,0,0.000000,2,True,False
6,202,1,0,0,0,0,0,0,0,0,0,0,0,0.000000,1,True,False
6,203,27,0,0,0,0,0,0,0,0,0,0,0,0.000000,1,True,False
6,204,0,0,0,0,0,0,0,0,0,0,0,0,0.000000,0,False,False
6,205,0,0,0,0,0,0,0,0,0,0,0,0,0.000000,0,False,False
6,206,10,0,0,0,0,0,0,0,0,0,0,0,0.000000,1,True,False
6,207,0,0,0,0,0,0,0,0,0,0,0,0,0.000000,0,False,False
6,208,90,0,0,0,1,0,0,0,0,0,0,0,0.000000,2,True,False
6,209,0,0,0,0,0,0,0,0,0,0,0,0,0.000000,0,False,False
6,210,0,0,0,0,0,0,0,0,0,0,0,0,0.000000,0,False,False
6,211,90,0,0,0,1,0,0,0,0,0,0,0,0.000000,2,True,False
6,212,65,0,0,0,1,0,0,0,0,0,0,0,0.000000,2,True,False
6,213,90,0,0,0,1,0,0,0,1,0,0,2,0.000000,3,True,False
6,214,23,0,0,0,0,0,0,0,0,0,0,0,0.000000,1,True,False
6,215,0,0,0,0,0,0,0,0,0,0,0,0,0.000000,0,False,False
6,216,0,0,0,0,0,0,0,0,0,0,0,0,0.000000,0,False,False
6,217,90,0,0,0,2,0,0,0,0,0,0,0,0.000000,1,True,False
6,218,2,0,0,0,0,0,0,0,0,0,0,0,0.000000,1,True,False
6,219,0,0,0,0,0,0,0,0,0,0,0,0,0.000000,0,False,False
6,220,65,1,0,0,1,0,0,0,0,0,0,0,0.000000,7,True,False
6,221,65,0,1,0,1,0,0,0,0,0,0,0,0.000000,5,True,False
6,222,0,0,0,0,0,0,0,0,0,0,0,0,0.000000,0,False,False
6,223,24,0,0,0,0,0,0,0,0,0,0,0,0.000000,1,True,False
6,224,90,0,0,0,1,0,0,0,0,0,0,0,0.000000,2,True,False
6,225,0,0,0,0,0,0,0,0,0,0,0,0,0.000000,0,False,False
6,226,0,0,0,0,0,0,0,0,0,0,0,0,0.000000,0,False,False
6,227,0,0,0,0,0,0,0,0,0,0,0,0,0.000000,0,False,False
6,228,24,0,0,0,0,0,0,0,0,0,0,0,0.000000,1,True,False
6,229,0,0,0,0,0,0,0,0,0,0,0,0,0.000000,0,False,False
6,230,66,0,0,0,1,0,0,0,0,0,0,0,0.000000,2,True,False
6,231,0,0,0,0,0,0,0,0,0,0,0,0,0.000000,0,False,False
6,232,90,0,0,0,1,0,0,0,0,0,3,0,0.000000,3,True,False
6,233,0,0,0,0,0,0,0,0,0,0,0,0,0.000000,0,False,False
6,234,90,0,0,0,1,0,0,0,0,0,0,0,0.000000,2,True,False
6,235,0,0,0,0,0,0,0,0,0,0,0,0,0.000000,0,False,False
6,236,87,0,0,0,1,0,0,0,0,0,0,0,0.000000,2,True,False
6,237,90,0,0,0,1,0,0,0,0,0,0,0,0.000000,2,True,False
6,238,24,0,0,0,0,0,0,0,0,0,0,0,0.000000,1,True,False
6,239,0,0,0,0,0,0,0,0,0,0,0,0,0.000000,0,False,False
6,240,0,0,0,0,0,0,0,0,0,0,0,0,0.000000,0,False,False
6,241,0,0,0,0,0,0,0,0,0,0,0,0,0.000000,0,False,False
6,242,90,0,0,0,3,0,0,0,0,0,0,0,0.000000,1,True,False
6,243,90,0,0,0,3,0,0,0,0,0,0,0,0.000000,1,True,False
6,244,90,0,0,0,3,0,0,0,0,0,0,0,0.000000,1,True,False
6,245,0,0,0,0,0,0,0,0,0,0,0,0,0.000000,0,False,False
6,246,90,0,0,0,3,0,0,0,0,0,2,0,0.000000,1,True,False
6,247,37,0,0,0,2,0,0,0,0,0,0,0,0.000000,1,True,False
6,248,1,0,0,0,0,0,0,0,0,0,0,0,0.000000,1,True,False
6,249,27,0,0,0,0,0,0,0,0,0,0,0,0.000000,1,True,False
6,250,27,0,0,0,0,0,0,0,0,0,0,0,0.000000,1,True,False
6,251,90,1,0,0,3,0,0,0,0,0,0,0,0.000000,7,True,False
6,252,90,0,0,0,3,0,0,0,0,0,0,0,0.000000,2,True,False
6,253,52,0,0,0,1,0,0,0,0,0,0,0,0.000000,1,True,False
6,254,90,0,0,0,3,0,0,0,0,0,0,0,0.000000,2,True,False
6,255,0,0,0,0,0,0,0,0,0,0,0,0,0.000000,0,False,False
6,256,0,0,0,0,0,0,0,0,0,0,0,0,0.000000,0,False,False
6,257,0,0,0,0,0,0,0,0,0,0,0,0,0.000000,0,False,False
6,258,62,0,0,0,3,0,0,0,0,0,0,0,0.000000,2,True,False
6,259,90,0,1,0,3,0,0,0,0,0,0,0,0.000000,4,True,False
6,260,90,0,0,0,1,0,0,0,0,0,0,0,0.000000,2,True,False
6,261,0,0,0,0,0,0,0,0,0,0,0,0,0.000000,0,False,False
6,262,45,0,0,0,1,0,0,0,0,0,0,0,0.000000,1,True,False
6,263,90,0,0,0,1,0,0,0,0,0,0,0,0.000000,2,True,False
6,264,17,0,0,0,0,0,0,0,0,0,0,0,0.000000,1,True,False
6,265,0,0,0,0,0,0,0,0,0,0,0,0,0.000000,0,False,False
6,266,0,0,0,0,0,0,0,0,0,0,0,0,0.000000,0,False,False
6,267,0,0,0,0,0,0,0,0,0,0,0,0,0.000000,0,False,False
6,268,44,0,0,0,0,0,0,0,1,0,0,0,0.000000,0,True,False
6,269,34,0,0,0,0,0,0,0,1,0,0,0,0.000000,0,True,False
6,270,90,0,0,0,1,0,0,1,0,0,0,0,0.000000,0,True,False
6,271,0,0,0,0,0,0,0,0,0,0,0,0,0.000000,0,False,False
6,272,90,0,0,0,1,0,0,0,0,1,3,0,0.000000,0,True,False
6,273,0,0,0,0,0,0,0,0,0,0,0,0,0.000000,0,False,False
6,274,0,0,0,0,0,0,0,0,0,0,0,0,0.000000,0,False,False
6,275,0,0,0,0,0,0,0,0,0,0,0,0,0.000000,0,False,False
6,276,44,0,0,0,0,0,0,0,0,0,0,0,0.000000,1,True,False
6,277,0,0,0,0,0,0,0,0,0,0,0,0,0.000000,0,False,False
6,278,90,0,0,0,1,0,0,0,0,0,0,0,0.000000,2,True,False
6,279,0,0,0,0,0,0,0,0,0,0,0,0,0.000000,0,False,False
6,280,0,0,0,0,0,0,0,0,0,0,0,0,0.000000,0,False,False
6,281,0,0,0,0,0,0,0,0,0,0,0,0,0.000000,0,False,False
6,282,87,0,0,0,1,0,0,0,0,0,0,0,0.000000,2,True,False
6,283,90,0,0,0,1,0,0,0,0,0,0,0,0.000000,2,True,False
6,284,72,0,0,0,1,0,0,0,0,0,0,0,0.000000,2,True,False
6,285,45,0,0,0,1,0,0,0,0,0,0,0,0.000000,1,True,False
6,286,0,0,0,0,0,0,0,0,0,0,0,0,0.000000,0,False,False
6,287,2,0,0,0,0,0,0,0,0,0,0,0,0.000000,1,True,False
6,288,55,0,0,0,1,0,0,0,0,0,0,0,0.000000,1,True,False
6,289,0,0,0,0,0,0,0,0,0,0,0,0,0.000000,0,False,False
6,290,180,0,0,0,7,0,1,0,0,0,6,0,0.000000,7,True,False
6,291,0,0,0,0,0,0,0,0,0,0,0,0,0.000000,0,False,False
6,292,0,0,0,0,0,0,0,0,0,0,0,0,0.000000,0,False,False
6,293,0,0,0,0,0,0,0,0,0,0,0,0,0.000000,0,False,False
6,294,180,0,0,0,7,0,0,0,0,0,0,0,0.000000,1,True,False
6,295,0,0,0,0,0,0,0,0,0,0,0,0,0.000000,0,False,False
6,296,180,0,0,0,7,0,0,0,1,0,0,0,0.000000,0,True,False
6,297,0,0,0,0,0,0,0,0,0,0,0,0,0.000000,0,False,False
6,298,0,0,0,0,0,0,0,0,0,0,0,0,0.000000,0,False,False
6,299,0,0,0,0,0,0,0,0,0,0,0,0,0.000000,0,False,False
6,300,90,0,0,0,5,0,0,0,0,0,0,0,0.000000,2,True,False
6,301,114,0,0,0,4,0,0,0,0,0,0,0,0.000000,3,True,False
6,302,0,0,0,0,0,0,0,0,0,0,0,0,0.000000,0,False,False
6,303,75,0,0,0,3,0,0,0,0,0,0,0,0.000000,2,True,False
6,304,155,0,0,0,5,0,0,0,0,0,0,0,0.000000,4,True,False
6,305,2,0,0,0,0,0,0,0,0,0,0,0,0.000000,1,True,False
6,306,0,0,0,0,0,0,0,0,0,0,0,0,0.000000,0,False,False
6,307,25,0,0,0,2,0,0,0,0,0,0,0,0.000000,1,True,False
6,308,153,0,0,0,5,0,0,0,1,0,0,0,0.000000,1,True,False
6,309,180,0,1,0,7,0,0,0,0,0,0,0,0.000000,4,True,False
6,310,0,0,0,0,0,0,0,0,0,0,0,0,0.000000,0,False,False
6,311,0,0,0,0,0,0,0,0,0,0,0,0,0.000000,0,False,False
6,312,143,0,0,0,4,0,0,0,0,0,0,0,0.000000,4,True,False
6,313,104,1,0,0,4,0,0,0,1,0,0,1,0.000000,8,True,False
6,314,111,0,0,0,4,0,0,0,0,0,0,0,0.000000,3,True,False
6,315,176,0,0,0,6,0,0,0,1,0,0,0,0.000000,0,True,False
6,316,0,0,0,0,0,0,0,0,0,0,0,0,0.000000,0,False,False
6,317,44,0,0,0,2,0,0,0,0,0,0,0,0.000000,0,True,False
6,318,180,0,0,0,6,0,0,0,0,0,0,0,0.000000,2,True,False
6,319,180,0,0,0,6,0,0,0,0,0,0,0,0.000000,2,True,False
6,320,134,1,1,0,3,0,0,0,0,0,0,0,0.000000,11,True,True
6,321,99,0,0,0,5,0,0,0,0,0,0,0,0.000000,1,True,False
6,322,180,0,0,0,6,0,0,0,0,0,6,0,0.000000,4,True,False
6,323,136,0,0,0,5,0,0,0,1,0,0,0,0.000000,2,True,False
6,324,180,0,0,0,6,0,0,0,0,0,0,0,0.000000,4,True,False
6,325,157,0,1,0,5,0,0,0,0,0,0,2,0.000000,9,True,False
6,326,61,0,0,0,2,0,0,0,0,0,0,0,0.000000,2,True,False
6,327,0,0,0,0,0,0,0,0,0,0,0,0,0.000000,0,False,False
6,328,135,0,0,0,4,0,0,0,0,0,0,1,0.000000,3,True,False
6,329,1,0,0,0,0,0,0,0,0,0,0,0,0.000000,1,True,False
6,330,125,0,0,0,4,0,0,0,0,0,0,0,0.000000,2,True,False
6,331,180,0,1,0,6,0,0,0,1,0,0,0,0.000000,6,True,False
6,332,0,0,0,0,0,0,0,0,0,0,0,0,0.000000,0,False,False
6,333,0,0,0,0,0,0,0,0,0,0,0,0,0.000000,0,False,False
6,334,0,0,0,0,0,0,0,0,0,0,0,0,0.000000,0,False,False
6,335,66,1,0,0,2,0,0,0,0,0,0,0,0.000000,7,True,False
6,336,117,1,0,0,4,0,0,0,1,0,0,3,0.000000,10,True,False
6,337,0,0,0,0,0,0,0,0,0,0,0,0,0.000000,0,False,False
6,338,0,0,0,0,0,0,0,0,0,0,0,0,0.000000,0,False,False
6,339,90,0,0,0,1,0,0,0,0,0,0,0,0.000000,2,True,False
6,340,0,0,0,0,0,0,0,0,0,0,0,0,0.000000,0,False,False
6,341,1,0,0,0,0,0,0,0,0,0,0,0,0.000000,1,True,False
6,342,62,0,0,0,3,0,0,0,0,0,0,0,0.000000,2,True,False
6,343,1,0,0,0,0,0,0,0,0,0,0,0,0.000000,1,True,False
6,344,90,0,0,0,1,0,0,0,0,0,0,0,0.000000,2,True,False
6,345,0,0,0,0,0,0,0,0,0,0,0,0,0.000000,0,False,False
6,346,88,0,0,0,1,0,0,0,0,0,0,0,0.000000,2,True,False
6,347,20,0,0,0,0,0,0,0,1,0,0,0,0.000000,0,True,False
6,348,90,1,0,0,1,0,0,0,0,0,0,3,0.000000,11,True,True
6,349,0,0,0,0,0,0,0,0,0,0,0,0,0.000000,0,False,False
6,350,0,0,0,0,0,0,0,0,0,0,0,0,0.000000,0,False,False
6,351,0,0,0,0,0,0,0,0,0,0,0,0,0.000000,0,False,False
6,352,90,0,0,0,1,0,0,0,0,0,2,0,0.000000,2,True,False
6,353,0,0,0,0,0,0,0,0,0,0,0,0,0.000000,0,False,False
6,354,20,0,0,0,0,0,0,0,0,0,0,0,0.000000,1,True,False
6,355,69,0,0,0,1,0,0,0,0,0,0,0,0.000000,2,True,False
6,356,90,1,0,0,1,0,0,0,0,0,0,1,0.000000,7,True,False
6,357,69,0,1,0,1,0,0,0,0,0,0,0,0.000000,5,True,False
6,358,0,0,0,0,0,0,0,0,0,0,0,0,0.000000,0,False,False
6,359,88,0,0,0,1,0,0,0,0,0,0,0,0.000000,2,True,False
6,360,88,0,1,0,1,0,0,0,0,0,0,2,0.000000,7,True,False
6,361,1,0,0,0,0,0,0,0,0,0,0,0,0.000000,1,True,False
6,362,0,0,0,0,0,0,0,0,0,0,0,0,0.000000,0,False,False
6,363,90,0,0,0,1,0,0,0,1,0,0,0,0.000000,1,True,False
6,364,2,0,0,0,0,0,0,0,0,0,0,0,0.000000,1,True,False
6,365,0,0,0,0,0,0,0,0,0,0,0,0,0.000000,0,False,False
6,366,90,0,0,0,5,0,0,0,0,0,0,0,0.000000,0,True,False
6,367,0,0,0,0,0,0,0,0,0,0,0,0,0.000000,0,False,False
6,368,0,0,0,0,0,0,0,0,0,0,0,0,0.000000,0,False,False
6,369,90,0,0,0,5,0,0,0,0,0,0,0,0.000000,2,True,False
6,370,0,0,0,0,0,0,0,0,0,0,0,0,0.000000,0,False,False
6,371,90,0,0,0,5,0,0,0,0,0,0,0,0.000000,2,True,False
6,372,90,0,0,0,1,0,0,0,0,0,0,0,0.000000,2,True,False
6,373,90,0,0,0,5,0,0,0,0,0,0,0,0.000000,2,True,False
6,374,0,0,0,0,0,0,0,0,0,0,0,0,0.000000,0,False,False
6,375,0,0,0,0,0,0,0,0,0,0,0,0,0.000000,0,False,False
6,376,45,0,0,0,1,0,0,0,0,0,0,0,0.000000,1,True,False
6,377,45,0,0,0,4,0,0,0,0,0,0,0,0.000000,-1,True,False
6,378,0,0,0,0,0,0,0,0,0,0,0,0,0.000000,0,False,False
6,379,2,0,0,0,0,0,0,0,0,0,0,0,0.000000,1,True,False
6,380,68,0,0,0,4,0,0,0,1,0,0,0,0.000000,-1,True,False
6,381,0,0,0,0,0,0,0,0,0,0,0,0,0.000000,0,False,False
6,382,68,0,1,0,4,0,0,0,0,0,0,0,0.000000,5,True,False
6,383,90,0,0,0,5,0,0,0,0,0,2,0,0.000000,0,True,False
6,384,0,0,0,0,0,0,0,0,0,0,0,0,0.000000,0,False,False
6,385,87,0,0,0,5,0,0,0,0,0,0,0,0.000000,0,True,False
6,386,90,0,0,0,5,0,0,0,0,0,0,0,0.000000,0,True,False
6,387,0,0,0,0,0,0,0,0,0,0,0,0,0.000000,0,False,False
6,388,87,1,0,0,5,0,0,0,0,0,0,0,0.000000,7,True,False
6,389,0,0,0,0,0,0,0,0,0,0,0,0,0.000000,0,False,False
6,390,0,0,0,0,0,0,0,0,0,0,0,0,0.000000,0,False,False
6,391,21,0,0,0,1,0,0,0,0,0,0,0,0.000000,1,True,False
6,392,90,0,0,0,1,0,0,0,0,0,3,0,0.000000,3,True,False
6,393,0,0,0,0,0,0,0,0,0,0,0,0,0.000000,0,False,False
6,394,30,0,0,0,1,0,0,0,0,0,0,0,0.000000,1,True,False
6,395,59,0,0,0,0,0,0,0,0,0,0,0,0.000000,1,True,False
6,396,69,0,0,0,1,0,0,0,0,0,0,0,0.000000,2,True,False
6,397,90,0,0,0,1,0,0,0,0,0,0,0,0.000000,2,True,False
6,398,0,0,0,0,0,0,0,0,0,0,0,0,0.000000,0,False,False
6,399,0,0,0,0,0,0,0,0,0,0,0,0,0.000000,0,False,False
6,400,0,0,0,0,0,0,0,0,0,0,0,0,0.000000,0,False,False
6,401,0,0,0,0,0,0,0,0,0,0,0,0,0.000000,0,False,False
6,402,45,0,0,0,0,0,0,0,1,0,0,0,0.000000,0,True,False
6,403,45,0,0,0,0,0,0,0,0,0,0,0,0.000000,1,True,False
6,404,0,0,0,0,0,0,0,0,0,0,0,0,0.000000,0,False,False
6,405,90,0,0,0,1,0,0,0,0,0,0,0,0.000000,2,True,False
6,406,0,0,0,0,0,0,0,0,0,0,0,0,0.000000,0,False,False
6,407,0,0,0,0,0,0,0,0,0,0,0,0,0.000000,0,False,False
6,408,68,0,0,0,1,0,0,0,0,0,0,0,0.000000,2,True,False
6,409,21,0,0,0,0,0,0,0,1,0,0,0,0.000000,0,True,False
6,410,45,0,0,0,1,0,0,0,0,0,0,0,0.000000,1,True,False
6,411,45,0,1,0,1,0,0,0,0,0,0,0,0.000000,4,True,False
6,412,0,0,0,0,0,0,0,0,0,0,0,0,0.000000,0,False,False
6,413,0,0,0,0,0,0,0,0,0,0,0,0,0.000000,0,False,False
6,414,90,1,0,0,1,0,0,0,0,0,0,0,0.000000,6,True,False
6,415,21,0,0,0,0,0,0,0,0,0,0,0,0.000000,1,True,False
6,416,0,0,0,0,0,0,0,0,0,0,0,0,0.000000,0,False,False
6,417,30,0,0,0,0,0,0,0,0,0,0,0,0.000000,1,True,False
6,418,89,0,0,0,2,0,0,0,0,0,0,0,0.000000,2,True,False
6,419,0,0,0,0,0,0,0,0,0,0,0,0,0.000000,0,False,False
6,420,90,0,0,0,1,0,0,0,0,0,0,0,0.000000,2,True,False
6,421,27,0,1,0,0,0,0,0,0,0,0,0,0.000000,4,True,False
6,422,0,0,0,0,0,0,0,0,0,0,0,0,0.000000,0,False,False
6,423,0,0,0,0,0,0,0,0,0,0,0,0,0.000000,0,False,False
6,424,0,0,0,0,0,0,0,0,0,0,0,0,0.000000,0,False,False
6,425,2,0,0,0,0,0,0,0,0,0,0,0,0.000000,1,True,False
6,426,0,0,0,0,0,0,0,0,0,0,0,0,0.000000,0,False,False
6,427,3,0,0,0,1,0,0,0,0,0,0,0,0.000000,1,True,False
6,428,101,0,0,0,6,0,0,0,0,0,0,0,0.000000,3,True,False
6,429,21,0,0,0,1,0,0,0,0,0,0,0,0.000000,1,True,False
6,430,8,0,0,0,0,0,0,0,0,0,0,0,0.000000,1,True,False
6,431,29,0,0,0,0,0,0,0,0,0,0,0,0.000000,1,True,False
6,432,0,0,0,0,0,0,0,0,0,0,0,0,0.000000,0,False,False
6,433,0,0,0,0,0,0,0,0,0,0,0,0,0.000000,0,False,False
6,434,0,0,0,0,0,0,0,0,0,0,0,0,0.000000,0,False,False
6,435,90,1,0,0,1,0,0,0,0,0,0,2,0.000000,8,True,False
6,436,90,0,0,0,2,0,0,0,0,0,0,0,0.000000,1,True,False
6,437,0,0,0,0,0,0,0,0,0,0,0,0,0.000000,0,False,False
6,438,0,0,0,0,0,0,0,0,0,0,0,0,0.000000,0,False,False
6,439,0,0,0,0,0,0,0,0,0,0,0,0,0.000000,0,False,False
6,440,59,0,0,0,1,0,0,0,0,0,0,0,0.000000,1,True,False
7,1,90,0,0,0,1,0,0,0,0,0,0,0,0.000000,2,True,False
7,2,90,0,0,0,1,0,0,0,0,0,0,0,0.000000,2,True,False
7,3,0,0,0,0,0,0,0,0,0,0,0,0,0.000000,0,False,False
7,4,0,0,0,0,0,0,0,0,0,0,0,0,0.000000,0,False,False
7,5,88,0,0,0,1,0,0,0,0,0,0,0,0.000000,2,True,False
7,6,0,0,0,0,0,0,0,0,0,0,0,0,0.000000,0,False,False
7,7,16,0,0,0,0,0,0,0,0,0,0,0,0.000000,1,True,False
7,8,88,0,0,0,1,0,0,0,0,0,0,0,0.000000,2,True,False
7,9,0,0,0,0,0,0,0,0,0,0,0,0,0.000000,0,False,False
7,10,90,0,0,0,1,0,0,0,0,0,2,0,0.000000,2,True,False
7,11,0,0,0,0,0,0,0,0,0,0,0,0,0.000000,0,False,False
7,12,90,0,0,0,1,0,0,0,0,0,0,0,0.000000,2,True,False
7,13,0,0,0,0,0,0,0,0,0,0,0,0,0.000000,0,False,False
7,14,90,0,0,0,1,0,0,0,0,0,0,0,0.000000,2,True,False
7,15,73,0,0,0,1,0,0,0,0,0,0,0,0.000000,2,True,False
7,16,29,0,0,0,0,0,0,0,0,0,0,0,0.000000,1,True,False
7,17,60,0,0,0,1,0,0,0,0,0,0,0,0.000000,2,True,False
7,18,90,0,0,0,1,0,0,0,0,0,0,0,0.000000,2,True,False
7,19,1,0,0,0,0,0,0,0,0,0,0,0,0.000000,1,True,False
7,20,0,0,0,0,0,0,0,0,0,0,0,0,0.000000,0,False,False
7,21,90,0,0,0,1,0,0,0,0,0,0,0,0.000000,2,True,False
7,22,0,0,0,0,0,0,0,0,0,0,0,0,0.000000,0,False,False
7,23,0,0,0,0,0,0,0,0,0,0,0,0,0.000000,0,False,False
7,24,0,0,0,0,0,0,0,0,0,0,0,0,0.000000,0,False,False
7,25,0,0,0,0,0,0,0,0,0,0,0,0,0.000000,0,False,False
7,26,0,0,0,0,0,0,0,0,0,0,0,0,0.000000,0,False,False
7,27,0,0,0,0,0,0,0,0,0,0,0,0,0.000000,0,False,False
7,28,90,0,0,0,1,0,0,0,0,0,0,0,0.000000,2,True,False
7,29,76,1,0,1,0,0,0,0,0,0,0,1,0.000000,13,True,True
7,30,13,0,0,0,1,0,0,0,0,0,0,0,0.000000,1,True,False
7,31,4,1,0,0,1,0,0,0,0,0,0,0,0.000000,5,True,False
7,32,0,0,0,0,0,0,0,0,0,0,0,0,0.000000,0,False,False
7,33,90,0,0,0,1,0,0,0,0,0,1,0,0.000000,2,True,False
7,34,0,0,0,0,0,0,0,0,0,0,0,0,0.000000,0,False,False
7,35,0,0,0,0,0,0,0,0,0,0,0,0,0.000000,0,False,False
7,36,25,0,0,0,1,0,0,0,0,0,0,0,0.000000,1,True,False
7,37,90,0,0,0,1,0,0,0,0,0,0,2,0.000000,4,True,False
7,38,64,0,1,1,0,0,0,0,0,0,0,0,0.000000,6,True,False
7,39,90,0,0,0,1,0,0,0,0,0,0,0,0.000000,2,True,False
7,40,0,0,0,0,0,0,0,0,0,0,0,0,0.000000,0,False,False
7,41,0,0,0,0,0,0,0,0,0,0,0,0,0.000000,0,False,False
7,42,0,0,0,0,0,0,0,0,0,0,0,0,0.000000,0,False,False
7,43,0,0,0,0,0,0,0,0,0,0,0,0,0.000000,0,False,False
7,44,0,0,0,0,0,0,0,0,0,0,0,0,0.000000,0,False,False
7,45,85,0,0,1,0,0,0,0,0,0,0,0,0.000000,2,True,False
7,46,76,0,0,1,0,0,0,0,0,0,0,0,0.000000,3,True,False
7,47,0,0,0,0,0,0,0,0,0,0,0,0,0.000000,0,False,False
7,48,90,0,0,0,1,0,0,0,0,0,0,0,0.000000,2,True,False
7,49,0,0,0,0,0,0,0,0,0,0,0,0,0.000000,0,False,False
7,50,90,1,1,0,1,0,0,0,0,0,0,3,0.000000,13,True,True
7,51,64,0,0,1,0,0,0,0,0,0,0,0,0.000000,3,True,False
7,52,13,0,0,0,1,0,0,0,0,0,0,0,0.000000,1,True,False
7,53,0,0,0,0,0,0,0,0,0,0,0,0,0.000000,0,False,False
7,54,90,0,0,0,3,0,0,0,0,0,2,0,0.000000,1,True,False
7,55,90,0,1,0,3,0,0,0,0,0,0,0,0.000000,4,True,False
7,56,0,0,0,0,0,0,0,0,0,0,0,0,0.000000,0,False,False
7,57,0,0,0,0,0,0,0,0,0,0,0,0,0.000000,0,False,False
7,58,0,0,0,0,0,0,0,0,0,0,0,0,0.000000,0,False,False
7,59,60,0,0,0,1,0,0,0,0,0,0,0,0.000000,2,True,False
7,60,0,0,0,0,0,0,0,0,0,0,0,0,0.000000,0,False,False
7,61,0,0,0,0,0,0,0,0,0,0,0,0,0.000000,0,False,False
7,62,9,0,0,0,1,0,0,0,0,0,0,0,0.000000,1,True,False
7,63,80,0,0,0,2,0,0,0,0,0,0,0,0.000000,2,True,False
7,64,90,0,0,0,3,0,0,0,0,0,0,0,0.000000,2,True,False
7,65,90,0,0,0,3,0,0,0,0,0,0,0,0.000000,1,True,False
7,66,90,1,0,0,3,0,0,0,0,0,0,0,0.000000,7,True,False
7,67,0,0,0,0,0,0,0,0,0,0,0,0,0.000000,0,False,False
7,68,0,0,0,0,0,0,0,0,0,0,0,0,0.000000,0,False,False
7,69,9,0,0,0,1,0,0,0,0,0,0,0,0.000000,1,True,False
7,70,0,0,0,0,0,0,0,0,0,0,0,0,0.000000,0,False,False
7,71,45,0,0,0,2,0,0,0,0,0,0,0,0.000000,0,True,False
7,72,29,0,0,0,2,0,0,0,0,0,0,0,0.000000,1,True,False
7,73,0,0,0,0,0,0,0,0,0,0,0,0,0.000000,0,False,False
7,74,74,0,0,0,2,0,0,0,0,0,0,0,0.000000,1,True,False
7,75,45,0,0,0,1,0,0,0,0,0,0,0,0.000000,1,True,False
7,76,0,0,0,0,0,0,0,0,0,0,0,0,0.000000,0,False,False
7,77,15,0,0,0,1,0,0,0,0,0,0,0,0.000000,1,True,False
7,78,0,0,0,0,0,0,0,0,0,0,0,0,0.000000,0,False,False
7,79,90,0,1,0,1,0,0,0,0,0,0,0,0.000000,5,True,False
7,80,85,0,0,0,1,0,0,0,1,0,0,0,0.000000,1,True,False
7,81,0,0,0,0,0,0,0,0,0,0,0,0,0.000000,0,False,False
7,82,0,0,0,0,0,0,0,0,0,0,0,0,0.000000,0,False,False
7,83,0,0,0,0,0,0,0,0,0,0,0,0,0.000000,0,False,False
7,84,90,0,0,0,1,0,0,0,0,0,0,0,0.000000,2,True,False
7,85,4,0,0,0,0,0,0,0,0,0,0,0,0.000000,1,True,False
7,86,0,0,0,0,0,0,0,0,0,0,0,0,0.000000,0,False,False
7,87,4,0,0,0,0,0,0,0,0,0,0,0,0.000000,1,True,False
7,88,90,0,0,0,1,0,0,0,0,0,4,0,0.000000,3,True,False
7,89,0,0,0,0,0,0,0,0,0,0,0,0,0.000000,0,False,False
7,90,16,0,0,0,0,0,0,0,0,0,0,0,0.000000,1,True,False
7,91,26,0,0,0,0,0,0,0,0,0,0,0,0.000000,1,True,False
7,92,85,0,0,0,1,0,0,0,0,0,0,0,0.000000,2,True,False
7,93,0,0,0,0,0,0,0,0,0,0,0,0,0.000000,0,False,False
7,94,0,0,0,0,0,0,0,0,0,0,0,0,0.000000,0,False,False
7,95,0,0,0,0,0,0,0,0,0,0,0,0,0.000000,0,False,False
7,96,0,0,0,0,0,0,0,0,0,0,0,0,0.000000,0,False,False
7,97,90,1,0,0,1,0,0,0,0,0,0,1,0.000000,9,True,True
7,98,0,0,0,0,0,0,0,0,0,0,0,0,0.000000,0,False,False
7,99,0,0,0,0,0,0,0,0,0,0,0,0,0.000000,0,False,False
7,100,73,0,0,0,1,0,0,0,0,0,0,0,0.000000,2,True,False
7,101,0,0,0,0,0,0,0,0,0,0,0,0,0.000000,0,False,False
7,102,90,0,0,0,1,0,0,0,0,0,0,0,0.000000,2,True,False
7,103,0,0,0,0,0,0,0,0,0,0,0,0,0.000000,0,False,False
7,104,63,0,0,0,1,0,0,0,0,0,0,0,0.000000,2,True,False
7,105,0,0,0,0,0,0,0,0,0,0,0,0,0.000000,0,False,False
7,106,0,0,0,0,0,0,0,0,0,0,0,0,0.000000,0,False,False
7,107,0,0,0,0,0,0,0,0,0,0,0,0,0.000000,0,False,False
7,108,0,0,0,0,0,0,0,0,0,0,0,0,0.000000,0,False,False
7,109,90,0,0,0,2,0,0,0,0,0,0,2,0.000000,3,True,False
7,110,11,0,0,0,0,0,0,0,0,0,0,0,0.000000,1,True,False
7,111,0,0,0,0,0,0,0,0,0,0,0,0,0.000000,0,False,False
7,112,90,0,1,0,2,1,0,0,0,0,0,0,0.000000,2,True,False
7,113,11,0,0,0,0,0,0,0,0,0,0,0,0.000000,1,True,False
7,114,0,0,0,0,0,0,0,0,0,0,0,0,0.000000,0,False,False
7,115,90,0,0,0,2,0,0,0,0,0,4,0,0.000000,2,True,False
7,116,0,0,0,0,0,0,0,0,0,0,0,0,0.000000,0,False,False
7,117,90,0,0,0,2,0,0,0,0,0,0,0,0.000000,2,True,False
7,118,67,0,0,0,2,0,0,0,0,0,0,0,0.000000,2,True,False
7,119,0,0,0,0,0,0,0,0,0,0,0,0,0.000000,0,False,False
7,120,90,0,0,0,2,0,0,0,0,0,0,0,0.000000,2,True,False
7,121,0,0,0,0,0,0,0,0,0,0,0,0,0.000000,0,False,False
7,122,90,0,0,0,2,0,0,0,0,0,0,0,0.000000,1,True,False
7,123,22,0,0,0,0,0,0,0,0,0,0,0,0.000000,1,True,False
7,124,90,0,0,0,2,0,0,0,0,0,0,0,0.000000,1,True,False
7,125,0,0,0,0,0,0,0,0,0,0,0,0,0.000000,0,False,False
7,126,0,0,0,0,0,0,0,0,0,0,0,0,0.000000,0,False,False
7,127,67,0,0,0,2,0,0,0,1,0,0,0,0.000000,0,True,False
7,128,11,0,0,0,0,0,0,0,0,0,0,0,0.000000,1,True,False
7,129,29,0,0,0,0,0,0,0,0,0,0,0,0.000000,1,True,False
7,130,0,0,0,0,0,0,0,0,0,0,0,0,0.000000,0,False,False
7,131,0,0,0,0,0,0,0,0,0,0,0,0,0.000000,0,False,False
7,132,60,1,1,0,2,0,0,0,0,0,0,3,0.000000,12,True,True
7,133,78,1,0,0,2,0,0,0,0,0,0,0,0.000000,6,True,False
7,134,0,0,0,0,0,0,0,0,0,0,0,0,0.000000,0,False,False
7,135,0,0,0,0,0,0,0,0,0,0,0,0,0.000000,0,False,False
7,136,7,0,0,0,1,0,0,0,0,0,0,0,0.000000,1,True,False
7,137,0,0,0,0,0,0,0,0,0,0,0,0,0.000000,0,False,False
7,138,90,0,0,0,1,0,0,0,1,0,0,0,0.000000,1,True,False
7,139,90,0,0,0,1,0,0,0,0,0,0,0,0.000000,2,True,False
7,140,0,0,0,0,0,0,0,0,0,0,0,0,0.000000,0,False,False
7,141,82,1,0,1,0,0,0,0,0,0,0,0,0.000000,6,True,False
7,142,82,0,0,1,0,0,0,0,0,0,0,0,0.000000,2,True,False
7,143,0,0,0,0,0,0,0,0,0,0,0,0,0.000000,0,False,False
7,144,90,0,0,0,1,0,0,0,0,0,0,0,0.000000,2,True,False
7,145,0,0,0,0,0,0,0,0,0,0,0,0,0.000000,0,False,False
7,146,90,0,0,0,1,0,0,0,1,0,0,0,0.000000,1,True,False
7,147,73,0,1,1,0,0,0,0,0,0,0,2,0.000000,8,True,False
7,148,0,0,0,0,0,0,0,0,0,0,0,0,0.000000,0,False,False
7,149,0,0,0,0,0,0,0,0,0,0,0,0,0.000000,0,False,False
7,150,90,0,0,1,0,0,0,0,0,0,0,3,0.000000,6,True,False
7,151,0,0,0,0,0,0,0,0,0,0,0,0,0.000000,0,False,False
7,152,0,0,0,0,0,0,0,0,0,0,0,0,0.000000,0,False,False
7,153,0,0,0,0,0,0,0,0,0,0,0,0,0.000000,0,False,False
7,154,90,0,0,0,1,0,0,0,0,0,0,0,0.000000,2,True,False
7,155,90,0,0,1,0,0,0,0,0,0,0,0,0.000000,3,True,False
7,156,16,0,0,0,1,0,0,0,0,0,0,0,0.000000,1,True,False
7,157,7,0,0,0,1,0,0,0,0,0,0,0,0.000000,1,True,False
7,158,90,0,0,0,1,0,0,0,0,0,0,0,0.000000,2,True,False
7,159,0,0,0,0,0,0,0,0,0,0,0,0,0.000000,0,False,False
7,160,90,0,0,1,0,0,0,0,0,0,1,0,0.000000,6,True,False
7,161,0,0,0,0,0,0,0,0,0,0,0,0,0.000000,0,False,False
7,162,80,0,0,1,0,0,0,0,0,0,0,0,0.000000,6,True,False
7,163,90,0,0,1,0,0,0,0,0,0,0,1,0.000000,7,True,False
7,164,0,0,0,0,0,0,0,0,0,0,0,0,0.000000,0,False,False
7,165,0,0,0,0,0,0,0,0,0,0,0,0,0.000000,0,False,False
7,166,90,0,0,1,0,0,0,0,0,0,0,0,0.000000,6,True,False
7,167,0,0,0,0,0,0,0,0,0,0,0,0,0.000000,0,False,False
7,168,0,0,0,0,0,0,0,0,0,0,0,0,0.000000,0,False,False
7,169,57,0,0,0,0,0,0,0,0,0,0,0,0.000000,1,True,False
7,170,90,0,0,1,0,0,0,0,0,0,0,0,0.000000,3,True,False
7,171,80,1,0,1,0,0,0,0,0,0,0,0,0.000000,8,True,False
7,172,0,0,0,0,0,0,0,0,0,0,0,0,0.000000,0,False,False
7,173,0,0,0,0,0,0,0,0,0,0,0,0,0.000000,0,False,False
7,174,9,0,0,0,0,0,0,0,0,0,0,0,0.000000,1,True,False
7,175,1,0,0,0,0,0,0,0,0,0,0,0,0.000000,1,True,False
7,176,90,1,0,1,0,0,0,0,0,0,0,0,0.000000,8,True,False
7,177,0,0,0,0,0,0,0,0,0,0,0,0,0.000000,0,False,False
7,178,0,0,0,0,0,0,0,0,0,0,0,0,0.000000,0,False,False
7,179,90,0,2,1,0,0,0,0,0,0,0,2,0.000000,11,True,True
7,180,90,1,1,1,0,0,0,0,0,0,0,3,0.000000,14,True,True
7,181,21,1,0,0,0,0,0,0,0,0,0,0,0.000000,6,True,False
7,182,68,0,0,1,0,0,0,0,0,0,0,0,0.000000,2,True,False
7,183,0,0,0,0,0,0,0,0,0,0,0,0,0.000000,0,False,False
7,184,0,0,0,0,0,0,0,0,0,0,0,0,0.000000,0,False,False
7,185,9,0,0,0,0,0,0,0,0,0,0,0,0.000000,1,True,False
7,186,0,0,0,0,0,0,0,0,0,0,0,0,0.000000,0,False,False
7,187,5,0,0,0,0,0,0,0,0,0,0,0,0.000000,1,True,False
7,188,0,0,0,0,0,0,0,0,0,0,0,0,0.000000,0,False,False
7,189,0,0,0,0,0,0,0,0,0,0,0,0,0.000000,0,False,False
7,190,90,0,0,1,0,0,0,0,0,0,0,0,0.000000,6,True,False
7,191,45,1,0,0,0,0,0,0,0,0,0,0,0.000000,5,True,False
7,192,90,0,0,1,0,0,0,0,1,0,9,2,0.000000,10,True,True
7,193,90,0,0,1,0,0,0,0,0,0,0,0,0.000000,3,True,False
7,194,0,0,0,0,0,0,0,0,0,0,0,0,0.000000,0,False,False
7,195,25,0,1,0,1,0,0,0,1,0,0,0,0.000000,3,True,False
7,196,65,0,0,1,0,0,0,0,1,0,0,0,0.000000,2,True,False
7,197,74,0,0,1,0,0,0,0,1,0,0,0,0.000000,2,True,False
7,198,84,0,1,1,0,0,0,0,0,0,0,0,0.000000,6,True,False
7,199,90,0,0,1,0,0,0,0,0,0,0,0,0.000000,6,True,False
7,200,0,0,0,0,0,0,0,0,0,0,0,0,0.000000,0,False,False
7,201,90,0,0,1,0,0,0,0,0,0,0,1,0.000000,7,True,False
7,202,15,0,0,0,0,0,0,0,0,0,0,0,0.000000,1,True,False
7,203,45,0,0,0,0,0,0,0,0,0,0,0,0.000000,1,True,False
7,204,0,0,0,0,0,0,0,0,0,0,0,0,0.000000,0,False,False
7,205,0,0,0,0,0,0,0,0,0,0,0,0,0.000000,0,False,False
7,206,0,0,0,0,0,0,0,0,0,0,0,0,0.000000,0,False,False
7,207,24,0,0,0,0,0,0,0,0,0,0,0,0.000000,1,True,False
7,208,90,0,0,1,0,0,0,0,0,0,0,3,0.000000,9,True,True
7,209,0,0,0,0,0,0,0,0,0,0,0,0,0.000000,0,False,False
7,210,0,0,0,0,0,0,0,0,0,0,0,0,0.000000,0,False,False
7,211,53,0,0,0,2,0,0,0,1,0,0,0,0.000000,-1,True,False
7,212,3,0,0,0,0,0,0,0,0,0,0,0,0.000000,1,True,False
7,213,90,0,0,0,3,0,0,0,0,0,0,0,0.000000,1,True,False
7,214,36,0,0,0,1,0,0,0,0,0,0,0,0.000000,1,True,False
7,215,0,0,0,0,0,0,0,0,0,0,0,0,0.000000,0,False,False
7,216,0,0,0,0,0,0,0,0,0,0,0,0,0.000000,0,False,False
7,217,90,0,0,1,0,0,0,0,1,0,0,0,0.000000,5,True,False
7,218,90,0,0,0,3,0,0,0,0,0,0,0,0.000000,2,True,False
7,219,0,0,0,0,0,0,0,0,0,0,0,0,0.000000,0,False,False
7,220,0,0,0,0,0,0,0,0,0,0,0,0,0.000000,0,False,False
7,221,35,0,0,0,1,0,0,0,0,0,0,0,0.000000,1,True,False
7,222,0,0,0,0,0,0,0,0,0,0,0,0,0.000000,0,False,False
7,223,54,0,0,0,2,0,0,0,0,0,0,0,0.000000,1,True,False
7,224,90,0,0,0,3,0,0,0,0,0,0,0,0.000000,2,True,False
7,225,27,0,0,0,1,0,0,0,0,0,0,0,0.000000,1,True,False
7,226,0,0,0,0,0,0,0,0,0,0,0,0,0.000000,0,False,False
7,227,0,0,0,0,0,0,0,0,0,0,0,0,0.000000,0,False,False
7,228,86,0,0,0,3,0,0,0,1,0,0,0,0.000000,0,True,False
7,229,0,0,0,0,0,0,0,0,0,0,0,0,0.000000,0,False,False
7,230,62,0,0,0,2,0,0,0,0,0,0,0,0.000000,2,True,False
7,231,0,0,0,0,0,0,0,0,0,0,0,0,0.000000,0,False,False
7,232,90,0,0,0,3,0,0,0,0,0,2,0,0.000000,1,True,False
7,233,0,0,0,0,0,0,0,0,0,0,0,0,0.000000,0,False,False
7,234,90,0,0,0,3,0,0,0,1,0,0,0,0.000000,0,True,False
7,235,0,0,0,0,0,0,0,0,0,0,0,0,0.000000,0,False,False
7,236,90,0,0,0,3,0,0,0,0,0,0,0,0.000000,2,True,False
7,237,35,0,0,0,1,0,0,0,0,0,0,0,0.000000,1,True,False
7,238,54,0,0,0,2,0,0,0,0,0,0,0,0.000000,1,True,False
7,239,0,0,0,0,0,0,0,0,0,0,0,0,0.000000,0,False,False
7,240,1,0,0,0,0,0,0,0,0,0,0,0,0.000000,1,True,False
7,241,0,0,0,0,0,0,0,0,0,0,0,0,0.000000,0,False,False
7,242,90,0,0,1,0,0,0,0,0,0,0,0,0.000000,6,True,False
7,243,90,0,0,1,0,0,0,0,0,0,0,0,0.000000,6,True,False
7,244,90,0,0,1,0,0,0,0,0,0,0,0,0.000000,6,True,False
7,245,0,0,0,0,0,0,0,0,0,0,0,0,0.000000,0,False,False
7,246,90,0,0,1,0,0,0,0,0,0,2,0,0.000000,6,True,False
7,247,0,0,0,0,0,0,0,0,0,0,0,0,0.000000,0,False,False
7,248,19,0,0,0,0,0,0,0,0,0,0,0,0.000000,1,True,False
7,249,19,1,0,0,0,0,0,0,0,0,0,0,0.000000,5,True,False
7,250,70,0,0,1,0,0,0,0,0,0,0,0,0.000000,3,True,False
7,251,90,0,1,1,0,0,0,0,0,0,0,0,0.000000,6,True,False
7,252,90,0,0,1,0,0,0,0,0,0,0,3,0.000000,6,True,False
7,253,70,0,0,1,0,0,0,0,0,0,0,2,0.000000,5,True,False
7,254,19,0,0,0,0,0,0,0,0,0,0,0,0.000000,1,True,False
7,255,0,0,0,0,0,0,0,0,0,0,0,0,0.000000,0,False,False
7,256,0,0,0,0,0,0,0,0,0,0,0,0,0.000000,0,False,False
7,257,0,0,0,0,0,0,0,0,0,0,0,0,0.000000,0,False,False
7,258,70,0,0,1,0,0,0,0,1,0,0,0,0.000000,1,True,False
7,259,90,0,0,1,0,0,0,0,0,0,0,0,0.000000,6,True,False
7,260,79,0,0,0,3,0,0,0,0,0,0,0,0.000000,2,True,False
7,261,0,0,0,0,0,0,0,0,0,0,0,0,0.000000,0,False,False
7,262,79,0,0,0,3,0,0,0,0,0,0,0,0.000000,2,True,False
7,263,90,0,0,0,4,0,0,0,1,0,0,0,0.000000,-1,True,False
7,264,78,0,0,0,3,0,0,0,1,0,0,0,0.000000,0,True,False
7,265,11,0,0,0,1,0,0,0,0,0,0,0,0.000000,1,True,False
7,266,0,0,0,0,0,0,0,0,0,0,0,0,0.000000,0,False,False
7,267,1,0,0,0,1,0,0,0,0,0,0,0,0.000000,1,True,False
7,268,90,0,0,0,4,0,0,0,0,0,0,0,0.000000,0,True,False
7,269,59,0,0,0,2,0,0,0,0,0,0,0,0.000000,1,True,False
7,270,90,0,0,0,4,0,0,0,0,0,0,0,0.000000,2,True,False
7,271,0,0,0,0,0,0,0,0,0,0,0,0,0.000000,0,False,False
7,272,0,0,0,0,0,0,0,0,0,0,0,0,0.000000,0,False,False
7,273,90,0,0,0,4,0,0,0,0,0,0,0,0.000000,0,True,False
7,274,0,0,0,0,0,0,0,0,0,0,0,0,0.000000,0,False,False
7,275,0,0,0,0,0,0,0,0,0,0,0,0,0.000000,0,False,False
7,276,59,0,0,0,2,0,0,0,0,0,0,0,0.000000,1,True,False
7,277,0,0,0,0,0,0,0,0,0,0,0,0,0.000000,0,False,False
7,278,90,0,0,0,4,0,0,0,0,0,0,0,0.000000,2,True,False
7,279,10,0,0,0,1,0,0,0,0,0,0,0,0.000000,1,True,False
7,280,0,0,0,0,0,0,0,0,0,0,0,0,0.000000,0,False,False
7,281,0,0,0,0,0,0,0,0,0,0,0,0,0.000000,0,False,False
7,282,30,0,0,0,2,0,0,0,0,0,0,0,0.000000,1,True,False
7,283,90,0,0,0,4,0,0,0,0,0,0,0,0.000000,0,True,False
7,284,0,0,0,0,0,0,0,0,0,0,0,0,0.000000,0,False,False
7,285,0,0,0,0,0,0,0,0,0,0,0,0,0.000000,0,False,False
7,286,0,0,0,0,0,0,0,0,0,0,0,0,0.000000,0,False,False
7,287,10,0,0,0,1,0,0,0,0,0,0,0,0.000000,1,True,False
7,288,30,0,0,0,2,0,0,0,0,0,0,0,0.000000,1,True,False
7,289,0,0,0,0,0,0,0,0,0,0,0,0,0.000000,0,False,False
7,290,90,0,0,0,1,0,0,0,0,0,1,0,0.000000,2,True,False
7,291,0,0,0,0,0,0,0,0,0,0,0,0,0.000000,0,False,False
7,292,0,0,0,0,0,0,0,0,0,0,0,0,0.000000,0,False,False
7,293,0,0,0,0,0,0,0,0,0,0,0,0,0.000000,0,False,False
7,294,90,0,0,0,1,0,0,0,0,0,0,1,0.000000,3,True,False
7,295,1,0,0,0,0,0,0,0,0,0,0,0,0.000000,1,True,False
7,296,68,0,0,0,1,0,0,0,0,0,0,0,0.000000,2,True,False
7,297,0,0,0,0,0,0,0,0,0,0,0,0,0.000000,0,False,False
7,298,0,0,0,0,0,0,0,0,0,0,0,0,0.000000,0,False,False
7,299,13,0,0,0,0,0,0,0,0,0,0,0,0.000000,1,True,False
7,300,13,0,0,0,0,0,0,0,0,0,0,0,0.000000,1,True,False
7,301,76,0,0,0,1,0,0,0,1,0,0,0,0.000000,1,True,False
7,302,0,0,0,0,0,0,0,0,0,0,0,0,0.000000,0,False,False
7,303,0,0,0,0,0,0,0,0,0,0,0,0,0.000000,0,False,False
7,304,90,1,0,0,1,0,0,0,1,0,0,2,0.000000,8,True,False
7,305,0,0,0,0,0,0,0,0,0,0,0,0,0.000000,0,False,False
7,306,0,0,0,0,0,0,0,0,0,0,0,0,0.000000,0,False,False
7,307,21,0,0,0,0,0,0,0,0,0,0,0,0.000000,1,True,False
7,308,90,0,0,0,1,0,0,0,0,0,0,0,0.000000,2,True,False
7,309,90,0,1,0,1,0,0,0,0,0,0,0,0.000000,5,True,False
7,310,0,0,0,0,0,0,0,0,0,0,0,0,0.000000,0,False,False
7,311,0,0,0,0,0,0,0,0,0,0,0,0,0.000000,0,False,False
7,312,68,0,0,0,1,0,0,0,0,0,0,0,0.000000,2,True,False
7,313,76,0,0,0,1,0,0,0,0,0,0,0,0.000000,2,True,False
7,314,89,0,0,0,1,0,0,0,0,0,0,0,0.000000,2,True,False
7,315,90,0,0,0,1,0,0,0,1,0,0,0,0.000000,1,True,False
7,316,0,0,0,0,0,0,0,0,0,0,0,0,0.000000,0,False,False
7,317,5,0,0,0,0,0,0,0,0,0,0,0,0.000000,1,True,False
7,318,74,0,0,1,0,0,0,0,0,0,0,0,0.000000,6,True,False
7,319,90,0,1,0,1,0,0,0,0,0,0,0,0.000000,5,True,False
7,320,90,0,0,0,1,0,0,0,0,0,0,0,0.000000,2,True,False
7,321,15,0,0,0,1,0,0,0,1,0,0,0,0.000000,0,True,False
7,322,90,0,0,0,1,0,0,0,0,0,1,0,0.000000,2,True,False
7,323,90,0,0,0,1,0,0,0,0,0,0,0,0.000000,2,True,False
7,324,90,1,0,0,1,0,0,0,1,0,0,0,0.000000,6,True,False
7,325,90,0,0,0,1,0,0,0,0,0,0,0,0.000000,2,True,False
7,326,33,0,0,0,1,0,0,0,0,0,0,0,0.000000,1,True,False
7,327,0,0,0,0,0,0,0,0,0,0,0,0,0.000000,0,False,False
7,328,90,0,0,0,1,0,0,0,0,0,0,3,0.000000,5,True,False
7,329,0,0,0,0,0,0,0,0,0,0,0,0,0.000000,0,False,False
7,330,84,0,0,0,1,0,0,0,0,0,0,0,0.000000,2,True,False
7,331,0,0,0,0,0,0,0,0,0,0,0,0,0.000000,0,False,False
7,332,0,0,0,0,0,0,0,0,0,0,0,0,0.000000,0,False,False
7,333,0,0,0,0,0,0,0,0,0,0,0,0,0.000000,0,False,False
7,334,0,0,0,0,0,0,0,0,0,0,0,0,0.000000,0,False,False
7,335,56,0,0,0,0,0,0,0,0,0,0,0,0.000000,1,True,False
7,336,90,0,0,0,1,0,0,0,0,0,0,0,0.000000,2,True,False
7,337,0,0,0,0,0,0,0,0,0,0,0,0,0.000000,0,False,False
7,338,0,0,0,0,0,0,0,0,0,0,0,0,0.000000,0,False,False
7,339,90,0,0,1,0,0,0,0,1,0,0,0,0.000000,5,True,False
7,340,0,0,0,0,0,0,0,0,0,0,0,0,0.000000,0,False,False
7,341,8,0,0,0,0,0,0,0,0,0,0,0,0.000000,1,True,False
7,342,90,0,0,1,0,0,0,0,0,0,0,1,0.000000,4,True,False
7,343,0,0,0,0,0,0,0,0,0,0,0,0,0.000000,0,False,False
7,344,90,1,0,1,0,0,0,0,0,0,0,1,0.000000,13,True,True
7,345,14,0,0,0,0,0,0,0,0,0,0,0,0.000000,1,True,False
7,346,75,0,0,1,0,0,0,0,0,0,0,0,0.000000,6,True,False
7,347,75,0,0,1,0,0,0,0,0,0,0,0,0.000000,3,True,False
7,348,90,0,0,1,0,0,0,0,1,0,0,0,0.000000,5,True,False
7,349,8,0,0,0,0,0,0,0,0,0,0,0,0.000000,1,True,False
7,350,0,0,0,0,0,0,0,0,0,0,0,0,0.000000,0,False,False
7,351,0,0,0,0,0,0,0,0,0,0,0,0,0.000000,0,False,False
7,352,90,0,0,1,0,0,0,0,0,0,3,0,0.000000,7,True,False
7,353,0,0,0,0,0,0,0,0,0,0,0,0,0.000000,0,False,False
7,354,29,0,0,0,0,0,0,0,0,0,0,0,0.000000,1,True,False
7,355,0,0,0,0,0,0,0,0,0,0,0,0,0.000000,0,False,False
7,356,90,0,0,1,0,0,0,0,0,0,0,0,0.000000,2,True,False
7,357,60,0,0,1,0,0,0,0,0,0,0,0,0.000000,3,True,False
7,358,0,0,0,0,0,0,0,0,0,0,0,0,0.000000,0,False,False
7,359,90,0,1,1,0,0,0,0,0,0,0,0,0.000000,6,True,False
7,360,81,1,2,1,0,0,0,0,0,0,0,3,0.000000,17,True,True
7,361,14,0,0,0,0,0,0,0,0,0,0,0,0.000000,1,True,False
7,362,0,0,0,0,0,0,0,0,0,0,0,0,0.000000,0,False,False
7,363,81,1,0,1,0,0,0,0,0,0,0,2,0.000000,10,True,True
7,364,16,0,0,0,0,0,0,0,1,0,0,0,0.000000,0,True,False
7,365,0,0,0,0,0,0,0,0,0,0,0,0,0.000000,0,False,False
7,366,90,0,0,0,2,0,0,0,0,0,0,0,0.000000,1,True,False
7,367,0,0,0,0,0,0,0,0,0,0,0,0,0.000000,0,False,False
7,368,0,0,0,0,0,0,0,0,0,0,0,0,0.000000,0,False,False
7,369,73,0,0,0,2,0,0,0,0,0,0,0,0.000000,2,True,False
7,370,16,0,0,0,0,0,0,0,0,0,0,0,0.000000,1,True,False
7,371,90,0,1,0,2,0,0,0,1,0,0,0,0.000000,4,True,False
7,372,90,0,0,0,1,0,0,0,0,0,0,0,0.000000,2,True,False
7,373,90,0,0,0,2,0,0,0,0,0,0,0,0.000000,2,True,False
7,374,0,0,0,0,0,0,0,0,0,0,0,0,0.000000,0,False,False
7,375,0,0,0,0,0,0,0,0,0,0,0,0,0.000000,0,False,False
7,376,16,0,0,0,0,0,0,0,0,0,0,0,0.000000,1,True,False
7,377,5,0,0,0,0,0,0,0,0,0,0,0,0.000000,1,True,False
7,378,73,0,0,0,2,0,0,0,0,0,0,0,0.000000,2,True,False
7,379,0,0,0,0,0,0,0,0,0,0,0,0,0.000000,0,False,False
7,380,73,0,0,0,2,0,0,0,1,0,0,0,0.000000,0,True,False
7,381,0,0,0,0,0,0,0,0,0,0,0,0,0.000000,0,False,False
7,382,90,0,0,0,2,0,0,0,1,0,0,0,0.000000,1,True,False
7,383,90,0,0,0,2,0,0,0,0,0,3,0,0.000000,2,True,False
7,384,1,0,0,0,1,0,0,0,0,0,0,0,0.000000,1,True,False
7,385,90,0,0,0,2,0,0,0,1,0,0,0,0.000000,0,True,False
7,386,90,0,0,0,2,0,0,0,1,0,0,0,0.000000,0,True,False
7,387,0,0,0,0,0,0,0,0,0,0,0,0,0.000000,0,False,False
7,388,84,1,0,0,2,0,0,0,0,0,0,1,0.000000,8,True,False
7,389,0,0,0,0,0,0,0,0,0,0,0,0,0.000000,0,False,False
7,390,0,0,0,0,0,0,0,0,0,0,0,0,0.000000,0,False,False
7,391,0,0,0,0,0,0,0,0,0,0,0,0,0.000000,0,False,False
7,392,90,0,0,0,1,0,0,0,0,0,5,0,0.000000,3,True,False
7,393,0,0,0,0,0,0,0,0,0,0,0,0,0.000000,0,False,False
7,394,45,0,0,0,0,0,0,0,1,0,0,0,0.000000,0,True,False
7,395,90,0,0,0,1,0,0,0,0,0,0,0,0.000000,2,True,False
7,396,0,0,0,0,0,0,0,0,0,0,0,0,0.000000,0,False,False
7,397,90,0,0,0,1,0,0,0,0,0,0,0,0.000000,2,True,False
7,398,0,0,0,0,0,0,0,0,0,0,0,0,0.000000,0,False,False
7,399,0,0,0,0,0,0,0,0,0,0,0,0,0.000000,0,False,False
7,400,0,0,0,0,0,0,0,0,0,0,0,0,0.000000,0,False,False
7,401,32,0,0,0,1,0,0,0,0,0,0,0,0.000000,1,True,False
7,402,57,0,0,0,0,0,0,0,0,0,0,0,0.000000,1,True,False
7,403,45,0,0,0,1,0,0,0,0,0,0,0,0.000000,1,True,False
7,404,0,0,0,0,0,0,0,0,0,0,0,0,0.000000,0,False,False
7,405,90,0,0,0,1,0,0,0,1,0,0,0,0.000000,1,True,False
7,406,0,0,0,0,0,0,0,0,0,0,0,0,0.000000,0,False,False
7,407,32,0,0,0,1,0,0,0,1,0,0,0,0.000000,0,True,False
7,408,0,0,0,0,0,0,0,0,0,0,0,0,0.000000,0,False,False
7,409,90,0,0,0,1,0,0,0,0,0,0,0,0.000000,2,True,False
7,410,0,0,0,0,0,0,0,0,0,0,0,0,0.000000,0,False,False
7,411,45,0,0,0,0,0,0,0,0,0,0,0,0.000000,1,True,False
7,412,0,0,0,0,0,0,0,0,0,0,0,0,0.000000,0,False,False
7,413,7,0,0,0,1,0,0,0,0,0,0,0,0.000000,1,True,False
7,414,82,0,0,1,0,0,0,0,0,0,0,0,0.000000,2,True,False
7,415,45,0,0,0,1,0,0,0,0,0,0,0,0.000000,1,True,False
7,416,0,0,0,0,0,0,0,0,0,0,0,0,0.000000,0,False,False
7,417,26,0,0,0,0,0,0,0,1,0,0,0,0.000000,0,True,False
7,418,90,0,0,0,3,0,0,0,0,0,0,0,0.000000,2,True,False
7,419,0,0,0,0,0,0,0,0,0,0,0,0,0.000000,0,False,False
7,420,45,0,0,0,0,0,0,0,0,0,0,0,0.000000,1,True,False
7,421,0,0,0,0,0,0,0,0,0,0,0,0,0.000000,0,False,False
7,422,0,0,0,0,0,0,0,0,0,0,0,0,0.000000,0,False,False
7,423,0,0,0,0,0,0,0,0,0,0,0,0,0.000000,0,False,False
7,424,0,0,0,0,0,0,0,0,0,0,0,0,0.000000,0,False,False
7,425,0,0,0,0,0,0,0,0,0,0,0,0,0.000000,0,False,False
7,426,0,0,0,0,0,0,0,0,0,0,0,0,0.000000,0,False,False
7,427,0,0,0,0,0,0,0,0,0,0,0,0,0.000000,0,False,False
7,428,21,0,0,0,0,0,0,0,0,0,0,0,0.000000,1,True,False
7,429,0,0,0,0,0,0,0,0,0,0,0,0,0.000000,0,False,False
7,430,0,0,0,0,0,0,0,0,0,0,0,0,0.000000,0,False,False
7,431,0,0,0,0,0,0,0,0,0,0,0,0,0.000000,0,False,False
7,432,0,0,0,0,0,0,0,0,0,0,0,0,0.000000,0,False,False
7,433,0,0,0,0,0,0,0,0,0,0,0,0,0.000000,0,False,False
7,434,1,0,0,0,0,0,0,0,0,0,0,0,0.000000,1,True,False
7,435,90,0,0,0,1,0,0,0,0,0,0,0,0.000000,2,True,False
7,436,80,0,0,0,2,0,0,0,1,0,0,0,0.000000,0,True,False
7,437,0,0,0,0,0,0,0,0,0,0,0,0,0.000000,0,False,False
7,438,0,0,0,0,0,0,0,0,0,0,0,0,0.000000,0,False,False
7,439,0,0,0,0,0,0,0,0,0,0,0,0,0.000000,0,False,False
7,440,63,0,0,0,1,0,0,0,0,0,0,0,0.000000,2,True,False
7,441,45,0,0,0,0,0,0,0,0,0,0,0,0.000000,1,True,False
8,1,0,0,0,0,0,0,0,0,0,0,0,0,0.000000,0,False,False
8,2,0,0,0,0,0,0,0,0,0,0,0,0,0.000000,0,False,False
8,3,0,0,0,0,0,0,0,0,0,0,0,0,0.000000,0,False,False
8,4,0,0,0,0,0,0,0,0,0,0,0,0,0.000000,0,False,False
8,5,0,0,0,0,0,0,0,0,0,0,0,0,0.000000,0,False,False
8,6,0,0,0,0,0,0,0,0,0,0,0,0,0.000000,0,False,False
8,7,0,0,0,0,0,0,0,0,0,0,0,0,0.000000,0,False,False
8,8,0,0,0,0,0,0,0,0,0,0,0,0,0.000000,0,False,False
8,9,0,0,0,0,0,0,0,0,0,0,0,0,0.000000,0,False,False
8,10,0,0,0,0,0,0,0,0,0,0,0,0,0.000000,0,False,False
8,11,0,0,0,0,0,0,0,0,0,0,0,0,0.000000,0,False,False
8,12,0,0,0,0,0,0,0,0,0,0,0,0,0.000000,0,False,False
8,13,0,0,0,0,0,0,0,0,0,0,0,0,0.000000,0,False,False
8,14,0,0,0,0,0,0,0,0,0,0,0,0,0.000000,0,False,False
8,15,0,0,0,0,0,0,0,0,0,0,0,0,0.000000,0,False,False
8,16,0,0,0,0,0,0,0,0,0,0,0,0,0.000000,0,False,False
8,17,0,0,0,0,0,0,0,0,0,0,0,0,0.000000,0,False,False
8,18,0,0,0,0,0,0,0,0,0,0,0,0,0.000000,0,False,False
8,19,0,0,0,0,0,0,0,0,0,0,0,0,0.000000,0,False,False
8,20,0,0,0,0,0,0,0,0,0,0,0,0,0.000000,0,False,False
8,21,0,0,0,0,0,0,0,0,0,0,0,0,0.000000,0,False,False
8,22,0,0,0,0,0,0,0,0,0,0,0,0,0.000000,0,False,False
8,23,0,0,0,0,0,0,0,0,0,0,0,0,0.000000,0,False,False
8,24,0,0,0,0,0,0,0,0,0,0,0,0,0.000000,0,False,False
8,25,0,0,0,0,0,0,0,0,0,0,0,0,0.000000,0,False,False
8,26,0,0,0,0,0,0,0,0,0,0,0,0,0.000000,0,False,False
8,27,0,0,0,0,0,0,0,0,0,0,0,0,0.000000,0,False,False
8,28,0,0,0,0,0,0,0,0,0,0,0,0,0.000000,0,False,False
8,29,0,0,0,0,0,0,0,0,0,0,0,0,0.000000,0,False,False
8,30,0,0,0,0,0,0,0,0,0,0,0,0,0.000000,0,False,False
8,31,0,0,0,0,0,0,0,0,0,0,0,0,0.000000,0,False,False
8,32,0,0,0,0,0,0,0,0,0,0,0,0,0.000000,0,False,False
8,33,0,0,0,0,0,0,0,0,0,0,0,0,0.000000,0,False,False
8,34,0,0,0,0,0,0,0,0,0,0,0,0,0.000000,0,False,False
8,35,0,0,0,0,0,0,0,0,0,0,0,0,0.000000,0,False,False
8,36,0,0,0,0,0,0,0,0,0,0,0,0,0.000000,0,False,False
8,37,0,0,0,0,0,0,0,0,0,0,0,0,0.000000,0,False,False
8,38,0,0,0,0,0,0,0,0,0,0,0,0,0.000000,0,False,False
8,39,0,0,0,0,0,0,0,0,0,0,0,0,0.000000,0,False,False
8,40,0,0,0,0,0,0,0,0,0,0,0,0,0.000000,0,False,False
8,41,0,0,0,0,0,0,0,0,0,0,0,0,0.000000,0,False,False
8,42,0,0,0,0,0,0,0,0,0,0,0,0,0.000000,0,False,False
8,43,0,0,0,0,0,0,0,0,0,0,0,0,0.000000,0,False,False
8,44,0,0,0,0,0,0,0,0,0,0,0,0,0.000000,0,False,False
8,45,0,0,0,0,0,0,0,0,0,0,0,0,0.000000,0,False,False
8,46,0,0,0,0,0,0,0,0,0,0,0,0,0.000000,0,False,False
8,47,0,0,0,0,0,0,0,0,0,0,0,0,0.000000,0,False,False
8,48,0,0,0,0,0,0,0,0,0,0,0,0,0.000000,0,False,False
8,49,0,0,0,0,0,0,0,0,0,0,0,0,0.000000,0,False,False
8,50,0,0,0,0,0,0,0,0,0,0,0,0,0.000000,0,False,False
8,51,0,0,0,0,0,0,0,0,0,0,0,0,0.000000,0,False,False
8,52,0,0,0,0,0,0,0,0,0,0,0,0,0.000000,0,False,False
8,53,0,0,0,0,0,0,0,0,0,0,0,0,0.000000,0,False,False
8,54,90,0,0,0,2,0,0,0,0,0,1,0,0.000000,1,True,False
8,55,90,0,0,0,2,0,0,0,0,0,0,0,0.000000,1,True,False
8,56,0,0,0,0,0,0,0,0,0,0,0,0,0.000000,0,False,False
8,57,0,0,0,0,0,0,0,0,0,0,0,0,0.000000,0,False,False
8,58,77,0,0,0,1,0,0,0,0,0,0,0,0.000000,2,True,False
8,59,24,0,0,0,1,0,0,0,0,0,0,0,0.000000,1,True,False
8,60,0,0,0,0,0,0,0,0,0,0,0,0,0.000000,0,False,False
8,61,0,0,0,0,0,0,0,0,0,0,0,0,0.000000,0,False,False
8,62,0,0,0,0,0,0,0,0,0,0,0,0,0.000000,0,False,False
8,63,77,0,0,0,1,0,0,0,1,0,0,0,0.000000,1,True,False
8,64,90,0,1,0,2,0,0,0,1,0,0,0,0.000000,4,True,False
8,65,90,0,0,0,2,0,0,0,0,0,0,0,0.000000,1,True,False
8,66,90,0,0,0,2,0,0,0,0,0,0,0,0.000000,1,True,False
8,67,0,0,0,0,0,0,0,0,0,0,0,0,0.000000,0,False,False
8,68,0,0,0,0,0,0,0,0,0,0,0,0,0.000000,0,False,False
8,69,0,0,0,0,0,0,0,0,0,0,0,0,0.000000,0,False,False
8,70,0,0,0,0,0,0,0,0,0,0,0,0,0.000000,0,False,False
8,71,12,0,0,0,1,0,0,0,0,0,0,0,0.000000,1,True,False
8,72,12,0,0,0,1,0,0,0,0,0,0,0,0.000000,1,True,False
8,73,0,0,0,0,0,0,0,0,0,0,0,0,0.000000,0,False,False
8,74,90,1,0,0,2,0,0,0,1,0,0,2,0.000000,8,True,True
8,75,65,0,0,0,1,0,0,0,0,0,0,0,0.000000,2,True,False
8,76,0,0,0,0,0,0,0,0,0,0,0,0,0.000000,0,False,False
8,77,0,0,0,0,0,0,0,0,0,0,0,0,0.000000,0,False,False
8,78,0,0,0,0,0,0,0,0,0,0,0,0,0.000000,0,False,False
8,79,25,0,0,0,0,0,0,0,0,0,0,0,0.000000,1,True,False
8,80,64,0,0,1,0,0,0,0,0,0,0,0,0.000000,6,True,False
8,81,0,0,0,0,0,0,0,0,0,0,0,0,0.000000,0,False,False
8,82,0,0,0,0,0,0,0,0,0,0,0,0,0.000000,0,False,False
8,83,0,0,0,0,0,0,0,0,0,0,0,0,0.000000,0,False,False
8,84,81,0,0,1,0,0,0,0,0,0,0,0,0.000000,6,True,False
8,85,8,0,0,0,0,0,0,0,0,0,0,0,0.000000,1,True,False
8,86,0,0,0,0,0,0,0,0,0,0,0,0,0.000000,0,False,False
8,87,8,0,0,0,0,0,0,0,0,0,0,0,0.000000,1,True,False
8,88,90,0,0,1,0,0,0,0,0,0,5,0,0.000000,7,True,False
8,89,0,0,0,0,0,0,0,0,0,0,0,0,0.000000,0,False,False
8,90,22,0,0,0,0,0,0,0,0,0,0,0,0.000000,1,True,False
8,91,0,0,0,0,0,0,0,0,0,0,0,0,0.000000,0,False,False
8,92,67,0,1,1,0,0,0,0,0,0,0,2,0.000000,8,True,False
8,93,0,0,0,0,0,0,0,0,0,0,0,0,0.000000,0,False,False
8,94,0,0,0,0,0,0,0,0,0,0,0,0,0.000000,0,False,False
8,95,0,0,0,0,0,0,0,0,0,0,0,0,0.000000,0,False,False
8,96,0,0,0,0,0,0,0,0,0,0,0,0,0.000000,0,False,False
8,97,90,0,0,1,0,0,0,0,0,0,0,1,0.000000,7,True,False
8,98,0,0,0,0,0,0,0,0,0,0,0,0,0.000000,0,False,False
8,99,0,0,0,0,0,0,0,0,0,0,0,0,0.000000,0,False,False
8,100,90,1,0,1,0,0,0,0,0,0,0,3,0.000000,9,True,True
8,101,0,0,0,0,0,0,0,0,0,0,0,0,0.000000,0,False,False
8,102,90,0,0,1,0,0,0,0,0,0,0,0,0.000000,6,True,False
8,103,81,0,0,1,0,0,0,0,0,0,0,0,0.000000,6,True,False
8,104,45,0,0,0,0,0,0,0,0,0,0,0,0.000000,1,True,False
8,105,0,0,0,0,0,0,0,0,0,0,0,0,0.000000,0,False,False
8,106,45,0,0,0,1,0,0,0,0,0,0,0,0.000000,1,True,False
8,107,0,0,0,0,0,0,0,0,0,0,0,0,0.000000,0,False,False
8,108,0,0,0,0,0,0,0,0,0,0,0,0,0.000000,0,False,False
8,109,27,0,0,0,1,0,0,0,0,0,0,0,0.000000,1,True,False
8,110,19,0,0,0,1,0,0,0,0,0,0,0,0.000000,1,True,False
8,111,0,0,0,0,0,0,0,0,0,0,0,0,0.000000,0,False,False
8,112,90,0,0,0,2,0,0,0,0,0,0,0,0.000000,1,True,False
8,113,0,0,0,0,0,0,0,0,0,0,0,0,0.000000,0,False,False
8,114,41,0,0,0,2,0,0,0,0,1,0,0,0.000000,-3,True,False
8,115,90,0,0,0,2,0,0,0,0,0,2,0,0.000000,1,True,False
8,116,0,0,0,0,0,0,0,0,0,0,0,0,0.000000,0,False,False
8,117,90,0,0,0,2,0,0,0,0,0,0,0,0.000000,2,True,False
8,118,70,0,0,0,1,0,0,0,0,0,0,0,0.000000,2,True,False
8,119,0,0,0,0,0,0,0,0,0,0,0,0,0.000000,0,False,False
8,120,60,0,0,0,1,0,0,0,0,0,0,0,0.000000,2,True,False
8,121,0,0,0,0,0,0,0,0,0,0,0,0,0.000000,0,False,False
8,122,90,0,0,0,2,0,0,0,1,0,0,0,0.000000,0,True,False
8,123,19,0,0,0,1,0,0,0,0,0,0,0,0.000000,1,True,False
8,124,62,0,0,0,1,0,0,0,0,0,0,0,0.000000,2,True,False
8,125,0,0,0,0,0,0,0,0,0,0,0,0,0.000000,0,False,False
8,126,0,0,0,0,0,0,0,0,0,0,0,0,0.000000,0,False,False
8,127,90,0,0,0,2,0,0,0,0,0,0,0,0.000000,1,True,False
8,128,0,0,0,0,0,0,0,0,0,0,0,0,0.000000,0,False,False
8,129,29,0,0,0,1,0,0,0,0,0,0,0,0.000000,1,True,False
8,130,0,0,0,0,0,0,0,0,0,0,0,0,0.000000,0,False,False
8,131,0,0,0,0,0,0,0,0,0,0,0,0,0.000000,0,False,False
8,132,70,0,0,0,1,0,0,0,0,0,0,0,0.000000,2,True,False
8,133,45,0,0,0,1,0,0,0,0,0,0,0,0.000000,1,True,False
8,134,0,0,0,0,0,0,0,0,0,0,0,0,0.000000,0,False,False
8,135,0,0,0,0,0,0,0,0,0,0,0,0,0.000000,0,False,False
8,136,19,0,0,0,0,0,0,0,0,0,0,0,0.000000,1,True,False
8,137,0,0,0,0,0,0,0,0,0,0,0,0,0.000000,0,False,False
8,138,90,0,0,0,2,0,0,0,0,0,0,0,0.000000,1,True,False
8,139,90,0,0,0,2,0,0,0,0,0,0,0,0.000000,1,True,False
8,140,0,0,0,0,0,0,0,0,0,0,0,0,0.000000,0,False,False
8,141,61,0,0,0,1,0,0,0,0,0,0,0,0.000000,2,True,False
8,142,90,0,0,0,2,0,0,0,0,0,0,0,0.000000,2,True,False
8,143,0,0,0,0,0,0,0,0,0,0,0,0,0.000000,0,False,False
8,144,90,0,0,0,2,0,0,0,0,0,3,0,0.000000,2,True,False
8,145,0,0,0,0,0,0,0,0,0,0,0,0,0.000000,0,False,False
8,146,70,0,0,0,2,0,0,0,0,0,0,0,0.000000,2,True,False
8,147,70,0,0,0,2,0,0,0,1,0,0,0,0.000000,1,True,False
8,148,0,0,0,0,0,0,0,0,0,0,0,0,0.000000,0,False,False
8,149,0,0,0,0,0,0,0,0,0,0,0,0,0.000000,0,False,False
8,150,70,0,0,0,2,0,0,0,0,0,0,0,0.000000,2,True,False
8,151,0,0,0,0,0,0,0,0,0,0,0,0,0.000000,0,False,False
8,152,0,0,0,0,0,0,0,0,0,0,0,0,0.000000,0,False,False
8,153,0,0,0,0,0,0,0,0,0,0,0,0,0.000000,0,False,False
8,154,90,0,0,0,2,0,0,0,1,0,0,0,0.000000,0,True,False
8,155,88,0,0,0,2,0,0,0,0,0,0,0,0.000000,2,True,False
8,156,19,0,0,0,0,0,0,0,0,0,0,0,0.000000,1,True,False
8,157,19,0,0,0,0,0,0,0,0,0,0,0,0.000000,1,True,False
8,158,90,0,0,0,2,0,0,0,0,0,0,0,0.000000,1,True,False
8,159,1,0,0,0,0,0,0,0,0,0,0,0,0.000000,1,True,False
8,160,90,0,0,0,2,0,0,0,0,0,3,0,0.000000,2,True,False
8,161,0,0,0,0,0,0,0,0,0,0,0,0,0.000000,0,False,False
8,162,70,0,0,0,2,0,0,0,0,0,0,0,0.000000,1,True,False
8,163,85,0,0,0,2,0,0,0,0,0,0,0,0.000000,1,True,False
8,164,0,0,0,0,0,0,0,0,0,0,0,0,0.000000,0,False,False
8,165,4,0,0,0,0,0,0,0,1,0,0,0,0.000000,0,True,False
8,166,90,0,0,0,2,0,0,0,0,0,0,0,0.000000,1,True,False
8,167,0,0,0,0,0,0,0,0,0,0,0,0,0.000000,0,False,False
8,168,19,0,0,0,0,0,0,0,0,0,0,0,0.000000,1,True,False
8,169,0,0,0,0,0,0,0,0,0,0,0,0,0.000000,0,False,False
8,170,90,0,0,0,2,0,0,0,1,0,0,0,0.000000,1,True,False
8,171,90,0,0,0,2,0,0,0,0,0,0,0,0.000000,2,True,False
8,172,0,0,0,0,0,0,0,0,0,0,0,0,0.000000,0,False,False
8,173,0,0,0,0,0,0,0,0,0,0,0,0,0.000000,0,False,False
8,174,36,0,0,0,0,0,0,0,0,0,0,0,0.000000,1,True,False
8,175,19,0,0,0,0,0,0,0,0,0,0,0,0.000000,1,True,False
8,176,53,0,0,0,2,0,0,0,0,0,0,0,0.000000,1,True,False
8,177,0,0,0,0,0,0,0,0,0,0,0,0,0.000000,0,False,False
8,178,0,0,0,0,0,0,0,0,0,0,0,0,0.000000,0,False,False
8,179,90,0,0,0,2,0,0,0,0,0,0,0,0.000000,2,True,False
8,180,53,0,0,0,2,0,0,0,0,0,0,0,0.000000,1,True,False
8,181,36,0,0,0,0,0,0,0,0,0,0,0,0.000000,1,True,False
8,182,70,0,0,0,2,0,0,0,0,0,0,0,0.000000,2,True,False
8,183,0,0,0,0,0,0,0,0,0,0,0,0,0.000000,0,False,False
8,184,0,0,0,0,0,0,0,0,0,0,0,0,0.000000,0,False,False
8,185,0,0,0,0,0,0,0,0,0,0,0,0,0.000000,0,False,False
8,186,1,0,0,0,1,0,0,0,0,0,0,0,0.000000,1,True,False
8,187,0,0,0,0,0,0,0,0,0,0,0,0,0.000000,0,False,False
8,188,0,0,0,0,0,0,0,0,0,0,0,0,0.000000,0,False,False
8,189,0,0,0,0,0,0,0,0,0,0,0,0,0.000000,0,False,False
8,190,90,0,0,0,2,0,0,0,0,0,0,0,0.000000,1,True,False
8,191,80,0,0,0,1,0,0,0,0,0,0,0,0.000000,2,True,False
8,192,90,0,0,0,2,0,0,0,1,0,3,0,0.000000,1,True,False
8,193,90,0,0,0,2,0,0,0,1,0,0,0,0.000000,1,True,False
8,194,0,0,0,0,0,0,0,0,0,0,0,0,0.000000,0,False,False
8,195,0,0,0,0,0,0,0,0,0,0,0,0,0.000000,0,False,False
8,196,56,0,0,0,0,0,0,0,0,0,0,0,0.000000,1,True,False
8,197,0,0,0,0,0,0,0,0,0,0,0,0,0.000000,0,False,False
8,198,90,0,0,0,2,0,0,0,0,0,0,0,0.000000,2,True,False
8,199,90,0,0,0,1,0,0,0,0,0,0,0,0.000000,2,True,False
8,200,33,0,0,0,2,0,0,0,0,0,0,0,0.000000,1,True,False
8,201,90,0,0,0,2,0,0,0,0,0,0,0,0.000000,1,True,False
8,202,56,0,0,0,0,0,0,0,0,0,0,0,0.000000,1,True,False
8,203,9,0,0,0,1,0,0,0,0,0,0,0,0.000000,1,True,False
8,204,0,0,0,0,0,0,0,0,0,0,0,0,0.000000,0,False,False
8,205,0,0,0,0,0,0,0,0,0,0,0,0,0.000000,0,False,False
8,206,9,0,0,0,1,0,0,0,0,0,0,0,0.000000,1,True,False
8,207,0,0,0,0,0,0,0,0,0,0,0,0,0.000000,0,False,False
8,208,90,0,0,0,2,0,0,0,0,0,0,0,0.000000,1,True,False
8,209,0,0,0,0,0,0,0,0,0,0,0,0,0.000000,0,False,False
8,210,0,0,0,0,0,0,0,0,0,0,0,0,0.000000,0,False,False
8,211,36,0,0,0,0,0,0,0,0,0,0,0,0.000000,1,True,False
8,212,0,0,0,0,0,0,0,0,0,0,0,0,0.000000,0,False,False
8,213,90,0,0,1,0,0,0,0,0,0,0,0,0.000000,6,True,False
8,214,0,0,0,0,0,0,0,0,0,0,0,0,0.000000,0,False,False
8,215,0,0,0,0,0,0,0,0,0,0,0,0,0.000000,0,False,False
8,216,0,0,0,0,0,0,0,0,0,0,0,0,0.000000,0,False,False
8,217,90,0,0,0,2,0,0,0,0,0,0,0,0.000000,1,True,False
8,218,24,0,0,0,0,0,0,0,0,0,0,0,0.000000,1,True,False
8,219,0,0,0,0,0,0,0,0,0,0,0,0,0.000000,0,False,False
8,220,12,0,0,0,0,0,0,0,0,0,0,0,0.000000,1,True,False
8,221,65,0,0,1,0,0,0,0,0,0,0,0,0.000000,3,True,False
8,222,0,0,0,0,0,0,0,0,0,0,0,0,0.000000,0,False,False
8,223,24,0,0,0,0,0,0,0,0,0,0,0,0.000000,1,True,False
8,224,45,0,1,0,0,0,0,0,1,0,0,0,0.000000,3,True,False
8,225,90,0,0,1,0,0,0,0,0,0,0,0,0.000000,3,True,False
8,226,0,0,0,0,0,0,0,0,0,0,0,0,0.000000,0,False,False
8,227,0,0,0,0,0,0,0,0,0,0,0,0,0.000000,0,False,False
8,228,90,0,0,1,0,0,0,0,1,0,0,1,0.000000,6,True,False
8,229,45,0,0,0,0,0,0,0,0,0,0,0,0.000000,1,True,False
8,230,77,1,0,1,0,0,0,0,0,0,0,3,0.000000,11,True,True
8,231,0,0,0,0,0,0,0,0,0,0,0,0,0.000000,0,False,False
8,232,90,0,0,1,0,0,0,0,0,0,3,0,0.000000,7,True,False
8,233,0,0,0,0,0,0,0,0,0,0,0,0,0.000000,0,False,False
8,234,90,0,0,1,0,0,0,0,0,0,0,0,0.000000,6,True,False
8,235,53,0,1,0,0,0,0,0,0,0,0,0,0.000000,4,True,False
8,236,90,0,0,1,0,0,0,0,0,0,0,2,0.000000,5,True,False
8,237,65,1,0,1,0,0,0,0,0,0,0,0,0.000000,8,True,False
8,238,0,0,0,0,0,0,0,0,0,0,0,0,0.000000,0,False,False
8,239,0,0,0,0,0,0,0,0,0,0,0,0,0.000000,0,False,False
8,240,0,0,0,0,0,0,0,0,0,0,0,0,0.000000,0,False,False
8,241,0,0,0,0,0,0,0,0,0,0,0,0,0.000000,0,False,False
8,242,90,0,0,1,0,0,0,0,0,0,0,0,0.000000,6,True,False
8,243,90,0,0,1,0,0,0,0,0,0,0,3,0.000000,9,True,True
8,244,90,0,1,1,0,0,0,0,0,0,0,0,0.000000,9,True,True
8,245,0,0,0,0,0,0,0,0,0,0,0,0,0.000000,0,False,False
8,246,90,0,0,1,0,0,0,0,0,0,1,0,0.000000,6,True,False
8,247,0,0,0,0,0,0,0,0,0,0,0,0,0.000000,0,False,False
8,248,8,0,0,0,0,0,0,0,0,0,0,0,0.000000,1,True,False
8,249,8,0,0,0,0,0,0,0,0,0,0,0,0.000000,1,True,False
8,250,81,0,0,1,0,0,0,0,0,0,0,0,0.000000,3,True,False
8,251,63,0,0,1,0,0,0,0,0,0,0,0,0.000000,3,True,False
8,252,90,0,0,1,0,0,0,0,0,0,0,1,0.000000,4,True,False
8,253,26,0,0,0,0,0,0,0,0,0,0,0,0.000000,1,True,False
8,254,81,0,1,1,0,0,0,0,0,0,0,0,0.000000,6,True,False
8,255,0,0,0,0,0,0,0,0,0,0,0,0,0.000000,0,False,False
8,256,8,0,0,0,0,0,0,0,0,0,0,0,0.000000,1,True,False
8,257,0,0,0,0,0,0,0,0,0,0,0,0,0.000000,0,False,False
8,258,81,1,0,1,0,0,0,0,0,0,0,0,0.000000,6,True,False
8,259,90,0,0,1,0,0,0,0,1,0,0,0,0.000000,5,True,False
8,260,90,0,1,0,1,0,0,0,1,0,0,0,0.000000,4,True,False
8,261,0,0,0,0,0,0,0,0,0,0,0,0,0.000000,0,False,False
8,262,90,0,0,0,1,0,0,0,0,0,0,0,0.000000,2,True,False
8,263,90,0,0,0,1,0,0,0,0,0,0,0,0.000000,2,True,False
8,264,90,0,0,0,1,0,0,0,1,0,0,0,0.000000,1,True,False
8,265,25,0,0,0,0,0,0,0,0,0,0,0,0.000000,1,True,False
8,266,0,0,0,0,0,0,0,0,0,0,0,0,0.000000,0,False,False
8,267,0,0,0,0,0,0,0,0,0,0,0,0,0.000000,0,False,False
8,268,0,0,0,0,0,0,0,0,0,0,0,0,0.000000,0,False,False
8,269,14,0,0,0,0,0,0,0,0,0,0,0,0.000000,1,True,False
8,270,85,0,0,0,1,0,0,0,0,0,0,0,0.000000,2,True,False
8,271,0,0,0,0,0,0,0,0,0,0,0,0,0.000000,0,False,False
8,272,90,0,0,0,1,0,0,0,1,0,2,0,0.000000,1,True,False
8,273,0,0,0,0,0,0,0,0,0,0,0,0,0.000000,0,False,False
8,274,0,0,0,0,0,0,0,0,0,0,0,0,0.000000,0,False,False
8,275,0,0,0,0,0,0,0,0,0,0,0,0,0.000000,0,False,False
8,276,75,2,0,0,1,0,0,0,0,0,0,3,0.000000,15,True,True
8,277,0,0,0,0,0,0,0,0,0,0,0,0,0.000000,0,False,False
8,278,90,0,0,0,1,0,0,0,1,0,0,0,0.000000,1,True,False
8,279,0,0,0,0,0,0,0,0,0,0,0,0,0.000000,0,False,False
8,280,0,0,0,0,0,0,0,0,0,0,0,0,0.000000,0,False,False
8,281,0,0,0,0,0,0,0,0,0,0,0,0,0.000000,0,False,False
8,282,85,0,0,0,1,0,0,0,0,0,0,0,0.000000,2,True,False
8,283,90,0,0,0,1,0,0,0,0,0,0,1,0.000000,3,True,False
8,284,0,0,0,0,0,0,0,0,0,0,0,0,0.000000,0,False,False
8,285,64,0,0,0,1,0,0,0,0,0,0,0,0.000000,2,True,False
8,286,0,0,0,0,0,0,0,0,0,0,0,0,0.000000,0,False,False
8,287,4,0,0,0,0,0,0,0,0,0,0,0,0.000000,1,True,False
8,288,4,0,1,0,0,0,0,0,0,0,0,0,0.000000,4,True,False
8,289,0,0,0,0,0,0,0,0,0,0,0,0,0.000000,0,False,False
8,290,0,0,0,0,0,0,0,0,0,0,0,0,0.000000,0,False,False
8,291,0,0,0,0,0,0,0,0,0,0,0,0,0.000000,0,False,False
8,292,0,0,0,0,0,0,0,0,0,0,0,0,0.000000,0,False,False
8,293,0,0,0,0,0,0,0,0,0,0,0,0,0.000000,0,False,False
8,294,0,0,0,0,0,0,0,0,0,0,0,0,0.000000,0,False,False
8,295,0,0,0,0,0,0,0,0,0,0,0,0,0.000000,0,False,False
8,296,0,0,0,0,0,0,0,0,0,0,0,0,0.000000,0,False,False
8,297,0,0,0,0,0,0,0,0,0,0,0,0,0.000000,0,False,False
8,298,0,0,0,0,0,0,0,0,0,0,0,0,0.000000,0,False,False
8,299,0,0,0,0,0,0,0,0,0,0,0,0,0.000000,0,False,False
8,300,0,0,0,0,0,0,0,0,0,0,0,0,0.000000,0,False,False
8,301,0,0,0,0,0,0,0,0,0,0,0,0,0.000000,0,False,False
8,302,0,0,0,0,0,0,0,0,0,0,0,0,0.000000,0,False,False
8,303,0,0,0,0,0,0,0,0,0,0,0,0,0.000000,0,False,False
8,304,0,0,0,0,0,0,0,0,0,0,0,0,0.000000,0,False,False
8,305,0,0,0,0,0,0,0,0,0,0,0,0,0.000000,0,False,False
8,306,0,0,0,0,0,0,0,0,0,0,0,0,0.000000,0,False,False
8,307,0,0,0,0,0,0,0,0,0,0,0,0,0.000000,0,False,False
8,308,0,0,0,0,0,0,0,0,0,0,0,0,0.000000,0,False,False
8,309,0,0,0,0,0,0,0,0,0,0,0,0,0.000000,0,False,False
8,310,0,0,0,0,0,0,0,0,0,0,0,0,0.000000,0,False,False
8,311,0,0,0,0,0,0,0,0,0,0,0,0,0.000000,0,False,False
8,312,0,0,0,0,0,0,0,0,0,0,0,0,0.000000,0,False,False
8,313,0,0,0,0,0,0,0,0,0,0,0,0,0.000000,0,False,False
8,314,0,0,0,0,0,0,0,0,0,0,0,0,0.000000,0,False,False
8,315,0,0,0,0,0,0,0,0,0,0,0,0,0.000000,0,False,False
8,316,17,0,0,0,0,0,0,0,0,0,0,0,0.000000,1,True,False
8,317,0,0,0,0,0,0,0,0,0,0,0,0,0.000000,0,False,False
8,318,90,0,0,1,0,0,0,0,0,0,0,0,0.000000,6,True,False
8,319,90,0,0,1,0,0,0,0,0,0,0,0,0.000000,6,True,False
8,320,0,0,0,0,0,0,0,0,0,0,0,0,0.000000,0,False,False
8,321,90,1,0,1,0,0,0,0,0,0,0,3,0.000000,15,True,True
8,322,90,0,0,1,0,0,0,0,0,0,3,1,0.000000,8,True,True
8,323,90,0,0,1,0,0,0,0,1,0,0,0,0.000000,2,True,False
8,324,69,0,0,1,0,0,0,0,0,0,0,0,0.000000,3,True,False
8,325,90,0,1,1,0,0,0,0,0,0,0,2,0.000000,8,True,False
8,326,6,0,1,0,0,0,0,0,0,0,0,0,0.000000,4,True,False
8,327,0,0,0,0,0,0,0,0,0,0,0,0,0.000000,0,False,False
8,328,0,0,0,0,0,0,0,0,0,0,0,0,0.000000,0,False,False
8,329,0,0,0,0,0,0,0,0,0,0,0,0,0.000000,0,False,False
8,330,90,0,0,1,0,0,0,0,1,0,0,0,0.000000,5,True,False
8,331,90,0,0,1,0,0,0,0,0,0,0,0,0.000000,3,True,False
8,332,0,0,0,0,0,0,0,0,0,0,0,0,0.000000,0,False,False
8,333,72,0,0,1,0,0,0,0,0,0,0,0,0.000000,6,True,False
8,334,0,0,0,0,0,0,0,0,0,0,0,0,0.000000,0,False,False
8,335,20,1,0,0,0,0,0,0,0,0,0,0,0.000000,6,True,False
8,336,83,0,0,1,0,0,0,0,0,0,0,0,0.000000,3,True,False
8,337,0,0,0,0,0,0,0,0,0,0,0,0,0.000000,0,False,False
8,338,0,0,0,0,0,0,0,0,0,0,0,0,0.000000,0,False,False
8,339,55,0,0,0,0,0,0,0,0,0,0,0,0.000000,1,True,False
8,340,8,0,0,0,0,0,0,0,0,0,0,0,0.000000,1,True,False
8,341,0,0,0,0,0,0,0,0,0,0,0,0,0.000000,0,False,False
8,342,90,1,0,1,0,0,0,0,0,0,0,2,0.000000,10,True,True
8,343,26,0,0,0,0,0,0,0,0,0,0,0,0.000000,1,True,False
8,344,90,0,0,1,0,0,0,0,0,0,0,0,0.000000,6,True,False
8,345,0,0,0,0,0,0,0,0,0,0,0,0,0.000000,0,False,False
8,346,63,0,1,1,0,0,0,0,0,0,0,0,0.000000,9,True,True
8,347,90,0,0,1,0,0,0,0,0,0,0,1,0.000000,4,True,False
8,348,90,0,0,1,0,0,0,0,0,0,0,0,0.000000,6,True,False
8,349,34,0,0,0,0,0,0,0,0,0,0,0,0.000000,1,True,False
8,350,0,0,0,0,0,0,0,0,0,0,0,0,0.000000,0,False,False
8,351,0,0,0,0,0,0,0,0,0,0,0,0,0.000000,0,False,False
8,352,90,0,0,1,0,0,0,0,0,0,0,0,0.000000,6,True,False
8,353,0,0,0,0,0,0,0,0,0,0,0,0,0.000000,0,False,False
8,354,55,0,0,0,0,0,0,0,0,0,0,0,0.000000,1,True,False
8,355,0,0,0,0,0,0,0,0,0,0,0,0,0.000000,0,False,False
8,356,81,2,0,1,0,0,0,0,0,0,0,3,0.000000,13,True,True
8,357,34,0,0,0,0,0,0,0,0,0,0,0,0.000000,1,True,False
8,358,0,0,0,0,0,0,0,0,0,0,0,0,0.000000,0,False,False
8,359,63,0,0,1,0,0,0,0,0,0,0,0,0.000000,3,True,False
8,360,90,0,1,1,0,0,0,0,0,0,0,2,0.000000,8,True,False
8,361,26,0,0,0,0,0,0,0,0,0,0,0,0.000000,1,True,False
8,362,0,0,0,0,0,0,0,0,0,0,0,0,0.000000,0,False,False
8,363,90,0,0,1,0,0,0,0,0,0,0,0,0.000000,3,True,False
8,364,64,0,0,0,1,0,0,0,0,0,0,0,0.000000,2,True,False
8,365,0,0,0,0,0,0,0,0,0,0,0,0,0.000000,0,False,False
8,366,85,0,0,0,1,0,0,0,1,0,0,0,0.000000,1,True,False
8,367,0,0,0,0,0,0,0,0,0,0,0,0,0.000000,0,False,False
8,368,0,0,0,0,0,0,0,0,0,0,0,0,0.000000,0,False,False
8,369,73,0,0,0,1,0,0,0,1,0,0,0,0.000000,1,True,False
8,370,16,0,0,0,0,0,0,0,0,0,0,0,0.000000,1,True,False
8,371,73,0,0,0,1,0,0,0,1,0,0,0,0.000000,1,True,False
8,372,0,0,0,0,0,0,0,0,0,0,0,0,0.000000,0,False,False
8,373,90,0,0,0,1,0,0,0,0,0,0,0,0.000000,2,True,False
8,374,0,0,0,0,0,0,0,0,0,0,0,0,0.000000,0,False,False
8,375,0,0,0,0,0,0,0,0,0,0,0,0,0.000000,0,False,False
8,376,25,0,0,0,0,0,0,0,0,0,0,0,0.000000,1,True,False
8,377,25,0,0,0,0,0,0,0,0,0,0,0,0.000000,1,True,False
8,378,90,0,0,0,1,0,0,0,0,0,0,0,0.000000,2,True,False
8,379,4,0,0,0,0,0,0,0,0,0,0,0,0.000000,1,True,False
8,380,0,0,0,0,0,0,0,0,0,0,0,0,0.000000,0,False,False
8,381,0,0,0,0,0,0,0,0,0,0,0,0,0.000000,0,False,False
8,382,90,0,0,0,1,0,0,0,0,0,0,0,0.000000,2,True,False
8,383,90,0,0,0,1,0,0,0,0,0,4,0,0.000000,3,True,False
8,384,28,0,0,0,1,0,0,0,0,0,0,0,0.000000,1,True,False
8,385,90,0,0,0,1,0,0,0,0,0,0,0,0.000000,2,True,False
8,386,90,0,0,0,1,0,0,0,1,0,0,0,0.000000,1,True,False
8,387,0,0,0,0,0,0,0,0,0,0,0,0,0.000000,0,False,False
8,388,64,0,0,0,1,0,0,0,0,0,0,0,0.000000,2,True,False
8,389,0,0,0,0,0,0,0,0,0,0,0,0,0.000000,0,False,False
8,390,0,0,0,0,0,0,0,0,0,0,0,0,0.000000,0,False,False
8,391,0,0,0,0,0,0,0,0,0,0,0,0,0.000000,0,False,False
8,392,0,0,0,0,0,0,0,0,0,0,0,0,0.000000,0,False,False
8,393,0,0,0,0,0,0,0,0,0,0,0,0,0.000000,0,False,False
8,394,0,0,0,0,0,0,0,0,0,0,0,0,0.000000,0,False,False
8,395,0,0,0,0,0,0,0,0,0,0,0,0,0.000000,0,False,False
8,396,0,0,0,0,0,0,0,0,0,0,0,0,0.000000,0,False,False
8,397,0,0,0,0,0,0,0,0,0,0,0,0,0.000000,0,False,False
8,398,0,0,0,0,0,0,0,0,0,0,0,0,0.000000,0,False,False
8,399,0,0,0,0,0,0,0,0,0,0,0,0,0.000000,0,False,False
8,400,0,0,0,0,0,0,0,0,0,0,0,0,0.000000,0,False,False
8,401,0,0,0,0,0,0,0,0,0,0,0,0,0.000000,0,False,False
8,402,0,0,0,0,0,0,0,0,0,0,0,0,0.000000,0,False,False
8,403,0,0,0,0,0,0,0,0,0,0,0,0,0.000000,0,False,False
8,404,0,0,0,0,0,0,0,0,0,0,0,0,0.000000,0,False,False
8,405,0,0,0,0,0,0,0,0,0,0,0,0,0.000000,0,False,False
8,406,0,0,0,0,0,0,0,0,0,0,0,0,0.000000,0,False,False
8,407,0,0,0,0,0,0,0,0,0,0,0,0,0.000000,0,False,False
8,408,0,0,0,0,0,0,0,0,0,0,0,0,0.000000,0,False,False
8,409,0,0,0,0,0,0,0,0,0,0,0,0,0.000000,0,False,False
8,410,0,0,0,0,0,0,0,0,0,0,0,0,0.000000,0,False,False
8,411,0,0,0,0,0,0,0,0,0,0,0,0,0.000000,0,False,False
8,412,0,0,0,0,0,0,0,0,0,0,0,0,0.000000,0,False,False
8,413,0,0,0,0,0,0,0,0,0,0,0,0,0.000000,0,False,False
8,414,0,0,0,0,0,0,0,0,0,0,0,0,0.000000,0,False,False
8,415,0,0,0,0,0,0,0,0,0,0,0,0,0.000000,0,False,False
8,416,0,0,0,0,0,0,0,0,0,0,0,0,0.000000,0,False,False
8,417,45,0,0,0,0,0,0,0,0,0,0,0,0.000000,1,True,False
8,418,90,0,0,0,2,0,0,0,1,0,0,0,0.000000,1,True,False
8,419,0,0,0,0,0,0,0,0,0,0,0,0,0.000000,0,False,False
8,420,80,0,0,0,1,0,0,0,0,0,0,0,0.000000,2,True,False
8,421,0,0,0,0,0,0,0,0,0,0,0,0,0.000000,0,False,False
8,422,0,0,0,0,0,0,0,0,0,0,0,0,0.000000,0,False,False
8,423,0,0,0,0,0,0,0,0,0,0,0,0,0.000000,0,False,False
8,424,0,0,0,0,0,0,0,0,0,0,0,0,0.000000,0,False,False
8,425,33,0,0,0,2,0,0,0,0,0,0,0,0.000000,1,True,False
8,426,0,0,0,0,0,0,0,0,0,0,0,0,0.000000,0,False,False
8,427,0,0,0,0,0,0,0,0,0,0,0,0,0.000000,0,False,False
8,428,0,0,0,0,0,0,0,0,0,0,0,0,0.000000,0,False,False
8,429,16,0,0,0,0,0,0,0,0,0,0,0,0.000000,1,True,False
8,430,0,0,0,0,0,0,0,0,0,0,0,0,0.000000,0,False,False
8,431,0,0,0,0,0,0,0,0,0,0,0,0,0.000000,0,False,False
8,432,0,0,0,0,0,0,0,0,0,0,0,0,0.000000,0,False,False
8,433,1,0,0,0,0,0,0,0,0,0,0,0,0.000000,1,True,False
8,434,0,0,0,0,0,0,0,0,0,0,0,0,0.000000,0,False,False
8,435,90,0,0,1,0,0,0,0,0,0,0,0,0.000000,2,True,False
8,436,90,0,0,0,2,0,0,0,0,0,0,0,0.000000,1,True,False
8,437,0,0,0,0,0,0,0,0,0,0,0,0,0.000000,0,False,False
8,438,0,0,0,0,0,0,0,0,0,0,0,0,0.000000,0,False,False
8,439,0,0,0,0,0,0,0,0,0,0,0,0,0.000000,0,False,False
8,440,90,0,0,1,0,0,0,0,0,0,0,0,0.000000,3,True,False
8,441,0,0,0,0,0,0,0,0,0,0,0,0,0.000000,0,False,False
9,1,95,0,0,1,0,0,0,0,0,0,0,0,0.000000,7,True,False
9,2,180,0,0,1,1,0,0,0,0,0,0,0,0.000000,8,True,False
9,3,76,0,0,0,1,0,0,0,0,0,0,0,0.000000,2,True,False
9,4,13,0,0,0,0,0,0,0,0,0,0,0,0.000000,1,True,False
9,5,180,1,1,1,1,0,0,0,0,0,0,3,0.000000,20,True,True
9,6,9,0,0,0,0,0,0,0,0,0,0,0,0.000000,1,True,False
9,7,90,0,0,0,1,0,0,0,0,0,0,0,0.000000,2,True,False
9,8,90,2,2,1,0,0,0,0,0,0,0,3,0.000000,19,True,True
9,9,0,0,0,0,0,0,0,0,0,0,0,0,0.000000,0,False,False
9,10,180,0,0,1,1,0,0,0,0,0,3,0,0.000000,8,True,True
9,11,0,0,0,0,0,0,0,0,0,0,0,0,0.000000,0,False,False
9,12,88,1,0,0,1,0,0,0,0,0,0,1,0.000000,9,True,False
9,13,18,0,0,0,0,0,0,0,0,0,0,0,0.000000,1,True,False
9,14,180,1,0,1,1,0,0,0,0,0,0,2,0.000000,12,True,True
9,15,152,0,0,1,1,0,0,0,0,0,0,0,0.000000,5,True,False
9,16,166,1,0,1,1,0,0,0,0,0,0,0,0.000000,10,True,False
9,17,90,2,0,1,0,0,0,0,0,0,0,2,0.000000,16,True,True
9,18,151,1,1,1,1,0,0,0,0,0,0,1,0.000000,14,True,True
9,19,83,0,0,0,1,0,0,0,0,0,0,0,0.000000,3,True,False
9,20,0,0,0,0,0,0,0,0,0,0,0,0,0.000000,0,False,False
9,21,90,0,0,1,0,0,0,0,0,0,0,0,0.000000,6,True,False
9,22,0,0,0,0,0,0,0,0,0,0,0,0,0.000000,0,False,False
9,23,13,0,0,0,0,0,0,0,0,0,0,0,0.000000,1,True,False
9,24,0,0,0,0,0,0,0,0,0,0,0,0,0.000000,0,False,False
9,25,0,0,0,0,0,0,0,0,0,0,0,0,0.000000,0,False,False
9,26,45,0,0,0,1,0,0,0,0,0,0,0,0.000000,1,True,False
9,27,71,0,0,0,1,0,0,0,0,0,0,0,0.000000,2,True,False
9,28,18,0,0,0,0,0,0,0,0,0,0,0,0.000000,1,True,False
9,29,172,0,0,0,2,0,0,0,0,0,0,0,0.000000,4,True,False
9,30,16,0,0,0,1,0,0,0,0,0,0,0,0.000000,2,True,False
9,31,47,0,0,0,1,0,0,0,0,0,0,0,0.000000,2,True,False
9,32,0,0,0,0,0,0,0,0,0,0,0,0,0.000000,0,False,False
9,33,180,0,0,0,3,0,0,0,0,0,5,0,0.000000,4,True,False
9,34,0,0,0,0,0,0,0,0,0,0,0,0,0.000000,0,False,False
9,35,0,0,0,0,0,0,0,0,0,0,0,0,0.000000,0,False,False
9,36,45,0,0,0,1,0,0,0,0,0,0,0,0.000000,1,True,False
9,37,90,0,0,0,1,0,0,0,0,0,0,3,0.000000,5,True,False
9,38,153,0,1,0,3,0,0,0,0,0,0,0,0.000000,7,True,False
9,39,132,0,0,0,2,0,0,0,0,0,0,0,0.000000,3,True,False
9,40,0,0,0,0,0,0,0,0,0,0,0,0,0.000000,0,False,False
9,41,0,0,0,0,0,0,0,0,0,0,0,0,0.000000,0,False,False
9,42,0,0,0,0,0,0,0,0,0,0,0,0,0.000000,0,False,False
9,43,0,0,0,0,0,0,0,0,0,0,0,0,0.000000,0,False,False
9,44,0,0,0,0,0,0,0,0,0,0,0,0,0.000000,0,False,False
9,45,180,2,0,0,3,0,0,0,1,0,0,2,0.000000,13,True,True
9,46,80,0,0,0,1,0,0,0,0,0,0,0,0.000000,2,True,False
9,47,0,0,0,0,0,0,0,0,0,0,0,0,0.000000,0,False,False
9,48,170,1,0,0,3,0,0,0,1,0,0,1,0.000000,9,True,False
9,49,0,0,0,0,0,0,0,0,0,0,0,0,0.000000,0,False,False
9,50,153,0,0,0,3,0,0,0,0,0,0,0,0.000000,4,True,False
9,51,158,0,2,0,2,0,0,0,0,0,0,0,0.000000,10,True,False
9,52,94,0,0,0,1,0,0,0,1,0,0,0,0.000000,2,True,False
9,53,0,0,0,0,0,0,0,0,0,0,0,0,0.000000,0,False,False
9,54,90,0,0,0,1,0,0,0,1,0,6,1,0.000000,4,True,False
9,55,90,0,0,0,1,0,0,0,0,0,0,0,0.000000,2,True,False
9,56,0,0,0,0,0,0,0,0,0,0,0,0,0.000000,0,False,False
9,57,0,0,0,0,0,0,0,0,0,0,0,0,0.000000,0,False,False
9,58,90,1,0,0,1,0,0,0,0,0,0,3,0.000000,11,True,True
9,59,69,0,0,1,0,0,0,0,0,0,0,0,0.000000,2,True,False
9,60,0,0,0,0,0,0,0,0,0,0,0,0,0.000000,0,False,False
9,61,0,0,0,0,0,0,0,0,0,0,0,0,0.000000,0,False,False
9,62,20,0,0,0,1,0,0,0,0,0,0,0,0.000000,1,True,False
9,63,75,0,0,1,0,0,0,0,0,0,0,0,0.000000,3,True,False
9,64,90,0,2,1,0,0,0,0,0,0,0,2,0.000000,11,True,False
9,65,69,0,0,1,0,0,0,0,0,0,0,0,0.000000,6,True,False
9,66,90,0,0,0,1,0,0,0,0,0,0,0,0.000000,2,True,False
9,67,0,0,0,0,0,0,0,0,0,0,0,0,0.000000,0,False,False
9,68,0,0,0,0,0,0,0,0,0,0,0,0,0.000000,0,False,False
9,69,14,0,0,0,1,0,0,0,1,0,0,0,0.000000,0,True,False
9,70,0,0,0,0,0,0,0,0,0,0,0,0,0.000000,0,False,False
9,71,0,0,0,0,0,0,0,0,0,0,0,0,0.000000,0,False,False
9,72,0,0,0,0,0,0,0,0,0,0,0,0,0.000000,0,False,False
9,73,0,0,0,0,0,0,0,0,0,0,0,0,0.000000,0,False,False
9,74,90,0,0,0,1,0,0,0,1,0,0,0,0.000000,1,True,False
9,75,20,0,0,0,1,0,0,0,0,0,0,0,0.000000,1,True,False
9,76,0,0,0,0,0,0,0,0,0,0,0,0,0.000000,0,False,False
9,77,1,0,0,0,1,0,0,0,0,0,0,0,0.000000,1,True,False
9,78,0,0,0,0,0,0,0,0,0,0,0,0,0.000000,0,False,False
9,79,0,0,0,0,0,0,0,0,0,0,0,0,0.000000,0,False,False
9,80,56,0,0,0,2,0,0,0,0,0,0,0,0.000000,0,True,False
9,81,0,0,0,0,0,0,0,0,0,0,0,0,0.000000,0,False,False
9,82,0,0,0,0,0,0,0,0,0,0,0,0,0.000000,0,False,False
9,83,0,0,0,0,0,0,0,0,0,0,0,0,0.000000,0,False,False
9,84,90,0,0,0,2,0,0,0,0,0,0,0,0.000000,1,True,False
9,85,33,0,0,0,0,0,0,0,0,0,0,0,0.000000,1,True,False
9,86,0,0,0,0,0,0,0,0,0,0,0,0,0.000000,0,False,False
9,87,5,0,0,0,0,0,0,0,0,0,0,0,0.000000,1,True,False
9,88,90,0,0,0,2,0,0,0,0,0,3,0,0.000000,2,True,False
9,89,0,0,0,0,0,0,0,0,0,0,0,0,0.000000,0,False,False
9,90,44,0,0,0,0,0,0,0,0,0,0,0,0.000000,1,True,False
9,91,10,0,0,0,0,0,0,0,0,0,0,0,0.000000,1,True,False
9,92,90,0,0,0,2,0,0,0,0,0,0,0,0.000000,2,True,False
9,93,0,0,0,0,0,0,0,0,0,0,0,0,0.000000,0,False,False
9,94,0,0,0,0,0,0,0,0,0,0,0,0,0.000000,0,False,False
9,95,0,0,0,0,0,0,0,0,0,0,0,0,0.000000,0,False,False
9,96,0,0,0,0,0,0,0,0,0,0,0,0,0.000000,0,False,False
9,97,90,0,0,0,2,0,0,0,0,0,0,0,0.000000,1,True,False
9,98,0,0,0,0,0,0,0,0,0,0,0,0,0.000000,0,False,False
9,99,0,0,0,0,0,0,0,0,0,0,0,0,0.000000,0,False,False
9,100,45,0,0,0,2,0,0,0,0,0,0,0,0.000000,1,True,False
9,101,0,0,0,0,0,0,0,0,0,0,0,0,0.000000,0,False,False
9,102,90,0,1,0,2,1,0,0,0,0,0,0,0.000000,2,True,False
9,103,84,0,0,0,2,0,0,0,0,0,0,0,0.000000,1,True,False
9,104,57,0,0,0,2,0,0,0,0,0,0,0,0.000000,1,True,False
9,105,0,0,0,0,0,0,0,0,0,0,0,0,0.000000,0,False,False
9,106,57,0,0,0,2,0,0,0,0,0,0,0,0.000000,0,True,False
9,107,0,0,0,0,0,0,0,0,0,0,0,0,0.000000,0,False,False
9,108,0,0,0,0,0,0,0,0,0,0,0,0,0.000000,0,False,False
9,109,29,0,0,0,2,0,0,0,0,1,0,0,0.000000,-3,True,False
9,110,44,0,0,0,0,0,0,0,1,0,0,0,0.000000,0,True,False
9,111,0,0,0,0,0,0,0,0,0,0,0,0,0.000000,0,False,False
9,112,90,0,0,0,2,0,0,0,0,0,0,0,0.000000,1,True,False
9,113,0,0,0,0,0,0,0,0,0,0,0,0,0.000000,0,False,False
9,114,0,0,0,0,0,0,0,0,0,0,0,0,0.000000,0,False,False
9,115,90,0,0,0,2,0,0,0,0,0,6,0,0.000000,3,True,False
9,116,27,0,0,0,0,0,0,0,0,0,0,0,0.000000,1,True,False
9,117,90,0,1,0,2,0,0,0,0,0,0,0,0.000000,5,True,False
9,118,11,0,0,0,0,0,0,0,0,0,0,0,0.000000,1,True,False
9,119,0,0,0,0,0,0,0,0,0,0,0,0,0.000000,0,False,False
9,120,90,0,0,0,2,0,0,0,1,0,0,0,0.000000,1,True,False
9,121,0,0,0,0,0,0,0,0,0,0,0,0,0.000000,0,False,False
9,122,78,0,0,0,2,0,0,0,0,0,0,0,0.000000,1,True,False
9,123,78,1,0,0,2,0,0,0,0,0,0,2,0.000000,9,True,False
9,124,90,0,0,0,2,0,0,0,1,0,0,0,0.000000,0,True,False
9,125,0,0,0,0,0,0,0,0,0,0,0,0,0.000000,0,False,False
9,126,0,0,0,0,0,0,0,0,0,0,0,0,0.000000,0,False,False
9,127,45,0,0,0,2,0,0,0,0,0,0,0,0.000000,0,True,False
9,128,11,0,0,0,0,0,0,0,0,0,0,0,0.000000,1,True,False
9,129,62,0,0,0,2,0,0,0,0,0,0,0,0.000000,2,True,False
9,130,0,0,0,0,0,0,0,0,0,0,0,0,0.000000,0,False,False
9,131,0,0,0,0,0,0,0,0,0,0,0,0,0.000000,0,False,False
9,132,32,0,0,0,0,0,0,0,0,0,0,0,0.000000,1,True,False
9,133,0,0,0,0,0,0,0,0,0,0,0,0,0.000000,0,False,False
9,134,0,0,0,0,0,0,0,0,0,0,0,0,0.000000,0,False,False
9,135,0,0,0,0,0,0,0,0,0,0,0,0,0.000000,0,False,False
9,136,142,0,0,0,2,0,0,0,2,0,0,0,0.000000,2,True,False
9,137,0,0,0,0,0,0,0,0,0,0,0,0,0.000000,0,False,False
9,138,180,0,0,0,2,0,0,0,0,0,0,0,0.000000,4,True,False
9,139,180,0,0,0,2,0,0,0,0,0,0,0,0.000000,4,True,False
9,140,0,0,0,0,0,0,0,0,0,0,0,0,0.000000,0,False,False
9,141,126,1,0,0,1,0,0,0,1,0,0,3,0.000000,9,True,False
9,142,110,0,0,0,1,0,0,0,1,0,0,0,0.000000,2,True,False
9,143,90,0,0,0,1,0,0,0,1,0,4,0,0.000000,2,True,False
9,144,90,0,0,0,1,0,0,0,0,0,4,0,0.000000,3,True,False
9,145,9,0,0,0,0,0,0,0,0,0,0,0,0.000000,1,True,False
9,146,170,0,0,0,2,0,0,0,1,0,0,0,0.000000,3,True,False
9,147,98,1,0,0,1,0,0,0,0,0,0,0,0.000000,8,True,False
9,148,0,0,0,0,0,0,0,0,0,0,0,0,0.000000,0,False,False
9,149,0,0,0,0,0,0,0,0,0,0,0,0,0.000000,0,False,False
9,150,168,0,0,0,2,0,0,0,1,0,0,0,0.000000,3,True,False
9,151,0,0,0,0,0,0,0,0,0,0,0,0,0.000000,0,False,False
9,152,0,0,0,0,0,0,0,0,0,0,0,0,0.000000,0,False,False
9,153,0,0,0,0,0,0,0,0,0,0,0,0,0.000000,0,False,False
9,154,180,0,0,0,2,0,0,0,0,0,0,0,0.000000,4,True,False
9,155,106,0,1,0,1,0,0,0,0,0,0,0,0.000000,6,True,False
9,156,9,0,0,0,0,0,0,0,0,0,0,0,0.000000,1,True,False
9,157,68,0,0,0,1,0,0,0,0,0,0,0,0.000000,2,True,False
9,158,170,0,1,0,2,0,0,0,0,0,0,1,0.000000,8,True,False
9,159,11,0,0,0,0,0,0,0,0,0,0,0,0.000000,1,True,False
9,160,180,0,0,0,3,0,0,0,0,0,10,0,0.000000,5,True,False
9,161,0,0,0,0,0,0,0,0,0,0,0,0,0.000000,0,False,False
9,162,95,0,0,0,1,0,0,0,0,0,0,0,0.000000,3,True,False
9,163,180,1,0,0,3,0,0,0,1,0,0,1,0.000000,9,True,False
9,164,24,0,0,0,1,0,0,0,0,1,0,0,0.000000,-1,True,False
9,165,135,0,0,0,2,0,0,0,0,0,0,0,0.000000,3,True,False
9,166,180,0,0,0,3,0,0,0,0,0,0,0,0.000000,3,True,False
9,167,0,0,0,0,0,0,0,0,0,0,0,0,0.000000,0,False,False
9,168,13,0,0,0,0,0,0,0,0,0,0,0,0.000000,1,True,False
9,169,180,0,0,0,3,0,0,0,1,0,0,0,0.000000,2,True,False
9,170,45,0,0,0,1,0,0,0,0,0,0,0,0.000000,1,True,False
9,171,180,0,0,0,3,0,0,0,0,0,0,0,0.000000,4,True,False
9,172,0,0,0,0,0,0,0,0,0,0,0,0,0.000000,0,False,False
9,173,2,0,0,0,0,0,0,0,1,0,0,0,0.000000,0,True,False
9,174,134,0,0,0,3,0,0,0,0,1,0,0,0.000000,0,True,False
9,175,58,1,0,0,1,0,0,0,0,0,0,0,0.000000,7,True,False
9,176,177,1,0,0,3,0,0,0,0,0,0,2,0.000000,11,True,False
9,177,0,0,0,0,0,0,0,0,0,0,0,0,0.000000,0,False,False
9,178,0,0,0,0,0,0,0,0,0,0,0,0,0.000000,0,False,False
9,179,160,0,1,0,3,0,0,0,0,0,0,2,0.000000,9,True,False
9,180,132,1,0,0,2,0,0,0,1,0,0,3,0.000000,10,True,False
9,181,121,0,1,0,2,0,0,0,0,0,0,0,0.000000,6,True,False
9,182,2,0,0,0,0,0,0,0,0,0,0,0,0.000000,1,True,False
9,183,0,0,0,0,0,0,0,0,0,0,0,0,0.000000,0,False,False
9,184,0,0,0,0,0,0,0,0,0,0,0,0,0.000000,0,False,False
9,185,89,0,1,0,2,0,0,0,0,0,0,0,0.000000,5,True,False
9,186,0,0,0,0,0,0,0,0,0,0,0,0,0.000000,0,False,False
9,187,45,0,0,0,0,0,0,0,0,0,0,0,0.000000,1,True,False
9,188,20,0,0,0,0,0,0,0,0,0,0,0,0.000000,1,True,False
9,189,0,0,0,0,0,0,0,0,0,0,0,0,0.000000,0,False,False
9,190,90,0,0,1,0,0,0,0,0,0,0,0,0.000000,6,True,False
9,191,89,0,0,1,0,0,0,0,0,0,0,0,0.000000,2,True,False
9,192,90,0,0,1,0,0,0,0,0,0,2,0,0.000000,6,True,False
9,193,90,0,0,1,0,0,0,0,0,0,0,0,0.000000,3,True,False
9,194,0,0,0,0,0,0,0,0,0,0,0,0,0.000000,0,False,False
9,195,99,0,0,0,2,0,0,0,1,0,0,0,0.000000,2,True,False
9,196,29,0,0,0,0,0,0,0,0,0,0,0,0.000000,1,True,False
9,197,69,0,0,1,0,0,0,0,0,0,0,0,0.000000,3,True,False
9,198,69,0,0,1,0,0,0,0,0,0,0,0,0.000000,3,True,False
9,199,90,0,0,1,0,0,0,0,1,0,0,3,0.000000,8,True,False
9,200,0,0,0,0,0,0,0,0,0,0,0,0,0.000000,0,False,False
9,201,45,0,0,0,0,0,0,0,0,0,0,0,0.000000,1,True,False
9,202,60,0,0,1,0,0,0,0,0,0,0,0,0.000000,3,True,False
9,203,20,0,0,0,0,0,0,0,0,0,0,0,0.000000,1,True,False
9,204,0,0,0,0,0,0,0,0,0,0,0,0,0.000000,0,False,False
9,205,0,0,0,0,0,0,0,0,0,0,0,0,0.000000,0,False,False
9,206,1,0,0,0,0,0,0,0,0,0,0,0,0.000000,1,True,False
9,207,0,0,0,0,0,0,0,0,0,0,0,0,0.000000,0,False,False
9,208,90,0,1,1,0,0,0,0,0,0,0,2,0.000000,11,True,True
9,209,0,0,0,0,0,0,0,0,0,0,0,0,0.000000,0,False,False
9,210,0,0,0,0,0,0,0,0,0,0,0,0,0.000000,0,False,False
9,211,90,0,0,0,3,0,0,0,0,0,0,0,0.000000,1,True,False
9,212,45,0,0,0,1,0,0,0,0,0,0,0,0.000000,1,True,False
9,213,90,0,0,0,3,0,0,0,1,0,0,0,0.000000,0,True,False
9,214,42,0,0,0,2,0,0,0,0,0,0,0,0.000000,0,True,False
9,215,0,0,0,0,0,0,0,0,0,0,0,0,0.000000,0,False,False
9,216,0,0,0,0,0,0,0,0,0,0,0,0,0.000000,0,False,False
9,217,0,0,0,0,0,0,0,0,0,0,0,0,0.000000,0,False,False
9,218,22,0,0,0,1,0,0,0,1,0,0,0,0.000000,0,True,False
9,219,0,0,0,0,0,0,0,0,0,0,0,0,0.000000,0,False,False
9,220,45,0,0,0,2,0,0,0,0,0,0,0,0.000000,1,True,False
9,221,90,1,0,0,3,0,0,0,0,0,0,1,0.000000,8,True,False
9,222,0,0,0,0,0,0,0,0,0,0,0,0,0.000000,0,False,False
9,223,22,0,1,0,1,0,0,0,0,0,0,0,0.000000,4,True,False
9,224,45,0,0,0,1,0,0,0,0,0,0,0,0.000000,1,True,False
9,225,90,0,0,0,3,0,0,0,0,0,0,0,0.000000,2,True,False
9,226,0,0,0,0,0,0,0,0,0,0,0,0,0.000000,0,False,False
9,227,0,0,0,0,0,0,0,0,0,0,0,0,0.000000,0,False,False
9,228,0,0,0,0,0,0,0,0,0,0,0,0,0.000000,0,False,False
9,229,2,0,0,0,0,0,0,0,0,0,0,0,0.000000,1,True,False
9,230,67,0,0,0,2,0,0,0,0,0,0,0,0.000000,2,True,False
9,231,0,0,0,0,0,0,0,0,0,0,0,0,0.000000,0,False,False
9,232,90,0,0,0,3,0,0,0,0,0,1,0,0.000000,1,True,False
9,233,0,0,0,0,0,0,0,0,0,0,0,0,0.000000,0,False,False
9,234,90,0,0,0,3,0,0,0,0,0,0,0,0.000000,1,True,False
9,235,0,0,0,0,0,0,0,0,0,0,0,0,0.000000,0,False,False
9,236,67,0,1,0,2,0,0,0,0,0,0,0,0.000000,5,True,False
9,237,90,1,0,0,3,0,0,0,0,0,0,0,0.000000,7,True,False
9,238,0,0,0,0,0,0,0,0,0,0,0,0,0.000000,0,False,False
9,239,0,0,0,0,0,0,0,0,0,0,0,0,0.000000,0,False,False
9,240,1,0,0,0,1,0,0,0,0,0,0,0,0.000000,1,True,False
9,241,0,0,0,0,0,0,0,0,0,0,0,0,0.000000,0,False,False
9,242,90,0,0,0,3,0,0,0,0,0,0,0,0.000000,1,True,False
9,243,86,0,0,0,3,0,0,0,0,1,0,0,0.000000,-2,True,False
9,244,90,0,0,0,3,0,0,0,0,0,0,0,0.000000,1,True,False
9,245,0,0,0,0,0,0,0,0,0,0,0,0,0.000000,0,False,False
9,246,90,0,0,0,3,0,0,0,0,0,3,0,0.000000,2,True,False
9,247,0,0,0,0,0,0,0,0,0,0,0,0,0.000000,0,False,False
9,248,1,0,0,0,1,0,0,0,0,0,0,0,0.000000,1,True,False
9,249,30,0,0,0,2,0,0,0,0,0,0,0,0.000000,1,True,False
9,250,89,0,0,0,2,0,0,0,1,0,0,0,0.000000,1,True,False
9,251,30,0,0,0,2,0,0,0,0,0,0,0,0.000000,1,True,False
9,252,90,0,0,0,3,0,0,0,0,0,0,0,0.000000,2,True,False
9,253,59,0,0,0,1,0,0,0,0,0,0,0,0.000000,1,True,False
9,254,59,0,0,0,1,0,0,0,0,0,0,0,0.000000,1,True,False
9,255,0,0,0,0,0,0,0,0,0,0,0,0,0.000000,0,False,False
9,256,30,0,0,0,2,0,0,0,0,0,0,0,0.000000,1,True,False
9,257,0,0,0,0,0,0,0,0,0,0,0,0,0.000000,0,False,False
9,258,59,1,0,0,1,0,0,0,0,0,0,0,0.000000,5,True,False
9,259,90,0,0,0,3,0,0,0,0,0,0,0,0.000000,1,True,False
9,260,90,0,0,0,3,0,0,0,0,0,0,0,0.000000,2,True,False
9,261,0,0,0,0,0,0,0,0,0,0,0,0,0.000000,0,False,False
9,262,90,0,1,0,3,0,0,0,0,0,0,2,0.000000,7,True,False
9,263,90,0,0,0,3,0,0,0,0,0,0,0,0.000000,1,True,False
9,264,90,0,0,0,3,0,0,0,0,0,0,0,0.000000,1,True,False
9,265,10,0,0,0,1,0,0,0,0,0,0,0,0.000000,1,True,False
9,266,0,0,0,0,0,0,0,0,0,0,0,0,0.000000,0,False,False
9,267,0,0,0,0,0,0,0,0,0,0,0,0,0.000000,0,False,False
9,268,1,0,0,0,0,0,0,0,0,0,0,0,0.000000,1,True,False
9,269,0,0,0,0,0,0,0,0,0,0,0,0,0.000000,0,False,False
9,270,82,1,0,0,2,0,0,0,0,0,0,0,0.000000,6,True,False
9,271,0,0,0,0,0,0,0,0,0,0,0,0,0.000000,0,False,False
9,272,90,0,0,0,3,0,1,0,0,0,3,0,0.000000,7,True,False
9,273,0,0,0,0,0,0,0,0,0,0,0,0,0.000000,0,False,False
9,274,0,0,0,0,0,0,0,0,0,0,0,0,0.000000,0,False,False
9,275,0,0,0,0,0,0,0,0,0,0,0,0,0.000000,0,False,False
9,276,90,0,0,0,3,0,0,0,0,0,0,0,0.000000,2,True,False
9,277,0,0,0,0,0,0,0,0,0,0,0,0,0.000000,0,False,False
9,278,90,0,0,0,3,0,0,0,0,0,0,0,0.000000,2,True,False
9,279,0,0,0,0,0,0,0,0,0,0,0,0,0.000000,0,False,False
9,280,0,0,0,0,0,0,0,0,0,0,0,0,0.000000,0,False,False
9,281,0,0,0,0,0,0,0,0,0,0,0,0,0.000000,0,False,False
9,282,82,1,0,0,2,0,0,0,0,0,0,0,0.000000,7,True,False
9,283,90,0,0,0,3,0,0,0,0,0,0,0,0.000000,1,True,False
9,284,0,0,0,0,0,0,0,0,0,0,0,0,0.000000,0,False,False
9,285,79,0,1,0,2,0,0,0,0,0,0,1,0.000000,5,True,False
9,286,0,0,0,0,0,0,0,0,0,0,0,0,0.000000,0,False,False
9,287,7,0,0,0,1,0,0,0,0,0,0,0,0.000000,1,True,False
9,288,7,0,0,0,1,0,0,0,0,0,0,0,0.000000,1,True,False
9,289,0,0,0,0,0,0,0,0,0,0,0,0,0.000000,0,False,False
9,290,180,0,0,0,10,0,0,0,1,0,5,0,0.000000,-1,True,False
9,291,0,0,0,0,0,0,0,0,0,0,0,0,0.000000,0,False,False
9,292,0,0,0,0,0,0,0,0,0,0,0,0,0.000000,0,False,False
9,293,76,0,0,0,2,0,0,0,0,0,0,0,0.000000,1,True,False
9,294,180,0,1,0,10,0,0,0,0,0,0,0,0.000000,2,True,False
9,295,180,0,0,0,10,0,0,0,0,0,0,0,0.000000,-1,True,False
9,296,13,0,0,0,2,0,0,0,0,0,0,0,0.000000,0,True,False
9,297,0,0,0,0,0,0,0,0,0,0,0,0,0.000000,0,False,False
9,298,0,0,0,0,0,0,0,0,0,0,0,0,0.000000,0,False,False
9,299,119,1,0,0,6,0,0,0,0,0,0,0,0.000000,8,True,False
9,300,55,0,0,0,3,0,0,0,0,0,0,0,0.000000,2,True,False
9,301,180,0,0,0,10,0,0,0,0,0,0,0,0.000000,4,True,False
9,302,0,0,0,0,0,0,0,0,0,0,0,0,0.000000,0,False,False
9,303,29,0,0,0,2,0,0,0,0,0,0,0,0.000000,1,True,False
9,304,149,0,2,0,8,0,0,0,0,0,0,0,0.000000,10,True,False
9,305,6,0,0,0,1,0,0,0,1,0,0,0,0.000000,0,True,False
9,306,0,0,0,0,0,0,0,0,0,0,0,0,0.000000,0,False,False
9,307,51,0,0,0,3,0,0,0,0,0,0,0,0.000000,1,True,False
9,308,119,1,0,0,9,0,0,0,0,1,0,1,0.000000,3,True,False
9,309,180,1,0,0,10,0,0,0,0,0,0,0,0.000000,5,True,False
9,310,0,0,0,0,0,0,0,0,0,0,0,0,0.000000,0,False,False
9,311,0,0,0,0,0,0,0,0,0,0,0,0,0.000000,0,False,False
9,312,119,0,1,0,6,0,0,0,0,0,0,0,0.000000,6,True,False
9,313,0,0,0,0,0,0,0,0,0,0,0,0,0.000000,0,False,False
9,314,128,1,0,0,7,0,0,0,0,0,0,0,0.000000,7,True,False
9,315,90,0,0,0,6,0,0,0,1,0,0,0,0.000000,-2,True,False
9,316,13,0,0,0,2,0,0,0,0,0,0,0,0.000000,0,True,False
9,317,45,0,0,0,4,0,0,0,0,0,0,0,0.000000,-1,True,False
9,318,76,0,0,0,3,0,0,0,1,0,0,0,0.000000,0,True,False
9,319,90,0,0,0,5,0,0,0,0,0,0,0,0.000000,0,True,False
9,320,90,0,0,0,5,0,0,0,0,0,0,0,0.000000,0,True,False
9,321,90,0,0,0,5,0,0,0,0,0,0,0,0.000000,0,True,False
9,322,90,0,0,0,5,0,0,0,0,0,6,0,0.000000,2,True,False
9,323,76,0,0,0,3,0,0,0,0,0,0,0,0.000000,2,True,False
9,324,90,0,0,0,5,0,0,0,0,0,0,0,0.000000,2,True,False
9,325,76,0,0,0,3,0,0,0,0,0,0,0,0.000000,2,True,False
9,326,28,0,0,0,4,0,0,0,0,0,0,0,0.000000,1,True,False
9,327,0,0,0,0,0,0,0,0,0,0,0,0,0.000000,0,False,False
9,328,0,0,0,0,0,0,0,0,0,0,0,0,0.000000,0,False,False
9,329,0,0,0,0,0,0,0,0,0,0,0,0,0.000000,0,False,False
9,330,44,0,0,0,5,0,0,0,0,1,0,0,0.000000,-4,True,False
9,331,45,0,0,0,1,0,0,0,0,0,0,0,0.000000,1,True,False
9,332,0,0,0,0,0,0,0,0,0,0,0,0,0.000000,0,False,False
9,333,13,0,0,0,2,0,0,0,0,0,0,0,0.000000,0,True,False
9,334,0,0,0,0,0,0,0,0,0,0,0,0,0.000000,0,False,False
9,335,13,0,0,0,2,0,0,0,0,0,0,0,0.000000,1,True,False
9,336,61,0,0,0,1,0,0,0,0,0,0,0,0.000000,2,True,False
9,337,0,0,0,0,0,0,0,0,0,0,0,0,0.000000,0,False,False
9,338,0,0,0,0,0,0,0,0,0,0,0,0,0.000000,0,False,False
9,339,90,0,0,0,3,0,0,0,0,0,0,0,0.000000,1,True,False
9,340,0,0,0,0,0,0,0,0,0,0,0,0,0.000000,0,False,False
9,341,9,0,0,0,0,0,0,0,0,0,0,0,0.000000,1,True,False
9,342,88,0,0,0,2,0,0,0,0,0,0,0,0.000000,2,True,False
9,343,0,0,0,0,0,0,0,0,0,0,0,0,0.000000,0,False,False
9,344,90,0,0,0,3,0,0,0,0,0,0,0,0.000000,1,True,False
9,345,9,0,0,0,0,0,0,0,0,0,0,0,0.000000,1,True,False
9,346,80,0,1,0,3,0,0,0,0,0,0,0,0.000000,4,True,False
9,347,80,0,0,0,3,0,0,0,0,0,0,0,0.000000,2,True,False
9,348,90,1,0,0,3,0,0,0,1,0,0,0,0.000000,6,True,False
9,349,2,0,0,0,0,0,0,0,0,0,0,0,0.000000,1,True,False
9,350,0,0,0,0,0,0,0,0,0,0,0,0,0.000000,0,False,False
9,351,0,0,0,0,0,0,0,0,0,0,0,0,0.000000,0,False,False
9,352,90,0,0,0,3,0,0,0,0,0,2,0,0.000000,1,True,False
9,353,0,0,0,0,0,0,0,0,0,0,0,0,0.000000,0,False,False
9,354,71,0,0,0,3,0,0,0,0,0,0,0,0.000000,2,True,False
9,355,0,0,0,0,0,0,0,0,0,0,0,0,0.000000,0,False,False
9,356,90,2,0,0,3,0,0,0,0,0,0,2,0.000000,12,True,False
9,357,18,0,1,0,0,0,0,0,0,0,0,0,0.000000,4,True,False
9,358,0,0,0,0,0,0,0,0,0,0,0,0,0.000000,0,False,False
9,359,90,1,0,0,3,0,0,0,0,0,0,0,0.000000,7,True,False
9,360,87,1,3,0,3,0,0,0,0,0,0,3,0.000000,19,True,True
9,361,9,0,0,0,0,0,0,0,0,0,0,0,0.000000,1,True,False
9,362,0,0,0,0,0,0,0,0,0,0,0,0,0.000000,0,False,False
9,363,80,1,1,0,3,0,0,0,1,0,0,0,0.000000,9,True,False
9,364,45,0,0,0,2,0,0,0,0,0,0,0,0.000000,0,True,False
9,365,0,0,0,0,0,0,0,0,0,0,0,0,0.000000,0,False,False
9,366,90,0,0,0,2,0,0,0,1,0,0,0,0.000000,0,True,False
9,367,0,0,0,0,0,0,0,0,0,0,0,0,0.000000,0,False,False
9,368,0,0,0,0,0,0,0,0,0,0,0,0,0.000000,0,False,False
9,369,63,0,0,0,2,0,0,0,0,0,0,0,0.000000,2,True,False
9,370,2,0,0,0,0,0,0,0,0,0,0,0,0.000000,1,True,False
9,371,90,0,0,0,2,0,0,0,0,0,0,3,0.000000,5,True,False
9,372,180,0,0,0,3,0,0,0,1,0,0,0,0.000000,3,True,False
9,373,87,0,1,0,2,0,0,0,0,0,0,0,0.000000,5,True,False
9,374,0,0,0,0,0,0,0,0,0,0,0,0,0.000000,0,False,False
9,375,0,0,0,0,0,0,0,0,0,0,0,0,0.000000,0,False,False
9,376,83,1,0,0,2,0,0,1,0,0,0,0,0.000000,5,True,False
9,377,6,0,1,0,0,0,0,0,0,0,0,0,0.000000,4,True,False
9,378,90,1,0,0,2,0,0,0,0,0,0,0,0.000000,7,True,False
9,379,0,0,0,0,0,0,0,0,0,0,0,0,0.000000,0,False,False
9,380,45,0,0,0,0,0,0,0,0,0,0,0,0.000000,1,True,False
9,381,0,0,0,0,0,0,0,0,0,0,0,0,0.000000,0,False,False
9,382,26,1,0,0,0,0,0,0,0,0,0,0,0.000000,5,True,False
9,383,90,0,0,0,2,0,0,0,0,0,8,0,0.000000,3,True,False
9,384,64,0,0,0,1,0,0,0,0,0,0,0,0.000000,2,True,False
9,385,90,0,0,0,2,0,0,0,0,0,0,0,0.000000,1,True,False
9,386,90,0,0,0,2,0,0,0,0,0,0,0,0.000000,1,True,False
9,387,0,0,0,0,0,0,0,0,0,0,0,0,0.000000,0,False,False
9,388,63,0,0,0,2,0,0,0,0,0,0,0,0.000000,2,True,False
9,389,0,0,0,0,0,0,0,0,0,0,0,0,0.000000,0,False,False
9,390,0,0,0,0,0,0,0,0,0,0,0,0,0.000000,0,False,False
9,391,0,0,0,0,0,0,0,0,0,0,0,0,0.000000,0,False,False
9,392,180,0,0,0,3,0,0,0,1,0,7,0,0.000000,3,True,False
9,393,0,0,0,0,0,0,0,0,0,0,0,0,0.000000,0,False,False
9,394,0,0,0,0,0,0,0,0,0,0,0,0,0.000000,0,False,False
9,395,180,0,0,0,3,0,0,0,0,0,0,0,0.000000,3,True,False
9,396,180,0,0,0,3,0,0,0,0,0,0,0,0.000000,3,True,False
9,397,180,0,0,0,3,0,0,0,1,0,0,0,0.000000,2,True,False
9,398,0,0,0,0,0,0,0,0,0,0,0,0,0.000000,0,False,False
9,399,0,0,0,0,0,0,0,0,0,0,0,0,0.000000,0,False,False
9,400,0,0,0,0,0,0,0,0,0,0,0,0,0.000000,0,False,False
9,401,10,0,0,0,0,0,0,0,0,0,0,0,0.000000,1,True,False
9,402,16,1,0,0,0,0,0,0,0,0,0,0,0.000000,6,True,False
9,403,31,0,1,0,1,0,0,0,0,0,0,0,0.000000,5,True,False
9,404,0,0,0,0,0,0,0,0,0,0,0,0,0.000000,0,False,False
9,405,147,1,1,0,2,0,0,0,1,0,0,0,0.000000,11,True,False
9,406,0,0,0,0,0,0,0,0,0,0,0,0,0.000000,0,False,False
9,407,109,0,1,0,2,0,0,0,1,0,0,2,0.000000,6,True,False
9,408,69,0,0,0,1,0,0,0,0,0,0,0,0.000000,3,True,False
9,409,0,0,0,0,0,0,0,0,0,0,0,0,0.000000,0,False,False
9,410,152,1,1,0,3,0,0,0,0,0,0,3,0.000000,15,True,True
9,411,0,0,0,0,0,0,0,0,0,0,0,0,0.000000,0,False,False
9,412,0,0,0,0,0,0,0,0,0,0,0,0,0.000000,0,False,False
9,413,13,0,0,0,0,0,0,0,1,0,0,0,0.000000,1,True,False
9,414,180,1,0,0,3,0,0,0,0,0,0,1,0.000000,9,True,False
9,415,0,0,0,0,0,0,0,0,0,0,0,0,0.000000,0,False,False
9,416,0,0,0,0,0,0,0,0,0,0,0,0,0.000000,0,False,False
9,417,32,1,0,0,0,0,0,0,0,0,0,0,0.000000,6,True,False
9,418,90,0,0,0,1,0,0,0,0,0,0,0,0.000000,2,True,False
9,419,165,1,0,0,3,0,0,0,0,0,0,3,0.000000,11,True,False
9,420,90,1,0,1,0,0,0,0,0,0,0,1,0.000000,9,True,False
9,421,0,0,0,0,0,0,0,0,0,0,0,0,0.000000,0,False,False
9,422,0,0,0,0,0,0,0,0,0,0,0,0,0.000000,0,False,False
9,423,0,0,0,0,0,0,0,0,0,0,0,0,0.000000,0,False,False
9,424,0,0,0,0,0,0,0,0,0,0,0,0,0.000000,0,False,False
9,425,0,0,0,0,0,0,0,0,0,0,0,0,0.000000,0,False,False
9,426,0,0,0,0,0,0,0,0,0,0,0,0,0.000000,0,False,False
9,427,4,0,0,0,1,0,0,0,0,0,0,0,0.000000,1,True,False
9,428,59,0,0,0,4,0,0,0,0,0,0,0,0.000000,2,True,False
9,429,26,0,0,0,0,0,0,0,0,0,0,0,0.000000,1,True,False
9,430,21,0,0,0,1,0,0,0,0,0,0,0,0.000000,1,True,False
9,431,47,0,0,0,1,0,0,0,0,0,0,0,0.000000,1,True,False
9,432,0,0,0,0,0,0,0,0,0,0,0,0,0.000000,0,False,False
9,433,0,0,0,0,0,0,0,0,0,0,0,0,0.000000,0,False,False
9,434,26,0,2,0,0,0,0,0,0,0,0,0,0.000000,8,True,False
9,435,90,0,0,0,2,0,0,0,0,0,0,0,0.000000,2,True,False
9,436,90,0,0,0,1,0,0,0,0,0,0,0,0.000000,2,True,False
9,437,0,0,0,0,0,0,0,0,0,0,0,0,0.000000,0,False,False
9,438,0,0,0,0,0,0,0,0,0,0,0,0,0.000000,0,False,False
9,439,0,0,0,0,0,0,0,0,0,0,0,0,0.000000,0,False,False
9,440,79,0,0,0,2,0,0,0,0,0,0,0,0.000000,2,True,False
9,441,0,0,0,0,0,0,0,0,0,0,0,0,0.000000,0,False,False
